# Blender 5.1.2
# www.blender.org
mtllib arm_Rober_GameRig.mtl
o msh_Rober_Body
v 3.366489 13.317435 1.758116
v 3.392933 13.263438 2.096182
v 3.369040 13.243379 2.221765
v 3.249342 13.188017 2.568373
v 3.058237 13.184206 2.713181
v 2.826618 13.246890 2.763720
v 3.322939 12.639040 2.134044
v 3.279896 12.584353 2.473072
v 3.114167 12.564099 2.601485
v 2.826618 12.598821 2.693643
v 3.375631 13.065791 1.708158
v 3.365207 12.883330 1.680041
v 3.411907 12.814275 2.038912
v 3.401964 13.009839 2.058463
v 3.375631 12.989218 2.187566
v 3.365249 12.784118 2.154807
v 3.134781 12.681594 2.667169
v 3.131386 12.917277 2.700274
v 2.826618 12.928153 2.769272
v 2.826618 12.659945 2.722558
v 3.290477 12.934527 2.529973
v 3.292865 12.729427 2.497214
v 2.937323 13.167848 2.740050
v 2.935865 12.602802 2.668714
v 3.057457 12.877667 2.719401
v 3.061455 12.707825 2.692509
v 3.163848 13.183790 2.634982
v 3.165137 12.569912 2.565094
v 3.197569 12.895181 2.652128
v 3.204077 12.723038 2.624864
v 2.939103 12.932342 2.746513
v 3.129910 12.982104 2.678735
v 2.943692 12.666558 2.703644
v 3.122000 12.641670 2.640251
v 3.236439 12.953042 2.593432
v 3.239448 12.694555 2.552146
v 3.113159 12.686316 2.632210
v 3.109765 12.922000 2.665316
v 3.035835 12.882390 2.684443
v 3.039833 12.712546 2.657551
v 3.175948 12.899902 2.617170
v 3.182456 12.727759 2.589905
v 2.826618 12.793632 2.753668
v 2.940649 12.799603 2.725312
v 3.237944 12.823798 2.572789
v 3.021579 12.792545 2.717984
v 3.231734 12.813550 2.615905
v 3.111462 12.804157 2.648763
v 2.999957 12.797267 2.683025
v 3.210113 12.818272 2.580947
v 3.309191 13.215698 2.395069
v 3.301417 12.611697 2.303558
v 3.333054 12.961873 2.358769
v 3.329057 12.756773 2.326010
v 2.980885 12.556510 2.649002
v 2.826618 12.883575 1.680080
v 2.826618 12.814275 2.038912
v 2.826618 12.639040 2.134044
v 2.826618 12.611697 2.303558
v 2.826618 12.584353 2.473072
v 2.826618 12.569913 2.565094
v 2.826618 12.558575 2.636085
v 2.977617 12.814275 2.038912
v 2.939477 12.569913 2.565094
v 2.960851 12.639040 2.134044
v 2.944016 12.584353 2.473072
v 2.996296 12.883575 1.680080
v 2.935961 12.558575 2.636085
v 2.952434 12.611697 2.303558
v 2.286747 13.317435 1.758116
v 2.260303 13.263438 2.096182
v 2.284196 13.243379 2.221765
v 2.403893 13.188017 2.568373
v 2.594999 13.184206 2.713181
v 2.330297 12.639040 2.134044
v 2.373340 12.584353 2.473072
v 2.539068 12.564099 2.601485
v 2.277605 13.065791 1.708158
v 2.288029 12.883330 1.680041
v 2.241329 12.814275 2.038912
v 2.251272 13.009839 2.058463
v 2.277605 12.989218 2.187566
v 2.287987 12.784118 2.154807
v 2.518456 12.681594 2.667169
v 2.521850 12.917277 2.700274
v 2.362759 12.934527 2.529973
v 2.360371 12.729427 2.497214
v 2.715913 13.167848 2.740050
v 2.717371 12.602802 2.668714
v 2.595779 12.877667 2.719401
v 2.591781 12.707825 2.692509
v 2.489388 13.183790 2.634982
v 2.488099 12.569912 2.565094
v 2.455667 12.895181 2.652128
v 2.449158 12.723038 2.624864
v 2.714133 12.932342 2.746513
v 2.523326 12.982104 2.678735
v 2.709544 12.666558 2.703644
v 2.531236 12.641670 2.640251
v 2.416797 12.953042 2.593432
v 2.413788 12.694555 2.552146
v 2.540077 12.686316 2.632210
v 2.543471 12.922000 2.665316
v 2.617401 12.882390 2.684443
v 2.613403 12.712546 2.657551
v 2.477288 12.899902 2.617170
v 2.470780 12.727759 2.589905
v 2.712587 12.799603 2.725312
v 2.415293 12.823798 2.572789
v 2.631657 12.792545 2.717984
v 2.421502 12.813550 2.615905
v 2.541774 12.804157 2.648763
v 2.653279 12.797267 2.683025
v 2.443123 12.818272 2.580947
v 2.344044 13.215698 2.395069
v 2.351819 12.611697 2.303558
v 2.320182 12.961873 2.358769
v 2.324179 12.756773 2.326010
v 2.672351 12.556510 2.649002
v 2.675619 12.814275 2.038912
v 2.713759 12.569913 2.565094
v 2.692385 12.639040 2.134044
v 2.709219 12.584353 2.473072
v 2.656940 12.883575 1.680080
v 2.717275 12.558575 2.636085
v 2.700802 12.611697 2.303558
v 3.330112 12.726348 1.645780
v 3.310636 12.635624 1.631289
v 3.365191 12.876842 1.670843
v 3.387203 12.677073 1.906775
v 3.411907 12.807881 2.029730
v 3.340451 12.633410 2.120087
v 3.343760 12.598825 1.882457
v 3.262315 12.559076 2.148515
v 3.075577 12.601675 1.882912
v 2.826618 12.602592 1.883058
v 3.088026 12.556062 2.170438
v 3.065686 12.640049 1.631996
v 2.826618 12.634494 1.631109
v 2.587549 12.640049 1.631996
v 2.342600 12.635624 1.631289
v 2.577659 12.601675 1.882912
v 2.309477 12.598825 1.882457
v 2.565210 12.556062 2.170438
v 2.390921 12.559076 2.148515
v 2.826618 12.552165 2.198772
v 2.525015 12.628695 2.139484
v 2.312785 12.633410 2.120087
v 2.826618 12.621391 2.169528
v 2.465843 12.803271 2.048695
v 2.241329 12.807881 2.029730
v 2.826618 12.795863 2.079171
v 2.607247 12.870060 1.700203
v 2.288045 12.876842 1.670843
v 2.826618 12.865165 1.720339
v 3.045989 12.870060 1.700203
v 3.187393 12.803271 2.048695
v 3.128221 12.628695 2.139484
v 2.323124 12.726348 1.645780
v 2.266033 12.677073 1.906775
v 2.742079 12.060759 1.218022
v 2.566233 12.005670 1.329701
v 2.848737 12.077703 1.189067
v 2.729636 12.240870 1.292725
v 2.836294 12.257814 1.263770
v 2.553791 12.185781 1.404404
v 2.717884 12.295238 1.337897
v 2.836294 12.315075 1.297017
v 2.546310 12.231013 1.413987
v 2.666285 12.342619 1.320392
v 2.836294 12.380563 1.268407
v 2.578672 12.350970 1.056038
v 2.492626 12.271138 1.410306
v 2.653825 12.394464 1.364782
v 2.541087 12.353824 0.872049
v 2.836294 12.372693 0.836257
v 2.254832 12.268831 1.048528
v 2.531298 12.392537 0.917132
v 2.836294 12.411406 0.881341
v 2.249191 12.306129 1.091878
v 2.042294 12.135296 1.341469
v 2.480166 12.322983 1.454696
v 2.361919 12.247685 1.545871
v 2.289677 12.076006 1.753754
v 2.374379 12.195842 1.501481
v 2.302137 12.024161 1.709364
v 2.217845 12.123569 1.320537
v 2.047935 12.097997 1.298120
v 2.449288 12.156210 1.500450
v 2.381390 12.000749 1.688619
v 2.448664 12.120613 1.500849
v 2.461106 11.940501 1.426145
v 2.380941 11.965153 1.689097
v 2.393384 11.785041 1.614393
v 2.430178 11.860447 1.806658
v 2.442620 11.680335 1.731954
v 2.509535 11.770023 1.940213
v 2.427101 11.896043 1.807590
v 2.507868 11.805619 1.940441
v 2.352689 11.904026 1.854833
v 2.150453 11.674820 2.008974
v 2.434891 11.802253 2.005339
v 2.058189 11.722370 1.957641
v 2.340229 11.955871 1.899223
v 2.415344 11.858923 2.017995
v 2.045729 11.774215 2.002031
v 1.964104 11.925335 1.683496
v 2.385314 11.845745 2.058579
v 2.440238 11.790121 2.106056
v 1.991227 11.725602 2.098193
v 2.148986 11.583162 2.186019
v 2.003687 11.673758 2.053802
v 2.161446 11.531319 2.141629
v 2.392034 11.349430 2.249786
v 2.586247 11.700102 2.091224
v 2.522565 11.735723 2.060560
v 2.447373 11.492530 2.144906
v 2.510104 11.787566 2.104950
v 2.595542 11.739088 1.995662
v 2.836294 11.669483 2.052597
v 2.597914 11.703492 1.995435
v 2.610356 11.523380 1.920731
v 2.836294 11.633887 2.049548
v 2.848737 11.453775 1.974845
v 3.074675 11.703492 1.995435
v 3.087116 11.523380 1.920731
v 3.163054 11.770023 1.940213
v 3.077047 11.739088 1.995662
v 3.164721 11.805619 1.940441
v 3.150024 11.735723 2.060560
v 3.086342 11.700102 2.091224
v 3.237698 11.802253 2.005339
v 3.225216 11.492530 2.144906
v 3.162484 11.787566 2.104950
v 3.511143 11.531319 2.141629
v 3.280555 11.349430 2.249786
v 3.668901 11.673758 2.053802
v 3.523603 11.583162 2.186019
v 3.232351 11.790121 2.106056
v 3.293015 11.401274 2.294176
v 3.098802 11.751945 2.135614
v 3.681362 11.725602 2.098193
v 3.287275 11.845745 2.058579
v 3.626860 11.774215 2.002031
v 3.257245 11.858923 2.017995
v 3.332360 11.955871 1.899223
v 3.382912 12.076006 1.753754
v 3.319900 11.904026 1.854833
v 3.370452 12.024161 1.709364
v 3.522136 11.674820 2.008974
v 3.614400 11.722370 1.957641
v 3.245488 11.896043 1.807590
v 3.291199 12.000749 1.688619
v 3.242411 11.860447 1.806658
v 3.254853 11.680335 1.731954
v 3.291647 11.965153 1.689097
v 3.304089 11.785041 1.614393
v 3.223925 12.120613 1.500849
v 3.236367 11.940501 1.426145
v 3.118798 12.185781 1.404404
v 3.223300 12.156210 1.500450
v 3.126279 12.231013 1.413987
v 3.298210 12.195842 1.501481
v 3.179963 12.271138 1.410306
v 3.454744 12.123569 1.320537
v 3.624654 12.097997 1.298120
v 3.310670 12.247684 1.545871
v 3.192423 12.322983 1.454696
v 3.630294 12.135296 1.341469
v 3.708485 11.925335 1.683496
v 3.423398 12.306129 1.091878
v 3.417757 12.268831 1.048528
v 3.141290 12.392537 0.917132
v 3.131502 12.353824 0.872049
v 3.018764 12.394464 1.364782
v 3.006304 12.342619 1.320392
v 2.836294 12.432407 1.312797
v 3.093917 12.350970 1.056038
v 2.954704 12.295238 1.337897
v 2.942952 12.240870 1.292725
v 2.955394 12.060759 1.218022
v 3.131239 12.005670 1.329701
v 2.836294 12.387358 0.967700
v 3.164988 12.266898 0.729878
v 3.312073 12.225885 1.155560
v 3.618275 12.130919 0.898773
v 3.870674 12.032082 1.273611
v 3.656104 12.111376 0.476250
v 4.277661 11.883809 1.006770
v 4.201533 11.794884 1.264411
v 4.318719 11.910405 0.627816
v 4.693484 11.678637 1.036208
v 4.690308 11.565721 1.256865
v 4.688836 11.667724 0.775737
v 4.706558 11.538756 1.026798
v 4.911881 11.366537 1.000024
v 4.693357 11.568919 0.791812
v 4.712303 11.490871 1.251480
v 4.915424 11.364921 1.240297
v 4.685992 11.295634 1.604190
v 4.653481 11.354659 1.645302
v 4.875697 11.217891 1.574968
v 4.640118 11.062013 1.814144
v 4.615315 11.120621 1.887930
v 4.802799 11.020091 1.745331
v 4.588000 10.835718 1.879481
v 4.738428 10.797422 1.793989
v 4.570198 10.881007 1.982970
v 4.486958 10.434184 1.765975
v 4.483311 10.435704 1.950412
v 4.631890 10.438827 1.681749
v 4.400888 9.996094 1.445763
v 4.413476 9.917702 1.574806
v 4.550426 10.063196 1.333421
v 4.374063 9.854125 1.079589
v 4.557174 9.977742 1.045916
v 4.412176 9.657693 1.095924
v 4.384970 9.937617 0.656235
v 4.356528 9.863775 0.638928
v 4.573315 10.091784 0.638992
v 4.397888 10.208882 0.286646
v 4.382128 10.176588 0.197945
v 4.593083 10.315827 0.359484
v 4.519662 10.901844 0.228909
v 4.508711 10.931081 0.126082
v 4.697443 10.870349 0.302512
v 4.625640 11.337441 0.451789
v 4.611333 11.446097 0.329475
v 4.861795 11.210051 0.506907
v 4.992248 11.132124 0.513081
v 4.900804 11.376548 0.793361
v 5.058238 11.218250 0.779683
v 5.264462 10.985935 0.853676
v 5.059395 11.243230 0.993751
v 5.311572 11.006520 1.195475
v 5.025393 11.235029 1.210970
v 4.991546 11.137730 1.545299
v 5.160345 11.079139 1.303285
v 5.126228 10.999522 1.527129
v 5.081478 10.912262 1.631185
v 5.261840 10.831515 1.458966
v 5.120435 10.733953 1.618104
v 5.520788 10.534359 1.441324
v 5.481554 10.426111 1.589612
v 5.567977 10.627979 1.190844
v 5.894171 10.184019 1.416625
v 5.830142 10.044927 1.543253
v 5.937978 10.297830 1.183017
v 6.192566 9.835197 1.352625
v 6.236924 9.928212 1.143417
v 6.164079 9.743880 1.488263
v 6.631285 9.380727 1.300859
v 6.581668 9.290023 1.372573
v 6.683672 9.464534 1.137097
v 7.021616 8.955235 1.344854
v 6.907938 8.901481 1.428535
v 7.133087 9.000221 1.153763
v 7.215174 8.839535 1.336125
v 7.235267 8.738467 1.279441
v 7.043117 8.747205 1.441387
v 7.285986 8.921858 1.158300
v 7.287654 8.822273 1.128974
v 7.295895 8.914420 0.917523
v 7.291424 8.829718 0.957663
v 7.142118 9.004848 0.936199
v 7.231425 8.862392 0.758249
v 7.260979 8.769605 0.814650
v 7.069179 8.967480 0.754574
v 6.949962 8.733942 0.651053
v 6.805842 8.964518 0.649538
v 7.087275 8.640331 0.731944
v 6.740040 8.730928 0.678862
v 6.971478 8.536090 0.751176
v 6.617375 8.944772 0.673962
v 6.437843 8.852092 0.789138
v 6.270669 9.031543 0.826315
v 6.892566 8.424806 0.849563
v 6.335286 8.769877 1.045739
v 6.214193 8.958257 1.034399
v 6.816585 8.372350 1.049822
v 6.503489 8.801787 1.222807
v 6.608745 8.638558 1.200197
v 6.917683 8.443075 1.174506
v 6.840271 8.668845 1.403114
v 7.068410 8.538714 1.336072
v 6.703245 8.876657 1.416047
v 6.450638 9.168149 1.361297
v 6.290784 9.048535 1.200354
v 6.131440 9.428590 1.510324
v 6.022969 9.559022 1.473083
v 5.919157 9.249404 1.253739
v 5.901885 9.409780 1.252328
v 5.859460 9.226926 1.065632
v 5.829585 9.369309 1.020110
v 5.903440 9.316772 0.716981
v 5.874639 9.469735 0.754926
v 5.943229 9.594352 0.618130
v 5.598958 9.803528 0.671793
v 6.145552 9.620224 0.595182
v 5.929214 9.697088 0.596140
v 6.367497 9.178350 0.725916
v 6.483293 9.282592 0.704984
v 6.656997 9.411864 0.794999
v 6.687442 9.471977 0.950649
v 6.303727 9.776982 0.713657
v 6.239950 9.936370 0.905227
v 6.192064 9.894609 0.703749
v 5.885334 10.196387 0.688187
v 6.045023 9.720435 0.587904
v 6.166248 9.975799 0.824479
v 5.931660 10.291447 0.908078
v 5.685430 10.449741 0.786915
v 5.939727 10.302624 1.027503
v 5.587308 10.664321 0.840906
v 5.442164 10.535489 0.622254
v 5.333629 10.307470 0.519084
v 5.563394 10.430805 0.639392
v 5.170889 10.892528 0.573131
v 5.104117 10.544554 0.470703
v 4.841230 10.855969 0.326451
v 5.030133 10.287232 0.514135
v 4.932046 10.168643 0.671541
v 5.330068 10.094460 0.512733
v 4.760209 10.404131 0.395234
v 4.764828 10.198339 0.606714
v 4.753488 10.036517 1.016543
v 4.726826 10.112676 1.326208
v 4.901016 10.017533 1.028887
v 5.290133 9.803059 1.020743
v 4.921090 10.099036 1.307656
v 5.017208 10.403475 1.615643
v 5.303803 9.875541 1.293149
v 5.410909 10.134115 1.551428
v 5.587780 9.686150 1.269477
v 5.535731 9.629607 1.035996
v 5.730037 9.899976 1.528957
v 5.571983 9.739664 0.742002
v 5.301709 9.930949 0.669967
v 4.809018 10.454523 1.697106
v 4.892121 10.801573 1.763735
v 4.931778 10.987471 1.683381
v 5.434538 10.119850 0.531370
v 5.431656 10.233074 0.508352
v 5.637785 9.864064 0.587426
v 5.704628 9.982983 0.567861
v 7.315520 8.261270 1.387362
v 7.185648 8.647762 1.345332
v 7.464094 8.314434 1.407612
v 7.606000 8.405701 1.295732
v 7.576827 8.125573 1.365323
v 7.593396 8.125465 1.413407
v 7.678936 8.189182 1.293556
v 7.483728 8.057587 1.356685
v 7.477240 8.035190 1.403128
v 7.316488 7.964992 1.209825
v 7.122041 8.113761 1.245612
v 7.307032 7.933341 1.251476
v 7.204275 7.939470 1.059435
v 6.970034 8.138680 1.065367
v 7.182794 7.896146 1.067873
v 7.279867 7.979653 0.837361
v 7.087458 8.170612 0.800146
v 7.356389 8.036327 0.732585
v 7.266872 7.945394 0.802103
v 7.426584 7.785512 0.790007
v 7.353374 8.015539 0.685595
v 7.564315 7.912508 0.666742
v 7.499698 8.152913 0.662453
v 7.653981 7.992055 0.641667
v 7.691873 8.280220 0.763125
v 7.486544 8.158806 0.712104
v 7.353348 8.366365 0.671091
v 7.660130 8.267209 0.800181
v 7.552286 8.440181 0.735540
v 7.758789 8.279326 0.946414
v 7.677720 8.446969 0.915389
v 7.754654 8.270695 1.128850
v 7.802799 8.302913 0.937565
v 7.971073 8.155656 0.930679
v 7.797513 8.293190 1.144540
v 7.965320 8.145170 1.152516
v 7.712790 8.204026 1.328700
v 7.875346 8.048338 1.347713
v 7.862012 8.020937 1.315285
v 7.752119 7.962657 1.435212
v 7.755301 7.948455 1.392967
v 7.631729 7.868240 1.424078
v 7.652472 7.871010 1.383600
v 7.469441 7.775588 1.260918
v 7.486053 7.808218 1.222132
v 7.336887 7.731438 1.068962
v 7.397035 7.749100 1.056852
v 7.453401 7.799957 0.820507
v 7.268312 7.918197 1.054803
v 7.345675 7.969575 1.198446
v 7.317298 7.962395 0.849398
v 7.330401 8.120673 1.062626
v 7.321929 8.101886 1.140806
v 7.309213 8.103086 0.943814
v 7.506201 8.162366 1.059926
v 7.633231 8.182240 0.926311
v 7.510454 8.167829 0.867621
v 7.592304 8.170795 1.223120
v 7.554973 8.115509 1.256725
v 7.648816 8.224471 1.116491
v 7.513927 8.111239 1.251878
v 7.654132 8.225884 1.003141
v 7.403749 8.121084 0.880882
v 7.380452 8.012363 0.750664
v 7.503102 8.127778 0.731364
v 7.580783 7.917359 0.706901
v 7.655526 7.980759 0.684694
v 7.845624 8.102028 0.780194
v 7.947098 8.120022 0.939263
v 7.857794 8.128269 0.747369
v 7.665389 8.227380 0.814363
v 7.696855 8.293070 0.957880
v 7.692959 8.284935 1.129796
v 7.638347 8.193117 1.280793
v 7.942615 8.110662 1.137074
v 7.586891 8.093911 1.346917
v 7.500449 8.032396 1.338777
v 7.677336 8.482304 1.144059
v 7.178816 8.252337 0.685134
v 4.160916 11.511435 0.244152
v 3.694321 11.735889 0.077553
v 4.164334 10.997596 0.012501
v 3.670235 11.066954 -0.181845
v 4.121052 9.935620 0.091817
v 3.602186 10.009556 -0.114038
v 4.060533 9.431744 0.035935
v 4.209536 9.478767 0.584567
v 4.184791 9.209208 0.556641
v 4.190878 9.477023 1.145864
v 4.172199 9.033696 1.139076
v 4.089813 9.737585 1.735293
v 3.673581 9.716747 1.923178
v 3.952167 9.065136 1.673629
v 4.113854 10.542308 1.896369
v 4.055830 10.317574 1.937650
v 3.642625 10.297607 2.038058
v 4.134243 10.293478 2.005223
v 3.692039 10.287111 2.124678
v 3.628962 10.551094 2.026966
v 3.272389 10.322320 2.178028
v 3.233403 10.337749 2.109838
v 3.184338 10.542932 2.158293
v 3.182353 9.810863 1.997435
v 2.836294 10.508350 2.183439
v 3.248780 11.176750 2.135232
v 3.595420 11.239842 2.106314
v 2.836294 11.041700 2.203526
v 2.836294 11.074521 2.197625
v 2.423809 11.176750 2.135232
v 2.505701 10.558794 2.106811
v 2.115229 11.220764 2.057439
v 2.043627 10.551094 2.026966
v 1.944277 11.469231 1.988561
v 2.307027 11.543494 2.096428
v 1.571630 11.031585 1.986977
v 1.558734 10.542307 1.896369
v 1.598026 11.298147 1.969995
v 1.102391 10.881007 1.982970
v 1.057274 11.120621 1.887930
v 1.180575 10.422640 1.889380
v 1.084589 10.835718 1.879481
v 1.028391 10.793636 1.825020
v 1.185631 10.434184 1.765975
v 1.032471 11.062013 1.814144
v 0.948252 11.016033 1.784023
v 0.986597 11.295634 1.604190
v 1.019108 11.354660 1.645302
v 0.863782 11.241923 1.593046
v 0.960286 11.490871 1.251480
v 0.982281 11.565721 1.256865
v 0.818107 11.417662 1.251255
v 0.966030 11.538756 1.026798
v 0.972844 11.635274 1.040985
v 0.838929 11.438737 1.001903
v 0.979231 11.568919 0.791812
v 0.983752 11.667724 0.775737
v 0.855998 11.467484 0.794872
v 1.046949 11.337441 0.451789
v 1.051092 11.392641 0.365077
v 0.883335 11.256327 0.491974
v 1.152926 10.901844 0.228909
v 1.163878 10.931081 0.126082
v 1.063885 10.878946 0.273941
v 1.274701 10.208882 0.286646
v 1.290461 10.176588 0.197945
v 1.192077 10.260074 0.325843
v 1.287619 9.937617 0.656235
v 1.316060 9.863775 0.638928
v 1.229388 10.021552 0.647145
v 1.298526 9.854125 1.079589
v 1.251733 9.930598 1.060969
v 1.339423 9.717938 1.097708
v 1.271701 9.996094 1.445763
v 1.259113 9.917702 1.574806
v 1.246528 10.023321 1.342709
v 0.925572 10.136401 1.316530
v 1.156704 10.423065 1.686316
v 0.863441 10.468981 1.673444
v 0.800694 10.806605 1.737561
v 0.688293 10.407136 1.615643
v 0.614027 10.721519 1.609908
v 0.780618 10.101527 1.307656
v 0.291273 10.142692 1.551428
v 0.224264 10.435542 1.589612
v 0.395156 9.882805 1.293149
v -0.030741 9.912539 1.528957
v -0.129037 10.058722 1.543253
v 0.108847 9.696959 1.269477
v -0.327889 9.575253 1.473083
v -0.208670 9.424515 1.252328
v -0.466691 9.761848 1.488263
v -0.433223 9.464330 1.499711
v -0.760384 9.189723 1.361297
v -0.248208 9.263547 1.238046
v -0.602029 9.068134 1.200354
v -0.189262 9.229160 1.024087
v -0.136879 9.383150 1.020110
v -0.526567 8.976910 1.034399
v -0.203655 9.345572 0.767934
v -0.180680 9.484127 0.754926
v -0.582127 9.050891 0.826315
v -0.247715 9.609588 0.618130
v 0.099129 9.814467 0.671792
v -0.449702 9.637973 0.595182
v -0.232425 9.712142 0.596140
v -0.677123 9.198893 0.725916
v -0.791614 9.304565 0.704984
v -0.929886 8.968437 0.673962
v -1.118092 8.990526 0.649538
v -0.751519 8.873532 0.789138
v -1.055199 8.756137 0.678862
v -1.289041 8.564191 0.751176
v -1.265067 8.761760 0.651053
v -1.403533 8.669863 0.731944
v -1.544912 8.893700 0.758249
v -1.575616 8.801286 0.814650
v -1.381372 8.996761 0.754574
v -1.608730 8.946524 0.917523
v -1.605311 8.861773 0.957663
v -1.453841 9.035035 0.936199
v -1.598729 8.953838 1.158300
v -1.444868 9.030293 1.153763
v -1.601635 8.854281 1.128974
v -1.528945 8.870642 1.336125
v -1.550293 8.769832 1.279441
v -1.333965 8.983927 1.344854
v -1.358050 8.776179 1.441387
v -1.220964 8.928761 1.428535
v -1.501807 8.678516 1.345332
v -1.156195 8.695305 1.403114
v -1.385933 8.568021 1.336072
v -1.016596 8.901397 1.416047
v -0.925062 8.662140 1.200197
v -0.817786 8.824050 1.222807
v -1.236407 8.470513 1.174506
v -0.649993 8.790051 1.045739
v -1.136195 8.398537 1.049822
v -1.292538 8.166792 1.065367
v -1.211519 8.451934 0.849563
v -1.409556 8.200181 0.800146
v -1.499891 8.283037 0.685134
v -1.604324 8.011631 0.837361
v -1.680136 8.069252 0.732585
v -1.529237 7.970511 1.059435
v -1.591756 7.977212 0.802103
v -1.753444 7.819328 0.790007
v -1.677378 8.048427 0.685595
v -1.508296 7.926923 1.067873
v -1.664426 7.764143 1.068962
v -1.632062 7.965659 1.251476
v -1.641124 7.997426 1.209825
v -1.796421 7.809937 1.260918
v -1.800991 8.069617 1.403128
v -1.807200 8.092093 1.356685
v -1.957544 7.904600 1.424078
v -1.916016 8.161329 1.413407
v -1.899447 8.161231 1.365323
v -2.076751 8.000507 1.435212
v -2.034425 8.241369 1.328700
v -2.000757 8.226104 1.293556
v -2.198903 8.087712 1.347713
v -2.118032 8.331578 1.144540
v -2.075458 8.308552 1.128850
v -2.287666 8.185657 1.152516
v -2.123198 8.341366 0.937565
v -2.293289 8.196212 0.930679
v -2.012561 8.317296 0.763125
v -2.079484 8.317234 0.946414
v -1.996337 8.483855 0.915389
v -1.980983 8.303889 0.800181
v -1.870997 8.475509 0.735540
v -1.808758 8.193338 0.712104
v -1.672991 8.399226 0.671091
v -1.821983 8.187609 0.662453
v -1.978254 8.028683 0.641667
v -2.180359 8.167419 0.747369
v -1.889584 7.948027 0.666742
v -1.979939 8.017407 0.684694
v -2.168516 8.141028 0.780194
v -1.905991 7.953083 0.706901
v -1.825700 8.162519 0.731364
v -1.986737 8.264131 0.814362
v -1.704495 8.045588 0.750664
v -1.832555 8.202658 0.867621
v -1.955143 8.218595 0.926311
v -1.726438 8.154590 0.880882
v -1.828369 8.197143 1.059926
v -1.914361 8.206642 1.223120
v -1.877719 8.150896 1.256725
v -1.970201 8.261016 1.116491
v -1.836731 8.146116 1.251878
v -1.975499 8.262495 1.003141
v -1.632133 8.135418 0.943814
v -1.644863 8.134376 1.140806
v -1.653101 8.153267 1.062626
v -1.593533 7.950036 1.054803
v -1.670253 8.002372 1.198446
v -1.641967 7.994839 0.849398
v -1.724349 7.782551 1.056852
v -1.812624 7.842772 1.222132
v -1.780078 7.834104 0.820507
v -1.978252 7.907628 1.383600
v -2.080109 7.986345 1.392967
v -1.824233 8.067112 1.338776
v -1.909904 8.129696 1.346917
v -1.960123 8.229533 1.280793
v -2.013589 8.322024 1.129796
v -2.185910 8.060147 1.315285
v -2.265391 8.150868 1.137074
v -2.269758 8.160281 0.939263
v -2.017385 8.330206 0.957880
v -1.995514 8.519181 1.144059
v -1.925137 8.441698 1.295732
v -1.784374 8.348677 1.407612
v -1.636473 8.293667 1.387362
v -1.444843 8.143766 1.245612
v -0.889889 9.313219 1.372573
v -0.938374 9.404532 1.300859
v -0.989716 9.488984 1.137097
v -0.494040 9.853515 1.352625
v -0.191331 10.198598 1.416625
v -0.537238 9.947073 1.143417
v -0.233720 10.312945 1.183017
v -0.540162 9.955268 0.905227
v -0.235409 10.317762 1.027503
v -0.605915 9.796685 0.713657
v -0.465975 9.993775 0.824479
v -0.993393 9.496473 0.950649
v -0.963698 9.435987 0.794999
v -0.227481 10.306484 0.908078
v -0.492799 9.912916 0.703749
v -0.182342 10.210856 0.688187
v -0.347935 9.736926 0.587904
v -0.004302 9.995222 0.567861
v 0.061057 9.875482 0.587426
v 0.271757 10.241899 0.508351
v 0.142488 10.441254 0.639392
v 0.267468 10.128721 0.531370
v 0.370702 10.315072 0.519084
v 0.265010 10.544422 0.622254
v 0.371615 10.102034 0.512733
v 0.603143 10.549285 0.470703
v 0.540702 10.898063 0.573131
v 0.852283 10.856372 0.354469
v 0.673923 10.291062 0.514135
v 0.770528 10.171264 0.671541
v 0.907864 10.418144 0.420659
v 0.893276 10.220599 0.624165
v 0.896192 10.064525 1.018541
v 0.799678 10.019779 1.028887
v 0.407924 9.810158 1.020743
v 0.397939 9.938184 0.669967
v 0.160189 9.639774 1.035996
v 0.125308 9.750272 0.742002
v 0.720770 11.129213 0.534062
v 0.661600 11.215236 0.790612
v 0.476812 10.967454 0.865135
v 0.661720 11.239301 0.996608
v 0.454806 10.971270 1.198739
v 0.690015 11.272720 1.220371
v 0.717744 11.177543 1.542094
v 0.583235 11.077635 1.291093
v 0.616360 10.997602 1.514936
v 0.660022 10.909793 1.618992
v 0.473845 10.820830 1.450771
v 0.186378 10.544269 1.441324
v 0.140357 10.638470 1.190844
v 0.154833 10.655469 0.856011
v 0.054051 10.442124 0.802020
v 0.767773 11.030190 1.674971
v 1.645624 9.793825 1.705019
v 2.040987 9.774031 1.883484
v 1.481711 9.477023 1.145864
v 1.776369 9.155090 1.646447
v 1.616759 10.317573 1.937649
v 2.029964 10.297607 2.038058
v 1.603422 10.321847 2.014885
v 2.023455 10.315800 2.128351
v 2.422064 10.349242 2.179026
v 2.439185 10.337749 2.109838
v 2.490236 9.810863 1.997435
v 2.836294 9.756557 2.080821
v 2.505320 9.160362 1.947614
v 2.836294 9.138591 2.037036
v 2.092959 9.155206 1.820955
v 2.564927 8.851431 2.042386
v 2.540483 8.708072 1.939613
v 2.836294 8.839263 2.108382
v 2.028508 8.854803 1.888178
v 2.099372 8.740149 1.773926
v 1.722147 8.960796 1.662938
v 1.771074 8.830303 1.608306
v 1.567368 9.125227 1.138696
v 1.487798 9.209208 0.556641
v 1.533779 8.848671 1.151385
v 1.456810 8.967386 0.509290
v 1.400194 8.748439 1.164392
v 1.456479 8.629707 1.148793
v 1.363960 8.880611 0.478166
v 1.630075 8.705164 1.589071
v 1.674115 8.554269 1.528968
v 2.012561 8.456041 1.780134
v 1.752897 8.399262 1.409141
v 1.699889 8.140996 1.429315
v 1.594787 8.469789 1.100830
v 2.077132 8.340101 1.559711
v 2.095777 8.032816 1.592421
v 2.474576 8.366621 1.682104
v 2.530744 8.073467 1.692431
v 2.481906 8.468130 1.960347
v 2.836294 8.378201 1.698934
v 2.836294 8.495047 2.007104
v 2.836294 8.093738 1.720961
v 3.198013 8.366621 1.682104
v 3.141845 8.073467 1.692431
v 3.190683 8.468129 1.960347
v 3.595457 8.340100 1.559711
v 3.660028 8.456040 1.780134
v 3.576812 8.032815 1.592421
v 3.919692 8.399261 1.409141
v 3.972700 8.140994 1.429315
v 3.998474 8.554268 1.528968
v 4.077802 8.469788 1.100830
v 4.121054 8.215107 1.105324
v 4.216110 8.629706 1.148793
v 4.172478 8.579939 0.554259
v 4.297367 8.757418 0.491005
v 4.200405 8.315729 0.539425
v 3.990756 8.694103 0.191631
v 4.079861 8.808289 0.086831
v 4.046433 8.365559 0.156143
v 3.549655 8.744035 -0.081285
v 3.669067 8.316955 -0.098912
v 3.577106 8.867786 -0.235912
v 3.108010 8.737053 -0.228395
v 3.068996 8.376351 -0.246876
v 3.103142 8.959388 -0.418081
v 2.836294 8.754302 -0.275898
v 2.836294 8.396193 -0.288852
v 2.836294 8.981612 -0.431729
v 2.564578 8.737053 -0.228395
v 2.603593 8.376351 -0.246876
v 2.569447 8.959388 -0.418081
v 2.122934 8.744036 -0.081285
v 2.003522 8.316956 -0.098912
v 2.095482 8.867786 -0.235912
v 1.681833 8.694104 0.191631
v 1.592728 8.808289 0.086831
v 1.626155 8.365560 0.156143
v 1.500111 8.579940 0.554259
v 1.375222 8.757419 0.491005
v 1.472184 8.315730 0.539425
v 1.551535 8.215108 1.105324
v 1.404613 7.938855 0.635886
v 1.560828 7.969249 0.204773
v 1.456046 7.857049 1.135371
v 1.351613 7.577168 0.654608
v 1.313712 7.565252 0.759147
v 1.262664 7.629796 0.824075
v 1.312613 7.547106 1.221588
v 1.471957 7.486443 1.513880
v 1.363513 7.475511 1.142890
v 1.348360 7.138038 1.104347
v 1.518146 7.427139 1.428935
v 1.505965 7.075004 1.462373
v 1.698138 7.374974 1.566481
v 1.848989 7.707133 1.560655
v 1.769031 7.356792 1.584361
v 1.702326 6.973788 1.606520
v 1.623682 7.442254 1.618478
v 2.001059 6.863719 1.572475
v 1.664401 6.586931 1.554087
v 1.626477 6.200075 1.501654
v 1.456505 6.681062 1.410162
v 1.942099 6.514033 1.523028
v 1.883139 6.164348 1.473581
v 2.283475 6.448388 1.379415
v 2.337646 6.778708 1.441188
v 2.229304 6.118066 1.317641
v 2.445207 6.366944 1.112007
v 2.385092 6.036661 1.124603
v 2.505322 6.697226 1.099411
v 2.500957 6.384894 0.674753
v 2.453800 6.032221 0.693652
v 2.548114 6.737566 0.655854
v 2.338218 6.562017 0.249510
v 2.281304 6.241382 0.313345
v 2.395133 6.882652 0.185676
v 2.020800 6.679028 0.225874
v 2.079921 7.039029 0.173768
v 1.961680 6.319026 0.277981
v 1.759865 6.755349 0.237988
v 1.701293 6.365388 0.283524
v 1.818436 7.145311 0.192452
v 1.469564 6.780358 0.397401
v 1.530966 7.183210 0.352243
v 1.408162 6.377507 0.442560
v 1.278355 6.809774 0.681678
v 1.321238 7.237172 0.663850
v 1.235471 6.382377 0.699505
v 1.309567 6.723977 1.083538
v 1.270774 6.309916 1.062730
v 1.407045 6.287118 1.357952
v 1.278263 5.550807 1.043059
v 1.176933 5.109517 1.029268
v 1.236827 5.572115 0.716790
v 1.388205 5.542512 1.308592
v 1.347237 5.043661 1.289611
v 1.211578 5.119449 1.188284
v 1.589623 5.641649 1.452086
v 1.485950 5.354175 1.381797
v 1.325515 5.053392 1.237399
v 1.292631 5.041934 1.042696
v 1.390843 4.517207 1.273193
v 1.618017 4.419951 1.416536
v 1.309519 4.575929 1.028950
v 1.497180 4.675700 1.357581
v 1.296931 3.660294 1.341704
v 1.391561 3.549131 1.322148
v 1.191268 3.704985 1.071901
v 1.576680 3.735801 1.555082
v 1.623302 3.462119 1.486432
v 1.846065 3.985157 1.472587
v 1.867206 3.457676 1.460345
v 1.835169 4.415996 1.393311
v 2.220213 4.406524 1.258741
v 2.255480 4.981530 1.274574
v 2.099738 3.518035 1.305914
v 2.290064 4.445167 1.110864
v 2.073039 4.598227 1.340950
v 2.114033 4.949567 1.353070
v 1.820398 4.571592 1.404278
v 1.831301 4.983558 1.408859
v 1.622442 4.575052 1.430075
v 1.605371 4.987675 1.433024
v 1.422632 5.020224 1.369694
v 1.601950 5.456306 1.438314
v 1.821652 5.438668 1.415864
v 2.062728 5.292062 1.365595
v 1.862971 5.651626 1.426836
v 2.199266 5.452388 1.292880
v 2.361855 5.430406 1.112388
v 2.363525 4.863738 1.034598
v 2.391991 5.474973 0.711518
v 2.340384 4.909696 0.718389
v 2.182582 5.573550 0.369031
v 2.163150 5.084625 0.390445
v 1.896200 5.621731 0.323683
v 1.883184 5.129048 0.339574
v 1.657646 5.606130 0.328915
v 1.653443 5.147509 0.345268
v 1.391894 5.588414 0.483426
v 1.577191 5.125333 0.363447
v 1.493168 5.176541 0.302265
v 1.327619 5.141459 0.459887
v 1.395561 5.072021 0.508356
v 1.155566 5.123619 0.715242
v 1.258397 5.059156 0.727463
v 1.274292 4.631558 0.728446
v 1.165509 3.736991 0.650536
v 1.417049 4.645967 0.515870
v 1.324684 3.808502 0.417280
v 1.657857 4.671208 0.367568
v 1.879213 4.652446 0.359578
v 1.649491 3.945232 0.238984
v 1.663851 3.696823 0.306155
v 1.882655 4.201551 0.329777
v 1.886595 3.685624 0.295679
v 2.151565 4.608206 0.408967
v 2.096226 3.674302 0.351448
v 2.305606 4.511533 0.724332
v 2.278083 3.609601 0.705763
v 2.208330 3.555887 1.139405
v 2.288821 3.453715 0.702026
v 2.336003 2.768798 0.685604
v 2.266432 3.309230 1.200248
v 2.242412 2.786718 1.110191
v 2.169719 3.212544 1.364908
v 2.150729 2.803766 1.279590
v 1.842958 3.172967 1.569275
v 1.826113 2.828835 1.492012
v 1.555494 3.194751 1.593329
v 1.568392 2.852096 1.521640
v 1.280452 3.273638 1.367599
v 1.333720 2.919319 1.346548
v 1.174599 3.311844 1.047914
v 1.281322 3.585696 1.047814
v 1.207157 2.934133 1.057173
v 1.210825 3.396202 0.706745
v 1.241755 3.648180 0.710287
v 1.161885 2.997516 0.701141
v 1.385344 3.516462 0.466386
v 1.402100 3.664363 0.471521
v 1.329545 3.023941 0.449284
v 1.370626 2.041362 0.490223
v 1.602987 3.073730 0.275512
v 1.635029 2.046364 0.346267
v 1.837780 3.074794 0.263638
v 1.793423 2.783732 0.202229
v 1.856356 2.054938 0.330629
v 2.243026 2.667413 0.262507
v 2.055887 2.084436 0.348937
v 2.166967 2.904251 0.348054
v 2.399378 2.549596 0.666629
v 2.245673 2.159119 0.696241
v 2.337660 2.579450 1.100355
v 2.179119 2.254737 1.110570
v 2.233130 2.622311 1.278752
v 2.052087 2.288668 1.283175
v 1.830047 2.697113 1.483559
v 1.842832 2.269140 1.456095
v 1.601162 2.256188 1.488033
v 1.888361 1.765400 1.535958
v 1.925231 1.260332 1.570836
v 1.430530 1.627035 1.525542
v 2.136356 1.806398 1.346312
v 2.195046 1.320006 1.377403
v 2.274246 1.789762 1.160112
v 2.338001 1.275353 1.065964
v 2.355907 1.746277 0.681479
v 2.425584 1.333412 0.680030
v 2.136101 1.729566 0.286274
v 2.190753 1.375813 0.263888
v 1.897513 1.717225 0.226354
v 1.938374 1.381472 0.196979
v 1.633793 1.718137 0.205985
v 1.671419 1.391809 0.213908
v 1.298027 1.685557 0.298571
v 1.359080 1.359908 0.402063
v 0.990310 1.587546 0.654203
v 1.213871 2.086998 0.725813
v 1.169474 1.355645 0.679150
v 1.041466 1.592030 1.032829
v 1.259929 2.142416 1.061991
v 1.222239 1.308890 1.074392
v 1.190540 1.650491 1.329600
v 1.381082 1.324610 1.392473
v 1.389063 2.239630 1.317205
v 1.400739 1.052716 1.288299
v 1.632588 1.262740 1.600162
v 1.610764 0.979409 1.460717
v 1.851071 1.014765 1.444189
v 1.460463 0.820279 1.689663
v 1.768930 0.814662 1.656671
v 1.202487 0.912279 1.435075
v 1.547888 0.598240 1.443685
v 1.762816 0.594326 1.420698
v 1.368140 0.662342 1.266298
v 1.565015 0.609998 1.370911
v 1.752227 0.606590 1.350888
v 1.408447 0.665834 1.216399
v 1.585170 0.864988 1.285272
v 1.739767 0.862172 1.268737
v 1.455880 0.911095 1.157679
v 1.680704 0.930572 0.879353
v 1.905856 0.906916 1.147390
v 1.890043 0.971020 0.542412
v 2.025134 0.934578 0.767689
v 1.450079 0.964721 0.618520
v 1.617742 0.989023 0.522328
v 1.348447 0.954462 0.769858
v 2.019361 0.913930 0.983607
v 1.757442 0.979098 0.504953
v 1.373526 0.914857 0.983795
v 1.308719 0.670389 1.005830
v 1.278349 0.718350 0.746757
v 1.253647 0.667572 1.024555
v 1.218781 0.722632 0.727126
v 1.038165 0.919786 1.088122
v 0.988124 0.998809 0.661250
v 1.275176 1.095655 1.017822
v 1.230700 1.218462 0.700785
v 1.388175 1.304925 0.478436
v 1.642915 1.408115 0.341965
v 1.190912 1.019279 0.359282
v 1.525453 1.067769 0.167349
v 1.360076 0.736895 0.516727
v 1.593170 0.770680 0.382995
v 1.401423 0.730772 0.563490
v 1.604458 0.760202 0.447004
v 1.773632 0.748183 0.425964
v 1.934209 0.738401 0.471325
v 1.787390 0.756882 0.358840
v 1.971740 0.745653 0.410918
v 1.804199 1.047965 0.132680
v 2.068780 1.031849 0.207422
v 1.862536 1.430236 0.329624
v 2.069239 1.436526 0.391362
v 2.268469 1.333827 0.731812
v 2.260775 1.232280 1.055889
v 2.338327 0.959134 0.656923
v 2.326809 0.917933 1.087746
v 2.159550 0.694987 0.724111
v 2.151525 0.666282 1.024293
v 2.097800 0.694269 0.744131
v 2.090809 0.669266 1.005602
v 1.953357 0.660773 1.203939
v 1.993723 0.656531 1.251993
v 2.100331 0.903941 1.414545
v 2.077341 1.141037 1.297424
v 1.566924 7.594655 0.304242
v 1.874465 7.539624 0.054238
v 1.617495 7.958403 0.162182
v 1.864448 7.874311 -0.045605
v 1.602711 7.996873 0.056773
v 1.826740 7.933206 -0.130883
v 2.202283 7.830369 -0.198411
v 2.262844 7.779327 -0.109947
v 2.379755 8.194905 -0.219762
v 2.603924 8.127876 -0.285200
v 2.319600 7.770391 -0.124238
v 2.580543 7.539389 -0.097550
v 2.137192 7.425734 0.008027
v 2.492797 7.314560 0.023402
v 2.649888 7.225102 0.638805
v 2.774893 7.404000 0.627458
v 2.651702 7.189665 1.109111
v 2.746232 7.362767 1.133196
v 2.396683 7.272597 1.464040
v 2.496818 7.477723 1.527442
v 2.096847 7.306005 1.606442
v 2.196712 7.574583 1.604041
v 2.252197 7.840334 1.604699
v 2.473730 7.782574 1.596102
v 2.836294 7.791316 1.679479
v 3.198859 7.782574 1.596102
v 2.836294 7.472215 1.540850
v 3.175771 7.477723 1.527442
v 2.836294 7.380376 1.148268
v 2.926357 7.362767 1.133196
v 2.836294 7.438454 0.657722
v 2.897696 7.404000 0.627458
v 2.836294 7.593806 -0.046734
v 3.092046 7.539389 -0.097550
v 2.836294 8.126568 -0.310872
v 3.068665 8.127876 -0.285200
v 3.292834 8.194905 -0.219762
v 3.352989 7.770391 -0.124238
v 3.409745 7.779327 -0.109947
v 3.470305 7.830368 -0.198411
v 3.845849 7.933206 -0.130883
v 4.069879 7.996872 0.056773
v 3.808141 7.874310 -0.045606
v 3.798123 7.539623 0.054238
v 4.055094 7.958403 0.162182
v 4.111761 7.969248 0.204773
v 4.105665 7.594654 0.304242
v 4.141623 7.183209 0.352242
v 4.320976 7.577167 0.654608
v 4.351351 7.237171 0.663850
v 4.267975 7.938854 0.635886
v 4.358877 7.565251 0.759147
v 4.309076 7.475510 1.142889
v 4.409925 7.629795 0.824075
v 4.359976 7.547105 1.221588
v 4.200632 7.486442 1.513880
v 4.216543 7.857048 1.135371
v 4.040227 7.773152 1.468164
v 3.823600 7.707132 1.560655
v 3.475877 7.574582 1.604041
v 3.974450 7.374973 1.566481
v 3.903558 7.356791 1.584361
v 4.048907 7.442253 1.618478
v 3.970263 6.973787 1.606520
v 3.575742 7.306005 1.606442
v 3.671530 6.863718 1.572475
v 3.275906 7.272596 1.464040
v 3.334943 6.778708 1.441188
v 3.020887 7.189664 1.109111
v 3.167267 6.697225 1.099411
v 3.022701 7.225101 0.638805
v 3.124475 6.737565 0.655854
v 3.179791 7.314559 0.023402
v 3.277456 6.882651 0.185676
v 3.535397 7.425733 0.008027
v 3.592668 7.039028 0.173768
v 3.854153 7.145310 0.192452
v 3.651788 6.679027 0.225874
v 3.710909 6.319026 0.277980
v 3.334371 6.562016 0.249510
v 3.912724 6.755348 0.237988
v 3.971295 6.365387 0.283524
v 4.203025 6.780357 0.397401
v 4.264427 6.377506 0.442560
v 4.394234 6.809773 0.681677
v 4.437118 6.382376 0.699505
v 4.363022 6.723976 1.083538
v 4.324229 7.138037 1.104347
v 4.401814 6.309915 1.062730
v 4.216084 6.681061 1.410162
v 4.265544 6.287117 1.357951
v 4.166624 7.075003 1.462373
v 4.008188 6.586930 1.554087
v 4.046112 6.200074 1.501654
v 3.730490 6.514032 1.523028
v 3.789449 6.164347 1.473581
v 3.389114 6.448387 1.379415
v 3.443285 6.118065 1.317641
v 3.227382 6.366943 1.112006
v 3.287497 6.036660 1.124602
v 3.171632 6.384893 0.674753
v 3.218789 6.032220 0.693652
v 3.391285 6.241381 0.313345
v 3.280598 5.474972 0.711518
v 3.332205 4.909696 0.718389
v 3.490007 5.573549 0.369030
v 3.310734 5.430405 1.112388
v 3.309064 4.863738 1.034598
v 3.473323 5.452387 1.292880
v 3.417109 4.981530 1.274574
v 3.809618 5.651625 1.426836
v 3.609861 5.292061 1.365595
v 3.558556 4.949567 1.353070
v 3.850936 5.438667 1.415864
v 3.841287 4.983558 1.408859
v 4.070639 5.456306 1.438314
v 4.067218 4.987675 1.433024
v 4.186639 5.354174 1.381797
v 4.082966 5.641648 1.452086
v 4.284384 5.542511 1.308592
v 4.325352 5.043661 1.289611
v 4.461010 5.119448 1.188284
v 4.394325 5.550807 1.043058
v 4.347074 5.053391 1.237399
v 4.379958 5.041933 1.042696
v 4.281746 4.517207 1.273193
v 4.054572 4.419951 1.416536
v 4.363070 4.575929 1.028950
v 4.175409 4.675700 1.357581
v 4.375658 3.660294 1.341704
v 4.281028 3.549131 1.322148
v 4.481321 3.704985 1.071901
v 4.095908 3.735801 1.555082
v 4.049287 3.462119 1.486432
v 3.826524 3.985157 1.472587
v 3.805383 3.457676 1.460345
v 3.837420 4.415996 1.393311
v 3.452376 4.406524 1.258741
v 3.572851 3.518035 1.305914
v 3.382524 4.445167 1.110864
v 3.599550 4.598227 1.340950
v 3.852191 4.571592 1.404278
v 4.050147 4.575052 1.430075
v 3.464258 3.555887 1.139405
v 3.366983 4.511533 0.724332
v 3.394506 3.609601 0.705763
v 3.521024 4.608206 0.408967
v 3.576363 3.674302 0.351448
v 3.509439 5.084624 0.390445
v 3.793376 4.652446 0.359578
v 3.789933 4.201551 0.329777
v 3.785994 3.685624 0.295679
v 4.023098 3.945232 0.238984
v 4.008738 3.696823 0.306155
v 4.014731 4.671208 0.367568
v 4.347905 3.808502 0.417280
v 4.255540 4.645967 0.515870
v 4.270489 3.664363 0.471521
v 4.507080 3.736991 0.650536
v 4.398296 4.631558 0.728446
v 4.430833 3.648180 0.710287
v 4.391266 3.585696 1.047814
v 4.461764 3.396202 0.706745
v 4.510704 2.997516 0.701141
v 4.497990 3.311844 1.047914
v 4.287245 3.516462 0.466386
v 4.343044 3.023941 0.449284
v 4.301962 2.041362 0.490223
v 4.069602 3.073730 0.275512
v 4.037560 2.046364 0.346267
v 3.834809 3.074794 0.263638
v 3.879166 2.783732 0.202229
v 3.816233 2.054938 0.330629
v 3.429562 2.667413 0.262507
v 3.616702 2.084436 0.348937
v 3.505621 2.904251 0.348054
v 3.273211 2.549596 0.666629
v 3.426916 2.159119 0.696241
v 3.336586 2.768798 0.685604
v 3.334929 2.579450 1.100355
v 3.493470 2.254737 1.110570
v 3.430177 2.786718 1.110191
v 3.439459 2.622311 1.278752
v 3.521860 2.803766 1.279590
v 3.620502 2.288668 1.283175
v 3.842541 2.697113 1.483559
v 3.829757 2.269140 1.456095
v 3.846476 2.828835 1.492012
v 4.104197 2.852096 1.521640
v 4.071426 2.256188 1.488033
v 4.338869 2.919319 1.346548
v 4.117095 3.194751 1.593329
v 3.829631 3.172967 1.569275
v 4.392137 3.273638 1.367599
v 3.502870 3.212544 1.364908
v 3.406156 3.309230 1.200248
v 3.383768 3.453715 0.702026
v 4.283526 2.239630 1.317205
v 4.465432 2.934133 1.057173
v 4.412660 2.142416 1.061991
v 4.458718 2.086998 0.725813
v 4.631123 1.592030 1.032829
v 4.450349 1.308890 1.074392
v 4.482049 1.650491 1.329600
v 4.682279 1.587546 0.654203
v 4.503115 1.355645 0.679150
v 4.374562 1.685557 0.298571
v 4.313509 1.359908 0.402063
v 4.038796 1.718137 0.205985
v 4.001170 1.391809 0.213908
v 3.775076 1.717225 0.226354
v 3.734215 1.381472 0.196979
v 3.536488 1.729566 0.286274
v 3.481835 1.375813 0.263889
v 3.316682 1.746277 0.681479
v 3.247004 1.333412 0.680030
v 3.398343 1.789762 1.160112
v 3.334588 1.275353 1.065964
v 3.536233 1.806398 1.346312
v 3.477543 1.320006 1.377403
v 3.784228 1.765400 1.535958
v 3.747358 1.260332 1.570836
v 4.242059 1.627035 1.525542
v 4.040000 1.262740 1.600162
v 4.061825 0.979409 1.460717
v 4.291507 1.324610 1.392473
v 4.271850 1.052716 1.288299
v 4.397412 1.095655 1.017822
v 4.470102 0.912279 1.435075
v 4.212126 0.820279 1.689663
v 4.634424 0.919786 1.088122
v 4.304449 0.662342 1.266298
v 4.124701 0.598240 1.443685
v 4.418942 0.667572 1.024555
v 4.264142 0.665833 1.216399
v 4.107574 0.609998 1.370911
v 4.363871 0.670389 1.005830
v 4.216709 0.911095 1.157679
v 4.087419 0.864988 1.285272
v 4.299063 0.914857 0.983795
v 3.991885 0.930572 0.879353
v 3.766733 0.906916 1.147390
v 3.782545 0.971020 0.542412
v 3.647455 0.934578 0.767689
v 4.222510 0.964721 0.618520
v 4.054847 0.989023 0.522328
v 3.932822 0.862172 1.268737
v 4.324142 0.954462 0.769858
v 3.653228 0.913930 0.983607
v 3.915146 0.979098 0.504953
v 3.898957 0.748183 0.425964
v 3.738380 0.738401 0.471326
v 4.068130 0.760202 0.447004
v 3.885199 0.756882 0.358840
v 3.700849 0.745653 0.410918
v 4.079419 0.770680 0.382995
v 3.868390 1.047965 0.132681
v 3.603809 1.031849 0.207422
v 4.147136 1.067769 0.167349
v 3.810053 1.430236 0.329624
v 4.029674 1.408115 0.341965
v 3.603349 1.436526 0.391362
v 3.404119 1.333827 0.731812
v 3.411814 1.232280 1.055889
v 3.334262 0.959134 0.656923
v 3.345779 0.917933 1.087746
v 3.513039 0.694987 0.724111
v 3.521064 0.666282 1.024293
v 3.574789 0.694269 0.744131
v 3.581779 0.669266 1.005602
v 3.719232 0.660773 1.203939
v 3.920362 0.606590 1.350888
v 3.678866 0.656531 1.251993
v 3.909773 0.594326 1.420698
v 3.572258 0.903941 1.414545
v 3.903658 0.814661 1.656671
v 3.595248 1.141037 1.297424
v 3.821518 1.014765 1.444189
v 4.284414 1.304925 0.478436
v 4.441889 1.218462 0.700785
v 4.481677 1.019279 0.359282
v 4.684464 0.998809 0.661250
v 4.312513 0.736895 0.516727
v 4.453808 0.722632 0.727126
v 4.271166 0.730772 0.563490
v 4.394240 0.718350 0.746757
v 4.414192 5.059155 0.727462
v 4.277028 5.072020 0.508356
v 4.517023 5.123618 0.715242
v 4.495656 5.109516 1.029268
v 4.344970 5.141458 0.459887
v 4.435761 5.572114 0.716790
v 4.280695 5.588413 0.483426
v 4.014943 5.606129 0.328915
v 4.019146 5.147508 0.345268
v 3.776389 5.621730 0.323683
v 4.095398 5.125332 0.363447
v 4.179421 5.176540 0.302264
v 3.789404 5.129047 0.339574
v 4.249957 5.020224 1.369694
v 4.154443 7.427138 1.428934
v 3.420392 7.840334 1.604699
v 1.632362 7.773153 1.468164
v 1.583067 8.978233 0.021617
v 1.650116 9.163328 0.035191
v 2.119353 9.052963 -0.272509
v 2.176061 9.254480 -0.242072
v 2.659218 9.342584 -0.400658
v 2.613824 9.770931 -0.270751
v 2.836294 9.379175 -0.454497
v 2.836294 9.823569 -0.353886
v 3.013370 9.342584 -0.400658
v 3.058765 9.770931 -0.270751
v 3.496528 9.254480 -0.242072
v 3.553236 9.052963 -0.272509
v 4.089522 8.978233 0.021617
v 4.022472 9.163328 0.035191
v 4.308629 8.880610 0.478166
v 4.215779 8.967385 0.509290
v 4.272394 8.748438 1.164392
v 4.138810 8.848670 1.151385
v 4.042514 8.705163 1.589071
v 3.901515 8.830302 1.608306
v 3.573180 8.761585 1.771230
v 3.147601 8.704049 1.943998
v 3.644080 8.854803 1.888178
v 3.618866 9.065257 1.857347
v 3.107662 8.851431 2.042386
v 3.950441 8.960795 1.662938
v 3.184739 9.070685 1.990692
v 2.836294 8.721449 1.976381
v 3.514855 9.644719 -0.125663
v 3.638708 9.688047 -0.221677
v 3.193562 9.823896 -0.365752
v 3.230644 10.066908 -0.314620
v 2.836294 9.928632 -0.367329
v 2.836294 10.153973 -0.320825
v 2.496939 9.875809 -0.286464
v 2.461716 10.106636 -0.242117
v 2.074112 9.746771 -0.149612
v 2.157734 9.644719 -0.125663
v 2.070403 10.009556 -0.114038
v 1.673436 9.503317 0.090863
v 1.551536 9.935620 0.091817
v 1.574839 10.990662 0.068604
v 1.463053 9.478767 0.584567
v 2.044165 11.056542 -0.115998
v 1.511672 11.511435 0.244152
v 2.021287 11.691940 0.130395
v 1.428195 11.857706 0.653069
v 2.016485 12.111376 0.476250
v 1.467194 11.832443 1.013023
v 1.471056 11.794884 1.264411
v 2.054314 12.130919 0.898773
v 1.853776 11.973281 1.266485
v 2.360516 12.225885 1.155560
v 2.507601 12.266898 0.729878
v 2.507601 12.188747 0.372259
v 2.836294 12.290441 0.637606
v 2.836294 12.278543 0.234477
v 3.164988 12.188747 0.372259
v 2.836294 11.865504 -0.106667
v 3.177282 11.832628 -0.012813
v 2.836294 11.152077 -0.362057
v 2.512403 11.783829 0.044559
v 2.512403 11.100333 -0.208746
v 3.160186 11.100333 -0.208746
v 1.880093 11.792282 1.634162
v 2.128711 11.925819 1.634162
v 1.507629 11.597578 1.636564
v 2.967044 11.166174 2.242991
v 2.976397 11.385237 2.202865
v 2.863197 11.149760 2.232182
v 2.836294 11.377485 2.180550
v 2.705545 11.166174 2.242991
v 2.696192 11.385237 2.202865
v 2.809392 11.149760 2.232182
v 2.693084 11.218019 2.287381
v 2.683732 11.437082 2.247255
v 2.573787 11.751945 2.135614
v 2.379574 11.401274 2.294176
v 2.979504 11.218019 2.287381
v 2.988857 11.437082 2.247255
v 3.728312 11.469231 1.988561
v 3.393498 11.579609 2.147361
v 4.167713 11.040677 2.032133
v 4.074563 11.298147 1.969995
v 4.235092 11.636547 1.663224
v 3.842968 11.841529 1.660695
v 3.581226 11.982115 1.660695
v 3.696024 11.873490 1.639106
v 3.175496 11.589911 1.865510
v 2.521977 11.589911 1.865510
v 1.976564 11.873490 1.639106
v 3.262315 12.552570 2.150084
v 3.343739 12.592348 1.883054
v 3.088026 12.549556 2.172007
v 3.221664 12.454942 2.177696
v 3.170051 12.330591 2.208472
v 3.289106 12.504589 1.832587
v 3.088026 12.451930 2.199619
v 3.088026 12.327597 2.230397
v 2.826618 12.448033 2.227953
v 2.826618 12.545661 2.200341
v 2.826618 12.323700 2.258732
v 2.565210 12.451930 2.199619
v 2.565210 12.549556 2.172007
v 2.565210 12.327597 2.230397
v 2.431572 12.454942 2.177696
v 2.483186 12.330591 2.208472
v 2.390921 12.552570 2.150084
v 2.364130 12.504589 1.832587
v 2.413044 12.385879 1.781983
v 2.309497 12.592348 1.883054
v 2.390451 12.529418 1.658950
v 2.342635 12.629063 1.631873
v 2.445721 12.429279 1.684982
v 2.431604 12.553896 1.544458
v 2.390588 12.646241 1.520311
v 2.483473 12.440900 1.606253
v 2.592436 12.582448 1.427161
v 2.592056 12.675436 1.390833
v 2.592934 12.463964 1.488079
v 2.826618 12.595253 1.386693
v 2.826618 12.476768 1.447611
v 2.826238 12.688241 1.350365
v 3.060800 12.582448 1.427161
v 3.060800 12.675436 1.390833
v 3.060302 12.463964 1.488079
v 3.221632 12.553896 1.544458
v 3.262648 12.646241 1.520311
v 3.169763 12.440900 1.606253
v 3.262785 12.529418 1.658950
v 3.310601 12.629063 1.631873
v 3.207515 12.429279 1.684982
v 3.240192 12.385879 1.781983
v 3.014752 12.436090 1.686183
v 2.826618 12.448642 1.633359
v 3.032316 12.453782 1.603107
v 3.067593 12.390516 1.783000
v 3.015022 12.367820 1.653391
v 3.068083 12.308069 1.741280
v 2.826618 12.387508 1.602564
v 2.993076 12.356887 1.676636
v 2.992578 12.243135 1.619787
v 3.035136 12.305538 1.748522
v 2.826618 12.372682 1.631858
v 2.826618 12.258441 1.574421
v 2.660160 12.356887 1.676636
v 2.660658 12.243135 1.619787
v 2.618100 12.305538 1.748522
v 2.638214 12.367820 1.653391
v 2.638484 12.436090 1.686183
v 2.585153 12.308069 1.741280
v 2.585643 12.390516 1.783000
v 2.589239 12.224822 1.840811
v 2.587950 12.309405 1.884809
v 2.622368 12.228936 1.834372
v 2.656675 12.141898 1.931936
v 2.656486 12.203240 1.962763
v 2.678841 12.153698 1.908903
v 2.826618 12.130131 1.983005
v 2.826618 12.190510 2.013679
v 2.826618 12.144757 1.953935
v 2.996561 12.141898 1.931936
v 2.996750 12.203240 1.962763
v 2.974395 12.153698 1.908903
v 3.063997 12.224822 1.840811
v 3.065285 12.309405 1.884809
v 3.030868 12.228936 1.834372
v 3.030987 12.121634 1.780100
v 2.973736 12.047054 1.856590
v 3.034187 12.196604 1.694144
v 3.056917 12.118177 1.785363
v 3.056480 12.010077 1.733007
v 2.991110 12.037841 1.874730
v 3.060017 12.198375 1.688420
v 3.059328 12.088937 1.635100
v 3.009578 12.251608 1.601357
v 3.008908 12.137934 1.544382
v 2.826618 12.270490 1.550579
v 2.826618 12.156185 1.493131
v 2.643658 12.251608 1.601357
v 2.644329 12.137934 1.544382
v 2.593219 12.198375 1.688420
v 2.619049 12.196604 1.694144
v 2.593908 12.088937 1.635100
v 2.596319 12.118177 1.785363
v 2.596756 12.010077 1.733007
v 2.662126 12.037841 1.874730
v 2.622249 12.121634 1.780100
v 2.679500 12.047054 1.856590
v 2.826618 12.031684 1.896684
v 2.826618 12.019919 1.920613
v 2.826618 11.906833 1.863359
v 2.988728 11.930835 1.823698
v 2.826618 11.918494 1.839415
v 2.664508 11.930835 1.823698
v 2.680128 11.940591 1.804306
v 2.680675 11.834615 1.752100
v 2.622094 12.014544 1.725860
v 2.621841 11.908038 1.671715
v 2.619963 12.087874 1.639798
v 2.620774 11.979760 1.585550
v 2.661129 12.129551 1.562963
v 2.661491 12.016605 1.506243
v 2.826618 12.144161 1.516977
v 2.826618 12.030270 1.459596
v 2.992107 12.129551 1.562963
v 2.991745 12.016605 1.506243
v 3.033273 12.087874 1.639798
v 3.032462 11.979760 1.585550
v 3.031142 12.014544 1.725860
v 3.031395 11.908038 1.671715
v 2.973108 11.940591 1.804306
v 2.972561 11.834615 1.752100
v 2.826618 11.805527 1.782181
v 3.070864 12.256311 2.245771
v 3.054898 12.150680 2.266648
v 2.826618 12.248770 2.273523
v 2.826618 12.146578 2.294949
v 2.582372 12.256311 2.245771
v 2.598338 12.150680 2.266648
v 2.620920 12.453782 1.603107
v 2.826618 12.462517 1.569377
v 3.065667 12.633578 1.632594
v 2.826618 12.628139 1.631726
v 3.075569 12.595277 1.883522
v 2.826618 12.596239 1.883676
v 2.577667 12.595277 1.883522
v 2.587569 12.633578 1.632594
v 2.826618 12.584904 2.691420
v 2.935865 12.588885 2.666491
v 2.826618 12.425437 2.665949
v 2.826618 12.599714 2.598691
v 2.717371 12.588885 2.666491
v 2.610710 12.471893 2.635486
v 2.721866 12.429419 2.641021
v 2.736056 12.603696 2.573762
v 2.629395 12.486705 2.542757
v 2.760448 12.620998 2.465434
v 2.826618 12.621049 2.465122
v 2.653788 12.504007 2.434429
v 2.760448 12.500296 2.446155
v 2.826618 12.501725 2.446064
v 2.736056 12.444230 2.548292
v 2.735819 12.287846 2.533613
v 2.826618 12.442001 2.562243
v 2.629395 12.446148 2.536279
v 2.610710 12.431337 2.629008
v 2.629395 12.291368 2.511557
v 2.629395 12.189754 2.495327
v 2.610710 12.276557 2.604286
v 2.610710 12.174943 2.588056
v 2.724662 12.273034 2.626342
v 2.724662 12.171420 2.610112
v 2.826618 12.270658 2.641227
v 2.826618 12.287221 2.537521
v 2.928574 12.273034 2.626342
v 2.931370 12.429419 2.641021
v 2.928574 12.171420 2.610112
v 2.917417 12.287846 2.533613
v 3.042526 12.276557 2.604286
v 3.042526 12.174943 2.588056
v 3.042526 12.431337 2.629008
v 3.023841 12.291368 2.511557
v 3.023841 12.189754 2.495327
v 3.023841 12.446148 2.536279
v 3.023841 12.486705 2.542757
v 2.917181 12.444230 2.548292
v 2.999448 12.504007 2.434429
v 2.892788 12.620998 2.465434
v 2.892788 12.500296 2.446155
v 2.917181 12.603696 2.573762
v 3.042526 12.471893 2.635486
v 2.917417 12.186232 2.517383
v 2.735819 12.186232 2.517383
v 2.826618 12.171623 2.621488
v 2.826618 12.235443 2.221924
v 2.826618 12.262452 2.635996
v 2.910096 12.171623 2.621488
v 2.826618 12.123699 2.526115
v 2.743140 12.171623 2.621488
v 2.743140 12.235443 2.221924
v 2.743140 12.262452 2.635996
v 2.743140 12.123699 2.526115
v 2.743140 12.173857 2.212087
v 2.826618 12.173857 2.212087
v 2.910096 12.173857 2.212087
v 2.910096 12.123699 2.526115
v 2.910096 12.235443 2.221924
v 2.910096 12.326272 2.236431
v 2.826618 12.326272 2.236431
v 2.910096 12.262452 2.635996
v 2.743140 12.326272 2.236431
v 2.972836 12.278846 2.531050
v 2.943759 12.262267 2.528402
v 3.001915 12.262267 2.528402
v 2.972836 12.333902 2.186350
v 2.943759 12.317325 2.183702
v 3.001915 12.317325 2.183702
v 3.001915 12.284168 2.178406
v 2.972836 12.267591 2.175758
v 3.001915 12.229113 2.523106
v 2.972836 12.212534 2.520458
v 2.943759 12.229113 2.523106
v 2.943759 12.284168 2.178406
v 2.830500 12.581620 2.580254
v 2.830500 12.651296 2.144026
v 2.830500 12.367750 2.546093
v 2.830500 12.437427 2.109865
v 2.913977 12.367750 2.546093
v 2.913977 12.437427 2.109865
v 2.913977 12.581620 2.580254
v 2.913977 12.651296 2.144026
v 2.826618 12.271870 1.265749
v 2.826618 12.101402 1.550903
v 3.335061 12.239537 1.273182
v 2.295919 12.239538 1.273182
v 2.298985 12.081452 1.540396
v 2.052006 12.114639 1.302569
v 2.040361 12.006563 1.508533
v 2.029218 11.842202 1.728118
v 2.001809 11.537456 1.777211
v 2.302050 11.884807 1.768603
v 2.826618 11.896049 1.787652
v 2.300451 11.580304 1.973319
v 2.826618 11.570334 2.018741
v 3.352786 11.580304 1.973319
v 3.351187 11.884807 1.768603
v 3.651427 11.537456 1.777211
v 3.624018 11.842202 1.728118
v 3.612875 12.006563 1.508533
v 3.578975 12.114639 1.302569
v 3.354252 12.081451 1.540396
v 7.989331 7.123098 1.287887
v 7.989331 7.123098 1.092309
v 8.038564 7.152330 1.287887
v 7.890570 7.289439 1.287887
v 7.939802 7.318669 1.287887
v 7.792569 7.454498 1.287888
v 7.890570 7.289439 1.092309
v 7.890570 7.289439 0.896731
v 7.792569 7.454498 1.092309
v 7.792569 7.454498 0.896731
v 7.696497 7.616308 1.092309
v 7.696498 7.616307 1.287888
v 7.696497 7.616308 0.896731
v 7.624403 7.737734 1.081903
v 7.624403 7.737733 1.242278
v 7.624403 7.737734 0.921529
v 7.673635 7.766965 1.081904
v 7.673636 7.766964 1.242278
v 7.673635 7.766965 0.921529
v 7.629176 7.841848 1.081904
v 7.629177 7.841847 1.242278
v 7.629176 7.841849 0.921529
v 7.629176 7.841849 0.761155
v 7.673635 7.766965 0.761155
v 7.693898 7.880276 0.761155
v 7.738359 7.805393 0.761155
v 7.693898 7.880277 0.921529
v 7.693898 7.880276 1.081904
v 7.738359 7.805393 0.921529
v 7.738359 7.805393 1.081904
v 7.787592 7.834624 0.921529
v 7.787592 7.834624 0.761155
v 7.787592 7.834624 1.081904
v 7.859686 7.713199 0.896731
v 7.859686 7.713199 0.701152
v 7.859686 7.713199 1.092309
v 7.955757 7.551390 0.896731
v 7.955757 7.551390 0.701152
v 7.955757 7.551390 1.092309
v 8.053759 7.386329 0.896731
v 8.053759 7.386329 0.701152
v 8.053759 7.386329 1.092309
v 8.152519 7.219989 0.896731
v 8.152519 7.219989 0.701152
v 8.152519 7.219989 1.092309
v 8.103287 7.190758 0.896731
v 8.103287 7.190758 0.701152
v 8.103287 7.190758 1.092309
v 8.004526 7.357098 0.896731
v 8.004526 7.357098 0.701152
v 8.004526 7.357098 1.092309
v 7.939802 7.318669 0.896731
v 7.939802 7.318669 0.701152
v 7.939802 7.318669 1.092309
v 8.038564 7.152330 0.896731
v 8.038564 7.152330 0.701152
v 8.038564 7.152330 1.092309
v 7.989331 7.123098 0.896731
v 7.989331 7.123098 0.701152
v 7.890570 7.289439 0.701152
v 7.792569 7.454498 0.701152
v 7.696497 7.616308 0.701152
v 7.841801 7.483728 0.701152
v 7.745730 7.645539 0.701152
v 7.906524 7.522158 0.701152
v 7.810453 7.683968 0.701152
v 7.624403 7.737734 0.761155
v 8.004526 7.357098 1.287887
v 8.103286 7.190757 1.287887
v 7.906524 7.522158 1.287888
v 8.053759 7.386329 1.287887
v 8.152519 7.219989 1.287887
v 7.955758 7.551389 1.287888
v 7.859686 7.713199 1.287888
v 7.897703 7.649170 1.375905
v 7.859686 7.713199 1.375905
v 7.848469 7.619938 1.375905
v 7.810453 7.683968 1.375905
v 7.783745 7.581511 1.375905
v 7.745731 7.645539 1.375905
v 7.734513 7.552280 1.375905
v 7.841802 7.483728 1.287888
v 7.696498 7.616307 1.375905
v 7.624403 7.737733 1.288731
v 7.673636 7.766964 1.288731
v 7.738360 7.805393 1.288731
v 7.629177 7.841847 1.288731
v 7.693899 7.880276 1.288731
v 7.693899 7.880276 1.242278
v 7.738360 7.805393 1.242278
v 7.787591 7.834623 1.242278
v 7.787591 7.834623 1.288731
v 7.869545 7.513463 1.277571
v 7.810968 7.507308 1.296121
v 7.902990 7.561943 1.296121
v 7.933792 7.405252 1.431912
v 7.875007 7.399184 1.450611
v 7.967261 7.453958 1.450611
v 7.941922 7.496371 1.487856
v 7.883346 7.490216 1.506406
v 7.877883 7.604494 1.333366
v 7.819098 7.598427 1.352065
v 7.785629 7.549719 1.333366
v 7.849900 7.441735 1.487855
v 7.872892 7.377674 1.421182
v 7.879793 7.367861 1.489483
v 7.838753 7.433095 1.397261
v 7.994833 7.442602 1.412353
v 8.001690 7.432879 1.480939
v 7.960546 7.498280 1.388484
v 7.933264 7.543976 1.433147
v 7.940166 7.534162 1.501448
v 7.811366 7.478957 1.441690
v 7.818224 7.469235 1.510277
v 7.852512 7.413556 1.534146
v 7.974304 7.478740 1.525368
v 7.992033 7.396530 1.462920
v 7.948615 7.469661 1.537544
v 7.919873 7.353686 1.462920
v 8.012730 7.361674 1.549625
v 7.990484 7.399140 1.604880
v 7.940569 7.318829 1.549625
v 7.918324 7.356295 1.604880
v 7.876453 7.426816 1.537544
v 8.067953 7.268662 1.612080
v 8.041679 7.312914 1.682540
v 7.995792 7.225818 1.612080
v 8.113243 7.192382 1.755628
v 8.104946 7.206356 1.780557
v 8.041082 7.149538 1.755628
v 8.032785 7.163512 1.780557
v 7.969519 7.270071 1.682540
v 7.950164 7.247529 1.568989
v 7.964569 7.225076 1.633000
v 7.914153 7.306101 1.559936
v 8.071035 7.314259 1.558965
v 8.085428 7.291842 1.623276
v 8.034885 7.373070 1.550028
v 8.013271 7.409220 1.605282
v 8.027678 7.386767 1.669292
v 7.892411 7.342456 1.615005
v 7.906805 7.320040 1.679317
v 7.942955 7.261228 1.688254
v 8.063686 7.328198 1.678345
v 8.021789 7.133109 1.219128
v 8.047556 7.150078 1.272618
v 8.049118 7.147447 1.165643
v 8.116275 6.957899 1.224817
v 8.142246 6.974983 1.278443
v 8.143813 6.972345 1.171196
v 8.197110 7.003769 1.171337
v 8.222878 7.020739 1.224828
v 8.102418 7.178864 1.165513
v 8.128391 7.195949 1.219139
v 8.100853 7.181501 1.272759
v 8.195548 7.006399 1.278312
v 8.108212 6.970448 1.290861
v 8.166759 6.933290 1.291705
v 8.110979 7.039736 1.290259
v 8.099612 6.964490 1.152826
v 8.158460 6.927318 1.153666
v 8.102540 7.034036 1.152217
v 8.164149 7.066150 1.152457
v 8.222694 7.028991 1.153301
v 8.172447 7.072122 1.290496
v 8.231296 7.034949 1.291336
v 8.228366 6.965404 1.291945
v 8.219929 6.959702 1.153903
v 8.131355 6.910537 1.180555
v 8.232817 6.960611 1.180806
v 8.130131 6.912599 1.264442
v 8.195967 6.839972 1.183234
v 8.263675 6.859126 1.183752
v 8.194741 6.842035 1.267121
v 8.262451 6.861187 1.267639
v 8.231592 6.962674 1.264692
v 8.212317 6.716184 1.186518
v 8.297091 6.736821 1.187248
v 8.211092 6.718246 1.270404
v 8.311028 6.579404 1.191323
v 8.340273 6.584898 1.191615
v 8.309803 6.581467 1.275210
v 8.339048 6.586962 1.275502
v 8.295866 6.738883 1.271135
v 8.186910 6.774164 1.296838
v 8.235872 6.725066 1.297836
v 8.204813 6.841161 1.296513
v 8.178007 6.770598 1.158739
v 8.227261 6.721419 1.159735
v 8.196124 6.837809 1.158410
v 8.263274 6.855625 1.159082
v 8.312235 6.806527 1.160080
v 8.271886 6.859272 1.297182
v 8.321138 6.810092 1.298178
v 8.303022 6.742880 1.298508
v 8.294333 6.739528 1.160404
v 8.106734 7.163878 1.266364
v 8.106734 7.163878 1.170660
v 8.060513 7.136434 1.266364
v 7.991413 7.358111 1.266364
v 7.991413 7.358111 1.170660
v 7.945191 7.330667 1.266364
v 7.945191 7.330667 1.170660
v 8.060513 7.136434 1.170660
v 8.043852 7.095949 1.073118
v 8.069983 7.112305 1.126622
v 8.070817 7.110902 1.019616
v 8.138368 6.920689 1.076152
v 8.164704 6.937158 1.129792
v 8.165540 6.935752 1.022515
v 8.218838 6.967173 1.022653
v 8.244969 6.983529 1.076158
v 8.124116 7.142320 1.019483
v 8.150455 7.158790 1.073124
v 8.123281 7.143728 1.126761
v 8.218004 6.968576 1.129660
v 8.130755 6.932479 1.142390
v 8.189303 6.895317 1.142409
v 8.133520 7.001771 1.142564
v 8.121215 6.928106 1.004357
v 8.180067 6.890927 1.004370
v 8.124142 6.997654 1.004526
v 8.185752 7.029766 1.004715
v 8.244301 6.992601 1.004734
v 8.194989 7.034154 1.142753
v 8.253840 6.996976 1.142766
v 8.250915 6.927428 1.142597
v 8.241535 6.923309 1.004559
v 8.153143 6.873838 1.031249
v 8.254607 6.923911 1.031382
v 8.152491 6.874939 1.115160
v 8.217768 6.803250 1.032678
v 8.285482 6.822398 1.032954
v 8.217115 6.804350 1.116589
v 8.284828 6.823499 1.116865
v 8.253954 6.925011 1.115293
v 8.234136 6.679432 1.034429
v 8.318914 6.700065 1.034819
v 8.233482 6.680534 1.118340
v 8.332872 6.542610 1.036992
v 8.362119 6.548103 1.037148
v 8.332219 6.543712 1.120903
v 8.361465 6.549203 1.121059
v 8.318259 6.701166 1.118730
v 8.209484 6.736145 1.145578
v 8.258451 6.687038 1.145679
v 8.227386 6.803141 1.145900
v 8.199640 6.734162 1.007511
v 8.248898 6.684976 1.007607
v 8.217758 6.801373 1.007829
v 8.284912 6.819181 1.008249
v 8.333878 6.770076 1.008350
v 8.294464 6.821245 1.146320
v 8.343721 6.772058 1.146416
v 8.325605 6.704846 1.146098
v 8.315975 6.703079 1.008027
v 8.129874 7.124904 1.122426
v 8.129222 7.126004 1.026730
v 8.083652 7.097463 1.122426
v 7.993833 7.354036 1.125440
v 7.993181 7.355133 1.029744
v 7.947610 7.326591 1.125440
v 7.946959 7.327690 1.029744
v 8.083000 7.098560 1.026730
v 8.025539 7.128099 0.930207
v 8.051164 7.144136 0.982670
v 8.051980 7.142759 0.877746
v 8.118216 6.956249 0.933183
v 8.144041 6.972398 0.985779
v 8.144860 6.971019 0.880589
v 8.197121 7.001830 0.880725
v 8.222744 7.017866 0.933188
v 8.104242 7.173567 0.877616
v 8.130068 7.189716 0.930213
v 8.103423 7.174947 0.982806
v 8.196304 7.003205 0.985649
v 8.110753 6.967810 0.998131
v 8.168162 6.931369 0.998150
v 8.113463 7.035755 0.998302
v 8.101398 6.963520 0.862785
v 8.159103 6.927067 0.862797
v 8.104268 7.031715 0.862951
v 8.164680 7.063202 0.863135
v 8.222088 7.026762 0.863154
v 8.173737 7.067506 0.998488
v 8.231441 7.031052 0.998500
v 8.228573 6.962858 0.998334
v 8.219377 6.958818 0.862983
v 8.132704 6.910311 0.889153
v 8.232194 6.959408 0.889284
v 8.132066 6.911390 0.971431
v 8.196073 6.841095 0.890554
v 8.262466 6.859873 0.890825
v 8.195432 6.842175 0.972833
v 8.261826 6.860952 0.973103
v 8.231554 6.960486 0.971562
v 8.212122 6.719688 0.892271
v 8.295250 6.739918 0.892653
v 8.211481 6.720767 0.974550
v 8.308937 6.585528 0.894785
v 8.337614 6.590914 0.894937
v 8.308296 6.586609 0.977063
v 8.336973 6.591994 0.977216
v 8.294609 6.740997 0.974932
v 8.187950 6.775295 1.001257
v 8.235964 6.727145 1.001356
v 8.205505 6.840989 1.001573
v 8.178297 6.773353 0.865877
v 8.226597 6.725123 0.865971
v 8.196062 6.839254 0.866189
v 8.261909 6.856718 0.866601
v 8.309921 6.808567 0.866700
v 8.271275 6.858739 1.001985
v 8.319574 6.810510 1.002079
v 8.301811 6.744606 1.001767
v 8.292368 6.742873 0.866383
v 8.108509 7.160888 0.977171
v 8.107859 7.161986 0.881475
v 8.062288 7.133445 0.977171
v 7.993199 7.355103 0.980185
v 7.992547 7.356201 0.884489
v 7.946977 7.327660 0.980185
v 7.946325 7.328757 0.884489
v 8.061636 7.134542 0.881475
v 8.031697 7.135690 0.786456
v 8.054214 7.149783 0.832556
v 8.054932 7.148572 0.740357
v 8.113133 6.984683 0.789070
v 8.135827 6.998873 0.835287
v 8.136547 6.997659 0.742855
v 8.182469 7.024734 0.742975
v 8.204984 7.038827 0.789075
v 8.100854 7.175644 0.740243
v 8.123548 7.189834 0.786461
v 8.100134 7.176856 0.832675
v 8.181751 7.025943 0.835173
v 8.106576 6.994841 0.846142
v 8.157022 6.962820 0.846158
v 8.108957 7.054544 0.846292
v 8.098355 6.991074 0.727210
v 8.149063 6.959040 0.727221
v 8.100877 7.050996 0.727356
v 8.153962 7.078665 0.727519
v 8.204408 7.046644 0.727535
v 8.161921 7.082445 0.846455
v 8.212628 7.050412 0.846466
v 8.210107 6.990488 0.846320
v 8.202025 6.986940 0.727384
v 8.125866 6.944316 0.750381
v 8.213288 6.987458 0.750496
v 8.125302 6.945262 0.822680
v 8.181547 6.883495 0.751612
v 8.239891 6.899993 0.751850
v 8.180985 6.884442 0.823911
v 8.239326 6.900942 0.824149
v 8.212726 6.988406 0.822795
v 8.195650 6.776812 0.753121
v 8.268698 6.794589 0.753456
v 8.195087 6.777761 0.825420
v 8.280724 6.658923 0.755330
v 8.305922 6.663656 0.755464
v 8.280161 6.659872 0.827629
v 8.305359 6.664603 0.827763
v 8.268133 6.795537 0.825756
v 8.174411 6.825674 0.848888
v 8.216600 6.783365 0.848975
v 8.189835 6.883400 0.849166
v 8.165928 6.823967 0.729928
v 8.208369 6.781587 0.730010
v 8.181538 6.881877 0.730202
v 8.239400 6.897221 0.730563
v 8.281588 6.854912 0.730650
v 8.247628 6.899000 0.849528
v 8.290071 6.856618 0.849610
v 8.274461 6.798708 0.849336
v 8.266164 6.797186 0.730372
v 8.107876 7.161955 0.824495
v 8.107224 7.163053 0.746688
v 8.061654 7.134511 0.824495
v 7.992564 7.356171 0.826946
v 7.991913 7.357268 0.749138
v 7.946342 7.328727 0.826946
v 7.945691 7.329824 0.749138
v 8.061002 7.135611 0.746688
v 7.560585 8.021142 1.326210
v 7.520337 7.967343 1.326210
v 7.627086 8.030724 1.326210
v 7.529662 8.073224 1.326210
v 7.560585 8.021142 1.254217
v 7.520337 7.967343 1.254217
v 7.627086 8.030724 1.254217
v 7.680883 7.990477 1.254217
v 7.690465 7.923975 1.254217
v 7.680883 7.990477 1.326210
v 7.690465 7.923975 1.326210
v 7.732965 8.021399 1.326210
v 7.749157 7.909013 1.326210
v 7.642047 8.089417 1.326210
v 7.732965 8.021399 0.714747
v 7.749157 7.909013 0.714747
v 7.642047 8.089417 0.714747
v 7.680883 7.990477 0.714747
v 7.690465 7.923975 0.714747
v 7.627086 8.030724 0.714747
v 7.680883 7.990477 0.786740
v 7.690465 7.923975 0.786740
v 7.627086 8.030724 0.786740
v 7.560585 8.021142 0.786740
v 7.520337 7.967343 0.786740
v 7.560585 8.021142 0.714747
v 7.520337 7.967343 0.714747
v 7.529662 8.073224 0.714747
v 7.461644 7.982306 0.714747
v 7.477838 7.869920 0.714747
v 7.461644 7.982306 1.326210
v 7.477837 7.869921 1.326210
v 7.568754 7.801903 1.326210
v 7.529919 7.900843 1.326210
v 7.583717 7.860595 1.326210
v 7.529919 7.900843 1.254217
v 7.583717 7.860595 1.254217
v 7.650218 7.870176 1.254217
v 7.650218 7.870176 1.326210
v 7.681139 7.818096 1.326210
v 7.681139 7.818096 0.714747
v 7.568754 7.801903 0.714747
v 7.650218 7.870177 0.714747
v 7.583717 7.860596 0.714747
v 7.650218 7.870177 0.786740
v 7.583717 7.860596 0.786740
v 7.529919 7.900843 0.786740
v 7.529919 7.900843 0.714747
v 7.435598 8.020540 1.123478
v 7.524361 8.081006 1.160324
v 7.394367 7.992453 1.021480
v 7.294642 8.230634 1.123478
v 7.459855 8.037065 1.090229
v 7.522083 8.079454 1.116060
v 7.430950 8.017374 1.018723
v 7.506817 7.968125 1.090229
v 7.569045 8.010515 1.116060
v 7.477912 7.948434 1.018723
v 7.499260 7.962977 0.943430
v 7.558358 8.003235 0.908455
v 7.452298 8.031917 0.943430
v 7.511395 8.072174 0.908455
v 7.424819 8.013198 0.914080
v 7.509117 8.070622 0.864191
v 7.283864 8.223290 0.914080
v 7.253411 8.202546 1.021480
v 7.368162 8.280714 0.864191
v 7.456924 8.341180 0.901038
v 7.498156 8.369267 1.003036
v 7.597879 8.131087 0.901038
v 7.639111 8.159174 1.003036
v 7.573623 8.114563 0.934287
v 7.602528 8.134254 1.005793
v 7.620584 8.045625 0.934287
v 7.649490 8.065315 1.005793
v 7.628141 8.050773 1.081086
v 7.581180 8.119712 1.081086
v 7.608658 8.138431 1.110436
v 7.467703 8.348522 1.110436
v 7.383406 8.291099 1.160324
v 3.579878 0.381051 1.305617
v 3.675337 0.563187 0.436007
v 3.639186 0.906186 0.968317
v 4.263582 0.381051 1.305617
v 3.539614 -0.004857 1.305617
v 3.612639 0.233926 1.783401
v 4.230821 0.233926 1.783401
v 3.539614 -0.004857 1.783401
v 4.303846 -0.004857 1.783401
v 4.303846 -0.004857 1.305617
v 4.303846 -0.004857 0.575644
v 4.168124 0.563187 0.436007
v 4.176678 -0.004857 0.377171
v 3.539614 -0.004857 0.575644
v 3.666783 -0.004857 0.377171
v 3.666783 0.381051 0.377171
v 4.176678 0.381051 0.377171
v 4.204275 0.906186 0.575644
v 3.639186 0.906186 0.575644
v 4.204275 0.906186 0.968317
v 3.612639 0.233927 1.843901
v 4.230821 0.233927 1.843901
v 3.539614 -0.004857 1.843901
v 3.714003 0.191065 2.267852
v 4.129458 0.191065 2.267852
v 3.664926 -0.004857 2.267852
v 4.178535 -0.004857 2.267852
v 4.303846 -0.004857 1.843901
v 3.757345 0.186660 1.783401
v 4.086115 0.186660 1.783401
v 3.756115 0.042409 1.783401
v 3.757345 0.186660 1.877789
v 4.086115 0.186660 1.877789
v 3.756115 0.042409 1.877789
v 4.087346 0.042409 1.877789
v 4.087346 0.042409 1.783401
v 8.106401 7.287165 1.273026
v 8.131847 7.243844 1.243873
v 8.080999 7.330730 1.244197
v 8.135886 7.304420 1.273118
v 8.161333 7.261099 1.243965
v 8.110484 7.347985 1.244290
v 8.110462 7.348337 1.186094
v 8.135969 7.304902 1.156723
v 8.080977 7.331081 1.186001
v 8.106484 7.287648 1.156630
v 8.131953 7.243975 1.185678
v 8.161438 7.261230 1.185770
v 8.106401 7.287165 1.131811
v 8.131847 7.243844 1.102658
v 8.080999 7.330730 1.102983
v 8.135886 7.304420 1.131904
v 8.161333 7.261099 1.102751
v 8.110484 7.347985 1.103076
v 8.110462 7.348337 1.044880
v 8.135969 7.304902 1.015508
v 8.080977 7.331081 1.044787
v 8.106484 7.287648 1.015415
v 8.131953 7.243975 1.044463
v 8.161438 7.261230 1.044556
v 8.106401 7.287165 0.989277
v 8.131847 7.243844 0.960124
v 8.080999 7.330730 0.960449
v 8.135886 7.304420 0.989370
v 8.161333 7.261099 0.960217
v 8.110484 7.347985 0.960541
v 8.110462 7.348337 0.902346
v 8.135969 7.304902 0.872974
v 8.080977 7.331081 0.902253
v 8.106484 7.287648 0.872881
v 8.131953 7.243975 0.901929
v 8.161438 7.261230 0.902022
v 8.106401 7.287165 0.844104
v 8.131847 7.243844 0.814951
v 8.080999 7.330730 0.815275
v 8.135886 7.304420 0.844197
v 8.161333 7.261099 0.815044
v 8.110484 7.347985 0.815368
v 8.110462 7.348337 0.757172
v 8.135969 7.304902 0.727801
v 8.080977 7.331081 0.757080
v 8.106484 7.287648 0.727708
v 8.131953 7.243975 0.756756
v 8.161438 7.261230 0.756848
v 7.735674 7.625986 1.356313
v 7.788063 7.603111 1.366624
v 7.730339 7.682730 1.345096
v 7.731831 7.632223 1.389682
v 7.784220 7.609347 1.399993
v 7.726496 7.688966 1.378465
v 7.773651 7.723060 1.377524
v 7.826292 7.700209 1.387854
v 7.777494 7.716822 1.344156
v 7.830134 7.693972 1.354485
v 7.835363 7.637002 1.365738
v 7.831520 7.643239 1.399106
v 2.680399 12.278846 2.531050
v 2.709477 12.262267 2.528402
v 2.651321 12.262267 2.528402
v 2.680399 12.333902 2.186350
v 2.709477 12.317325 2.183702
v 2.651321 12.317325 2.183702
v 2.651321 12.284168 2.178406
v 2.680399 12.267591 2.175758
v 2.651321 12.229113 2.523106
v 2.680399 12.212534 2.520458
v 2.709477 12.229113 2.523106
v 2.709477 12.284168 2.178406
v 2.822736 12.581620 2.580254
v 2.822736 12.651296 2.144026
v 2.822736 12.367750 2.546093
v 2.822736 12.437427 2.109865
v 2.739259 12.367750 2.546093
v 2.739259 12.437427 2.109865
v 2.739259 12.581620 2.580254
v 2.739259 12.651296 2.144026
v -2.342514 7.170729 1.287887
v -2.342514 7.170729 1.092309
v -2.391377 7.200570 1.287887
v -2.241691 7.335829 1.287887
v -2.290557 7.365668 1.287887
v -2.141647 7.499656 1.287888
v -2.241691 7.335829 1.092309
v -2.241691 7.335829 0.896731
v -2.141646 7.499657 1.092309
v -2.141646 7.499657 0.896731
v -2.043571 7.660260 1.092309
v -2.043571 7.660259 1.287888
v -2.043571 7.660260 0.896731
v -1.969972 7.780780 1.081903
v -1.969972 7.780780 1.242278
v -1.969972 7.780780 0.921529
v -2.018838 7.810621 1.081904
v -2.018838 7.810621 1.242278
v -2.018838 7.810621 0.921529
v -1.973450 7.884946 1.081904
v -1.973450 7.884945 1.242278
v -1.973450 7.884947 0.921529
v -1.973450 7.884947 0.761155
v -2.018838 7.810621 0.761155
v -2.037690 7.924175 0.761155
v -2.083078 7.849851 0.761155
v -2.037690 7.924175 0.921529
v -2.037690 7.924175 1.081904
v -2.083078 7.849851 0.921529
v -2.083078 7.849850 1.081904
v -2.131944 7.879692 0.921529
v -2.131944 7.879692 0.761155
v -2.131944 7.879692 1.081904
v -2.205542 7.759172 0.896731
v -2.205542 7.759172 0.701152
v -2.205542 7.759172 1.092309
v -2.303617 7.598569 0.896731
v -2.303617 7.598569 0.701152
v -2.303617 7.598569 1.092309
v -2.403663 7.434740 0.896731
v -2.403663 7.434740 0.701152
v -2.403663 7.434740 1.092309
v -2.504485 7.269640 0.896731
v -2.504485 7.269640 0.701152
v -2.504485 7.269640 1.092309
v -2.455619 7.239799 0.896731
v -2.455619 7.239799 0.701152
v -2.455619 7.239799 1.092309
v -2.354797 7.404899 0.896731
v -2.354797 7.404899 0.701152
v -2.354797 7.404899 1.092309
v -2.290557 7.365668 0.896731
v -2.290557 7.365668 0.701152
v -2.290557 7.365668 1.092309
v -2.391377 7.200570 0.896731
v -2.391377 7.200570 0.701152
v -2.391377 7.200570 1.092309
v -2.342514 7.170729 0.896731
v -2.342514 7.170729 0.701152
v -2.241691 7.335829 0.701152
v -2.141646 7.499657 0.701152
v -2.043571 7.660260 0.701152
v -2.190511 7.529497 0.701152
v -2.092436 7.690101 0.701152
v -2.254752 7.568728 0.701152
v -2.156676 7.729331 0.701152
v -1.969972 7.780780 0.761155
v -2.354797 7.404899 1.287887
v -2.455619 7.239799 1.287887
v -2.254752 7.568728 1.287888
v -2.403663 7.434740 1.287887
v -2.504485 7.269640 1.287887
v -2.303617 7.598568 1.287888
v -2.205543 7.759171 1.287888
v -2.244351 7.695621 1.375905
v -2.205543 7.759171 1.375905
v -2.195486 7.665780 1.375905
v -2.156677 7.729331 1.375905
v -2.131244 7.626550 1.375905
v -2.092437 7.690100 1.375905
v -2.082379 7.596709 1.375905
v -2.190512 7.529497 1.287888
v -2.043571 7.660259 1.375905
v -1.969972 7.780780 1.288731
v -2.018838 7.810621 1.288731
v -2.083079 7.849850 1.288731
v -1.973450 7.884945 1.288731
v -2.037690 7.924175 1.288731
v -2.037690 7.924175 1.242278
v -2.083079 7.849850 1.242278
v -2.131944 7.879692 1.242278
v -2.131944 7.879692 1.288731
v -2.217883 7.559573 1.277571
v -2.159387 7.552691 1.296121
v -2.250723 7.608467 1.296121
v -2.283472 7.452169 1.431912
v -2.224765 7.445371 1.450611
v -2.316332 7.501287 1.450611
v -2.290468 7.543382 1.487855
v -2.231972 7.536500 1.506406
v -2.225090 7.650702 1.333366
v -2.166384 7.643905 1.352065
v -2.133523 7.594784 1.333366
v -2.199132 7.487607 1.487855
v -2.222919 7.423837 1.421182
v -2.229942 7.414111 1.489483
v -2.188093 7.478829 1.397261
v -2.344044 7.490276 1.412353
v -2.351022 7.480639 1.480939
v -2.309066 7.545523 1.388484
v -2.281217 7.590876 1.433147
v -2.288240 7.581149 1.501448
v -2.160139 7.524347 1.441690
v -2.167116 7.514710 1.510277
v -2.202096 7.459463 1.534146
v -2.323068 7.526156 1.525368
v -2.341816 7.444173 1.462920
v -2.297490 7.516757 1.537544
v -2.270194 7.400434 1.462920
v -2.362943 7.409576 1.549625
v -2.340234 7.446763 1.604880
v -2.291321 7.365838 1.549625
v -2.268612 7.403025 1.604880
v -2.225869 7.473020 1.537544
v -2.419318 7.317259 1.612080
v -2.392497 7.361180 1.682540
v -2.347696 7.273520 1.612080
v -2.465554 7.241547 1.755628
v -2.457084 7.255417 1.780556
v -2.393932 7.197809 1.755628
v -2.385461 7.211679 1.780556
v -2.320875 7.317443 1.682540
v -2.301803 7.294663 1.568989
v -2.316485 7.272391 1.633000
v -2.265066 7.352783 1.559936
v -2.421834 7.362890 1.558965
v -2.436506 7.340653 1.623276
v -2.384957 7.421248 1.550028
v -2.362895 7.457126 1.605282
v -2.377579 7.434854 1.669292
v -2.242872 7.388865 1.615005
v -2.257545 7.366629 1.679317
v -2.294423 7.308270 1.688254
v -2.414313 7.376737 1.678345
v -2.374844 7.181142 1.219128
v -2.400398 7.198430 1.272618
v -2.401993 7.195819 1.165643
v -2.471501 7.007120 1.224817
v -2.497259 7.024527 1.278443
v -2.498857 7.021907 1.171196
v -2.551760 7.053991 1.171337
v -2.577314 7.071280 1.224828
v -2.454898 7.227896 1.165513
v -2.480657 7.245301 1.219139
v -2.453300 7.230514 1.272759
v -2.550165 7.056602 1.278313
v -2.463283 7.019568 1.290861
v -2.522285 6.983140 1.291705
v -2.465187 7.088885 1.290259
v -2.454757 7.013503 1.152826
v -2.514064 6.977065 1.153666
v -2.456821 7.083081 1.152217
v -2.518025 7.115958 1.152457
v -2.577029 7.079530 1.153301
v -2.526248 7.122033 1.290496
v -2.585554 7.085594 1.291336
v -2.583490 7.016018 1.291945
v -2.575125 7.010211 1.153903
v -2.487168 6.959949 1.180555
v -2.588001 7.011281 1.180806
v -2.485918 6.961996 1.264442
v -2.552651 6.890193 1.183234
v -2.620118 6.910187 1.183752
v -2.551401 6.892241 1.267121
v -2.618868 6.912233 1.267639
v -2.586751 7.013328 1.264692
v -2.570539 6.766618 1.186518
v -2.655051 6.788307 1.187248
v -2.569289 6.768664 1.270404
v -2.670944 6.631075 1.191323
v -2.700119 6.636933 1.191615
v -2.669693 6.633123 1.275210
v -2.698868 6.638982 1.275502
v -2.653799 6.790354 1.271135
v -2.544415 6.824277 1.296838
v -2.593983 6.775791 1.297836
v -2.561482 6.891491 1.296513
v -2.535557 6.820602 1.158739
v -2.585418 6.772038 1.159735
v -2.552837 6.888031 1.158410
v -2.619761 6.906681 1.159082
v -2.669328 6.858195 1.160080
v -2.628325 6.910435 1.297182
v -2.678186 6.861872 1.298178
v -2.660907 6.794439 1.298508
v -2.652260 6.790980 1.160404
v -2.459400 7.212964 1.266364
v -2.459400 7.212964 1.170660
v -2.413524 7.184948 1.266364
v -2.341673 7.405749 1.266364
v -2.341673 7.405749 1.170660
v -2.295795 7.377732 1.266364
v -2.295795 7.377732 1.170660
v -2.413524 7.184948 1.170660
v -2.397366 7.144259 1.073118
v -2.423293 7.160939 1.126622
v -2.424143 7.159545 1.019616
v -2.494054 6.970187 1.076152
v -2.520185 6.986983 1.129792
v -2.521037 6.985588 1.022515
v -2.573941 7.017669 1.022653
v -2.599867 7.034348 1.076158
v -2.477048 7.191625 1.019483
v -2.503180 7.208420 1.073124
v -2.476196 7.193022 1.126761
v -2.573091 7.019061 1.129660
v -2.486296 6.981882 1.142390
v -2.545302 6.945450 1.142409
v -2.488199 7.051203 1.142564
v -2.476810 6.977390 1.004357
v -2.536120 6.940946 1.004370
v -2.478873 7.046969 1.004526
v -2.540079 7.079846 1.004715
v -2.599085 7.043411 1.004734
v -2.549262 7.084347 1.142753
v -2.608570 7.047904 1.142766
v -2.606508 6.978326 1.142597
v -2.597181 6.974090 1.004559
v -2.509411 6.923524 1.031249
v -2.610245 6.974854 1.031382
v -2.508744 6.924618 1.115160
v -2.574909 6.853745 1.032678
v -2.642379 6.873734 1.032954
v -2.574241 6.854837 1.116589
v -2.641710 6.874826 1.116865
v -2.609578 6.975946 1.115293
v -2.592815 6.730141 1.034429
v -2.677329 6.751825 1.034819
v -2.592147 6.731234 1.118340
v -2.693244 6.594555 1.036992
v -2.722420 6.600411 1.037148
v -2.692578 6.595649 1.120903
v -2.721753 6.601504 1.121059
v -2.676661 6.752917 1.118730
v -2.567460 6.786541 1.145578
v -2.617033 6.738047 1.145679
v -2.584528 6.853755 1.145900
v -2.557642 6.784437 1.007511
v -2.607507 6.735867 1.007607
v -2.574920 6.851868 1.007829
v -2.641850 6.870510 1.008249
v -2.691421 6.822016 1.008350
v -2.651375 6.872692 1.146320
v -2.701240 6.824121 1.146416
v -2.683961 6.756689 1.146098
v -2.674353 6.754802 1.008027
v -2.483023 7.174282 1.122426
v -2.482357 7.175373 1.026730
v -2.437145 7.146267 1.122426
v -2.344142 7.401704 1.125440
v -2.343478 7.402792 1.029744
v -2.298266 7.373687 1.125440
v -2.297601 7.374777 1.029744
v -2.436480 7.147356 1.026730
v -2.378656 7.176180 0.930207
v -2.404079 7.192533 0.982670
v -2.404913 7.191166 0.877746
v -2.473462 7.005494 0.933183
v -2.499084 7.021963 0.985779
v -2.499920 7.020594 0.880589
v -2.551794 7.052053 0.880725
v -2.577217 7.068407 0.933188
v -2.456788 7.222622 0.877616
v -2.482410 7.239091 0.930213
v -2.455952 7.223992 0.982806
v -2.550961 7.053417 0.985649
v -2.465856 7.016962 0.998131
v -2.523714 6.981237 0.998150
v -2.467722 7.084935 0.998302
v -2.456556 7.012556 0.862784
v -2.514710 6.976823 0.862797
v -2.458576 7.080782 0.862951
v -2.518592 7.113017 0.863135
v -2.576449 7.077294 0.863154
v -2.527596 7.117432 0.998487
v -2.585750 7.081698 0.998500
v -2.583728 7.013474 0.998334
v -2.574583 7.009322 0.862983
v -2.488521 6.959740 0.889153
v -2.587392 7.010070 0.889284
v -2.487867 6.960812 0.971431
v -2.552744 6.891317 0.890554
v -2.618900 6.910920 0.890825
v -2.552089 6.892389 0.972833
v -2.618246 6.911990 0.973103
v -2.586739 7.011141 0.971562
v -2.570302 6.770119 0.892271
v -2.653171 6.791380 0.892653
v -2.569648 6.771190 0.974550
v -2.668777 6.637174 0.894785
v -2.697385 6.642914 0.894937
v -2.668122 6.638246 0.977063
v -2.696731 6.643986 0.977216
v -2.652517 6.792453 0.974932
v -2.545440 6.825421 1.001257
v -2.594049 6.777871 1.001356
v -2.562177 6.891328 1.001573
v -2.535812 6.823359 0.865877
v -2.584707 6.775733 0.865971
v -2.552756 6.889475 0.866189
v -2.618382 6.907757 0.866601
v -2.666989 6.860208 0.866699
v -2.627720 6.909895 1.001985
v -2.676618 6.862270 1.002079
v -2.659673 6.796151 1.001767
v -2.650253 6.794301 0.866383
v -2.461213 7.209997 0.977171
v -2.460547 7.211086 0.881475
v -2.415335 7.181980 0.977171
v -2.343496 7.402763 0.980185
v -2.342831 7.403853 0.884489
v -2.297618 7.374747 0.980185
v -2.296953 7.375836 0.884489
v -2.414670 7.183070 0.881475
v -2.384720 7.183846 0.786456
v -2.407058 7.198218 0.832556
v -2.407791 7.197016 0.740357
v -2.468027 7.033863 0.789070
v -2.490542 7.048334 0.835287
v -2.491276 7.047130 0.742855
v -2.536859 7.074773 0.742975
v -2.559198 7.089145 0.789075
v -2.453374 7.224656 0.740243
v -2.475891 7.239127 0.786461
v -2.452640 7.225860 0.832675
v -2.536126 7.075974 0.835173
v -2.461344 7.043938 0.846142
v -2.512184 7.012547 0.846158
v -2.462983 7.103668 0.846292
v -2.453170 7.040069 0.727210
v -2.504272 7.008668 0.727221
v -2.454947 7.100018 0.727356
v -2.507684 7.128345 0.727519
v -2.558523 7.096954 0.727535
v -2.515595 7.132224 0.846455
v -2.566697 7.100823 0.846466
v -2.564920 7.040873 0.846320
v -2.556884 7.037226 0.727384
v -2.481259 6.993657 0.750381
v -2.568139 7.037883 0.750496
v -2.480685 6.994597 0.822680
v -2.537693 6.933533 0.751612
v -2.595827 6.950755 0.751850
v -2.537118 6.934474 0.823911
v -2.595251 6.951698 0.824149
v -2.567564 7.038825 0.822795
v -2.553122 6.827034 0.753121
v -2.625941 6.845716 0.753456
v -2.552545 6.827976 0.825420
v -2.639653 6.710212 0.755330
v -2.664791 6.715257 0.755464
v -2.639079 6.711154 0.827629
v -2.664217 6.716197 0.827763
v -2.625366 6.846658 0.825756
v -2.531275 6.875628 0.848888
v -2.573987 6.833846 0.848975
v -2.545981 6.933542 0.849166
v -2.522815 6.873816 0.729928
v -2.565780 6.831967 0.730010
v -2.537704 6.931916 0.730202
v -2.595371 6.947978 0.730563
v -2.638081 6.906198 0.730650
v -2.603577 6.949859 0.849528
v -2.646543 6.908008 0.849610
v -2.631653 6.849908 0.849336
v -2.623375 6.848283 0.730372
v -2.460565 7.211056 0.824495
v -2.459900 7.212146 0.746688
v -2.414688 7.183040 0.824495
v -2.342849 7.403823 0.826946
v -2.342184 7.404913 0.749138
v -2.296972 7.375807 0.826946
v -2.296306 7.376895 0.749138
v -2.414023 7.184131 0.746688
v -1.902636 8.063373 1.326210
v -1.863059 8.009079 1.326210
v -1.969012 8.073780 1.326210
v -1.871068 8.115066 1.326210
v -1.902636 8.063373 1.254217
v -1.863059 8.009079 1.254217
v -1.969012 8.073780 1.254217
v -2.023306 8.034205 1.254217
v -2.033714 7.967828 1.254217
v -2.023306 8.034205 1.326210
v -2.033714 7.967828 1.326210
v -2.074999 8.065772 1.326210
v -2.092587 7.953598 1.326210
v -1.983243 8.132654 1.326210
v -2.074999 8.065772 0.714747
v -2.092587 7.953598 0.714747
v -1.983243 8.132654 0.714747
v -2.023306 8.034205 0.714747
v -2.033714 7.967828 0.714747
v -1.969012 8.073780 0.714747
v -2.023306 8.034205 0.786740
v -2.033714 7.967828 0.786740
v -1.969012 8.073780 0.786740
v -1.902636 8.063373 0.786740
v -1.863059 8.009079 0.786740
v -1.902636 8.063373 0.714747
v -1.863059 8.009079 0.714747
v -1.871068 8.115066 0.714747
v -1.804186 8.023310 0.714747
v -1.821774 7.911134 0.714747
v -1.804186 8.023310 1.326210
v -1.821774 7.911135 1.326210
v -1.913530 7.844252 1.326210
v -1.873467 7.942702 1.326210
v -1.927761 7.903126 1.326210
v -1.873467 7.942702 1.254217
v -1.927761 7.903126 1.254217
v -1.994137 7.913534 1.254217
v -1.994137 7.913534 1.326210
v -2.025705 7.861841 1.326210
v -2.025705 7.861841 0.714747
v -1.913530 7.844252 0.714747
v -1.994137 7.913534 0.714747
v -1.927761 7.903126 0.714747
v -1.994137 7.913534 0.786740
v -1.927761 7.903126 0.786740
v -1.873467 7.942702 0.786740
v -1.873467 7.942702 0.714747
v -1.777667 8.061217 1.123478
v -1.865670 8.122782 1.160324
v -1.736788 8.032620 1.021481
v -1.634110 8.269541 1.123478
v -1.801716 8.078041 1.090229
v -1.863411 8.121202 1.116060
v -1.773057 8.057995 1.018723
v -1.849531 8.009692 1.090229
v -1.911226 8.052852 1.116060
v -1.820873 7.989643 1.018723
v -1.842039 8.004451 0.943430
v -1.900631 8.045440 0.908455
v -1.794223 8.072800 0.943430
v -1.852816 8.113791 0.908455
v -1.766980 8.053741 0.914080
v -1.850556 8.112208 0.864191
v -1.623423 8.262066 0.914080
v -1.593231 8.240945 1.021481
v -1.707001 8.320534 0.864191
v -1.795004 8.382095 0.901038
v -1.835883 8.410694 1.003036
v -1.938560 8.173774 0.901038
v -1.979439 8.202370 1.003036
v -1.914512 8.156950 0.934287
v -1.943170 8.176997 1.005793
v -1.962327 8.088600 0.934287
v -1.990985 8.108647 1.005793
v -1.969818 8.093842 1.081086
v -1.922003 8.162191 1.081086
v -1.949247 8.181249 1.110436
v -1.805692 8.389573 1.110436
v -1.722114 8.331105 1.160324
v 2.073358 0.381051 1.305617
v 1.977899 0.563187 0.436007
v 2.014050 0.906186 0.968317
v 1.389654 0.381051 1.305617
v 2.113622 -0.004857 1.305617
v 2.040597 0.233927 1.783401
v 1.422415 0.233927 1.783401
v 2.113622 -0.004857 1.783401
v 1.349390 -0.004857 1.783401
v 1.349390 -0.004857 1.305617
v 1.349390 -0.004857 0.575644
v 1.485113 0.563187 0.436007
v 1.476558 -0.004857 0.377171
v 2.113622 -0.004857 0.575644
v 1.986454 -0.004857 0.377171
v 1.986454 0.381051 0.377171
v 1.476558 0.381051 0.377171
v 1.448961 0.906186 0.575644
v 2.014050 0.906186 0.575644
v 1.448961 0.906186 0.968317
v 2.040597 0.233927 1.843901
v 1.422415 0.233927 1.843901
v 2.113622 -0.004857 1.843901
v 1.939233 0.191065 2.267852
v 1.523778 0.191065 2.267852
v 1.988311 -0.004857 2.267852
v 1.474701 -0.004857 2.267852
v 1.349390 -0.004857 1.843901
v 1.895891 0.186660 1.783401
v 1.567121 0.186660 1.783401
v 1.897121 0.042409 1.783401
v 1.895891 0.186660 1.877789
v 1.567121 0.186660 1.877789
v 1.897121 0.042409 1.877789
v 1.565891 0.042409 1.877789
v 1.565891 0.042409 1.783401
v -2.457534 7.336238 1.273026
v -2.483518 7.293236 1.243873
v -2.431592 7.379484 1.244197
v -2.486802 7.353858 1.273118
v -2.512785 7.310857 1.243965
v -2.460861 7.397104 1.244290
v -2.460835 7.397456 1.186094
v -2.486880 7.354342 1.156723
v -2.431566 7.379834 1.186002
v -2.457611 7.336721 1.156630
v -2.483621 7.293369 1.185678
v -2.512889 7.310989 1.185770
v -2.457534 7.336238 1.131811
v -2.483518 7.293236 1.102658
v -2.431592 7.379484 1.102983
v -2.486802 7.353858 1.131904
v -2.512785 7.310857 1.102751
v -2.460861 7.397104 1.103076
v -2.460835 7.397456 1.044880
v -2.486880 7.354342 1.015508
v -2.431566 7.379834 1.044787
v -2.457611 7.336721 1.015415
v -2.483621 7.293369 1.044463
v -2.512889 7.310989 1.044556
v -2.457534 7.336238 0.989277
v -2.483518 7.293236 0.960124
v -2.431592 7.379484 0.960449
v -2.486802 7.353858 0.989370
v -2.512785 7.310857 0.960217
v -2.460861 7.397104 0.960541
v -2.460835 7.397456 0.902346
v -2.486880 7.354342 0.872974
v -2.431566 7.379834 0.902253
v -2.457611 7.336721 0.872881
v -2.483621 7.293369 0.901929
v -2.512889 7.310989 0.902022
v -2.457534 7.336238 0.844104
v -2.483518 7.293236 0.814951
v -2.431592 7.379484 0.815275
v -2.486802 7.353858 0.844197
v -2.512785 7.310857 0.815044
v -2.460861 7.397104 0.815368
v -2.460835 7.397456 0.757172
v -2.486880 7.354342 0.727801
v -2.431566 7.379834 0.757080
v -2.457611 7.336721 0.727708
v -2.483621 7.293369 0.756756
v -2.512889 7.310989 0.756848
v -2.082624 7.670423 1.356313
v -2.135293 7.648202 1.366624
v -2.076584 7.727098 1.345096
v -2.078704 7.676612 1.389682
v -2.131372 7.654390 1.399993
v -2.072664 7.733285 1.378465
v -2.119391 7.767962 1.377524
v -2.172312 7.745768 1.387854
v -2.123312 7.761773 1.344156
v -2.176231 7.739580 1.354486
v -2.182168 7.682678 1.365738
v -2.178247 7.688866 1.399106
v 2.826618 13.951889 1.964037
v 2.826618 13.802614 1.616753
v 3.001762 13.803946 1.636712
v 3.073514 13.807734 1.693553
v 3.121458 13.813405 1.778620
v 3.128606 13.820630 1.887005
v 3.122035 13.826286 1.971858
v 3.073514 13.843513 2.230290
v 3.001762 13.847302 2.287130
v 2.826618 13.848634 2.307090
v 3.097486 13.835149 2.104800
v 2.651474 13.803946 1.636712
v 2.579722 13.807734 1.693553
v 2.531778 13.813405 1.778620
v 2.524630 13.820630 1.887005
v 2.531201 13.826286 1.971858
v 2.579722 13.843513 2.230290
v 2.651474 13.847302 2.287130
v 2.555750 13.835149 2.104800
v 2.398618 13.643780 2.346268
v 2.348312 13.660914 2.187987
v 2.463985 13.647084 2.466499
v 2.297127 13.482157 2.411224
v 2.241752 13.505138 2.223539
v 2.368983 13.505960 2.564565
v 2.230654 13.230342 2.414153
v 2.295558 13.278091 2.607453
v 2.170836 13.224824 2.205749
v 2.191988 12.970779 2.372642
v 2.144200 12.926535 2.189325
v 2.309550 13.011335 2.587937
v 2.221461 12.685349 2.385261
v 2.239429 12.892908 2.506307
v 2.173673 12.673491 2.166062
v 2.242042 12.489210 2.278203
v 2.270892 12.691308 2.371639
v 2.287715 12.891152 2.488146
v 2.241082 12.970223 2.356707
v 2.223950 12.681376 2.157432
v 2.289875 12.502817 2.264369
v 2.254872 12.459345 2.108603
v 2.329048 12.380704 2.208016
v 2.339132 12.233868 2.156386
v 2.303079 12.309084 2.071496
v 2.283075 12.363745 2.224244
v 2.290009 12.226244 2.170285
v 2.253776 12.297265 2.081188
v 2.206342 12.444852 2.118567
v 2.267109 12.137644 2.043808
v 2.243210 12.271473 1.886643
v 2.256592 12.113415 1.886849
v 2.195728 12.417496 1.886437
v 2.257009 12.279472 1.698315
v 2.265523 12.133090 1.737000
v 2.214395 12.413820 1.659631
v 2.338908 12.342628 1.525275
v 2.326340 12.447182 1.467076
v 2.331111 12.228941 1.578778
v 2.380239 12.359574 1.551141
v 2.366775 12.461946 1.495562
v 2.375920 12.237611 1.602890
v 2.304803 12.291855 1.713375
v 2.315816 12.138738 1.747154
v 2.260926 12.429269 1.675773
v 2.293808 12.281682 1.886548
v 2.308016 12.117887 1.886894
v 2.245603 12.430793 1.886081
v 2.204119 12.636238 1.894055
v 2.175217 12.924660 1.922862
v 2.220430 12.618847 1.628180
v 2.192461 12.921126 1.645208
v 2.414649 12.548179 1.394505
v 2.336295 12.932799 1.414005
v 2.543972 12.613889 1.318188
v 2.377920 12.540689 1.359018
v 2.298867 12.933141 1.378460
v 2.172886 12.610316 1.609980
v 2.527488 12.606816 1.269787
v 2.485044 12.945675 1.241378
v 2.826618 12.658772 1.267565
v 2.826618 12.961561 1.207566
v 3.125747 12.606816 1.269787
v 2.826618 12.666629 1.318481
v 2.826618 12.961877 1.258889
v 3.109264 12.613889 1.318188
v 3.149787 12.945775 1.289603
v 3.238587 12.548179 1.394505
v 3.316941 12.932799 1.414005
v 3.432806 12.618847 1.628180
v 3.286461 12.461946 1.495562
v 3.275316 12.540689 1.359018
v 3.354369 12.933141 1.378460
v 3.480350 12.610316 1.609980
v 3.326896 12.447182 1.467076
v 3.314328 12.342628 1.525275
v 3.438841 12.413820 1.659631
v 3.457508 12.417496 1.886437
v 3.396227 12.279472 1.698315
v 3.387713 12.133090 1.737000
v 3.410026 12.271473 1.886643
v 3.396644 12.113415 1.886849
v 3.399460 12.297265 2.081188
v 3.446893 12.444852 2.118567
v 3.386127 12.137644 2.043808
v 3.370161 12.363745 2.224244
v 3.363227 12.226244 2.170285
v 3.411194 12.489210 2.278203
v 3.324188 12.380704 2.208016
v 3.314104 12.233868 2.156386
v 3.363361 12.502817 2.264369
v 3.350157 12.309084 2.071496
v 3.398364 12.459345 2.108603
v 3.335243 12.143227 2.037171
v 3.359427 12.281682 1.886548
v 3.345220 12.117887 1.886894
v 3.407633 12.430793 1.886081
v 3.348433 12.291855 1.713375
v 3.337420 12.138738 1.747154
v 3.392310 12.429269 1.675773
v 3.272997 12.359574 1.551141
v 3.277316 12.237611 1.602890
v 3.322125 12.228941 1.578778
v 3.449117 12.636238 1.894055
v 3.478019 12.924660 1.922862
v 3.429286 12.681376 2.157432
v 3.458148 12.927611 2.180739
v 3.382344 12.691308 2.371639
v 3.365521 12.891152 2.488146
v 3.412154 12.970223 2.356707
v 3.431775 12.685349 2.385261
v 3.413807 12.892908 2.506307
v 3.461248 12.970779 2.372642
v 3.479563 12.673491 2.166062
v 3.509037 12.926535 2.189325
v 3.500162 12.628576 1.894539
v 3.529635 12.924367 1.923262
v 3.499386 13.244102 1.975763
v 3.509823 12.921293 1.629123
v 3.479710 13.260587 1.670395
v 3.399955 13.558608 1.777507
v 3.357651 13.291831 1.446994
v 3.305802 13.568886 1.570079
v 3.170830 13.309339 1.296737
v 3.137306 13.586987 1.436672
v 3.168192 12.945675 1.241378
v 2.826618 13.322181 1.248209
v 2.826618 13.595307 1.391069
v 2.482405 13.309339 1.296737
v 2.515930 13.586987 1.436672
v 2.295585 13.291831 1.446994
v 2.347434 13.568886 1.570079
v 2.173526 13.260587 1.670395
v 2.253281 13.558608 1.777507
v 2.153850 13.244102 1.975763
v 2.143413 12.921293 1.629123
v 2.123601 12.924367 1.923262
v 2.153075 12.628576 1.894539
v 2.228857 13.530056 2.027557
v 2.335891 13.681194 2.032814
v 2.347773 13.703702 1.833208
v 2.432038 13.721479 1.673562
v 2.564713 13.733735 1.565238
v 2.826618 13.739566 1.528423
v 3.088523 13.733735 1.565238
v 3.221198 13.721479 1.673562
v 3.305463 13.703702 1.833208
v 3.317345 13.681194 2.032814
v 3.424379 13.530056 2.027557
v 3.304924 13.660914 2.187987
v 3.411484 13.505138 2.223539
v 3.254619 13.643780 2.346268
v 3.189250 13.647084 2.466499
v 3.356109 13.482157 2.411224
v 3.284253 13.505960 2.564565
v 3.422582 13.230342 2.414153
v 3.357678 13.278091 2.607453
v 3.482399 13.224824 2.205749
v 3.343686 13.011335 2.587937
v 3.166572 13.271551 2.747704
v 3.123373 13.484884 2.671866
v 3.190614 13.087663 2.717984
v 2.826618 13.244162 2.803319
v 2.826618 13.478441 2.716254
v 2.826618 13.110653 2.809428
v 2.486664 13.271551 2.747704
v 2.529863 13.484884 2.671866
v 2.462621 13.087663 2.717984
v 2.487142 13.091122 2.672694
v 2.506710 13.263817 2.700770
v 2.826618 13.113441 2.759386
v 2.353002 13.012383 2.560095
v 2.336016 13.269955 2.576447
v 2.278989 13.223146 2.397527
v 2.220992 13.216681 2.196663
v 3.374247 13.223146 2.397527
v 3.317220 13.269955 2.576447
v 3.432244 13.216681 2.196663
v 3.448560 13.235119 1.975096
v 3.431192 13.249720 1.684264
v 3.460775 12.921126 1.645208
v 2.503448 12.945775 1.289603
v 2.222044 13.249720 1.684264
v 2.204676 13.235119 1.975096
v 3.300234 13.012383 2.560095
v 3.146526 13.263817 2.700770
v 3.166094 13.091122 2.672694
v 2.826618 13.237213 2.753262
v 2.195087 12.927611 2.180739
v 2.583562 13.633449 2.560450
v 2.826618 13.628659 2.593441
v 3.069674 13.633449 2.560450
v 2.317993 12.143227 2.037171
v 2.951363 13.817757 1.930401
v 2.826618 13.755739 1.871830
v 2.972738 13.783518 1.788314
v 3.060034 13.898867 1.871830
v 2.826618 13.853917 2.006963
v 2.972021 13.942376 2.006965
v 2.950140 14.088024 2.018217
v 3.059315 14.057725 1.923447
v 2.826618 14.012776 2.058581
v 2.826618 14.171635 2.006963
v 2.703096 14.088024 2.018217
v 2.681215 13.942376 2.006965
v 2.701873 13.817757 1.930401
v 2.593921 14.057725 1.923447
v 2.593202 13.898867 1.871830
v 2.553359 14.014000 1.788314
v 2.593202 13.898867 1.704799
v 2.680498 13.783518 1.788314
v 2.701873 13.817757 1.646228
v 2.826618 13.755739 1.704799
v 2.951363 13.817757 1.646228
v 2.826618 13.853917 1.569666
v 2.972021 13.942376 1.569664
v 2.826618 14.012776 1.518048
v 2.681215 13.942376 1.569664
v 2.703096 14.088024 1.558412
v 2.593921 14.057725 1.653182
v 2.594366 14.155904 1.788314
v 2.682379 14.199413 1.653182
v 2.703851 14.255054 1.788314
v 2.826618 14.269814 1.704799
v 2.826618 14.171635 1.569666
v 2.950140 14.088024 1.558412
v 2.970857 14.199413 1.653182
v 2.949385 14.255054 1.788314
v 3.058870 14.155904 1.788314
v 3.059315 14.057725 1.653182
v 3.099877 14.014000 1.788314
v 3.060034 13.898867 1.704799
v 2.970857 14.199413 1.923447
v 2.826618 14.269814 1.871830
v 2.682379 14.199413 1.923447
v 3.372131 12.143291 1.861075
v 3.351243 12.143252 1.873199
v 3.393019 12.143252 1.873199
v 3.364594 12.028140 1.887436
v 3.336955 12.033489 1.903008
v 3.392234 12.033489 1.903008
v 3.364595 11.919144 1.964532
v 3.337129 11.930984 1.975592
v 3.392061 11.930984 1.975592
v 3.364595 11.816363 2.108188
v 3.337930 11.826174 2.119222
v 3.391261 11.826175 2.119221
v 3.364596 11.720170 2.180892
v 3.337511 11.726583 2.195082
v 3.391680 11.726584 2.195081
v 3.391822 11.739435 2.223612
v 3.364595 11.745914 2.238040
v 3.392165 11.847124 2.142816
v 3.364595 11.857984 2.155053
v 3.391464 11.953846 1.996974
v 3.364595 11.964913 2.007355
v 3.391145 12.043822 1.932974
v 3.364594 12.048638 1.946669
v 3.393010 12.143395 1.897091
v 3.372131 12.143584 1.909195
v 3.351252 12.143395 1.897091
v 3.338044 12.043822 1.932974
v 3.337726 11.953846 1.996974
v 3.337026 11.847123 2.142817
v 3.337369 11.739434 2.223612
v 3.361467 11.526450 2.262244
v 3.341074 11.545197 2.325007
v 3.295473 11.545197 2.262244
v 3.341074 11.545197 2.199480
v 3.414857 11.545197 2.301033
v 3.414857 11.545197 2.223454
v 3.452300 11.595840 2.196250
v 3.394464 11.585983 2.160690
v 3.468247 11.585983 2.262244
v 3.452300 11.595840 2.328237
v 3.480852 11.651979 2.301033
v 3.480852 11.651979 2.223454
v 3.473743 11.708117 2.262244
v 3.447855 11.717974 2.199480
v 3.435251 11.651979 2.160689
v 3.396162 11.708117 2.155463
v 3.361467 11.651979 2.136715
v 3.326773 11.595840 2.155463
v 3.328470 11.717974 2.160690
v 3.287683 11.651979 2.160689
v 3.270634 11.708117 2.196250
v 3.242083 11.651979 2.223454
v 3.275080 11.585983 2.199480
v 3.249191 11.595840 2.262244
v 3.275080 11.585983 2.325007
v 3.242083 11.651979 2.301033
v 3.270634 11.708117 2.328237
v 3.254687 11.717974 2.262244
v 3.287683 11.651979 2.363798
v 3.326773 11.595840 2.369024
v 3.328470 11.717974 2.363798
v 3.361467 11.651979 2.387772
v 3.396162 11.708117 2.369024
v 3.435251 11.651979 2.363798
v 3.394464 11.585983 2.363798
v 3.447855 11.717974 2.325007
v 3.381860 11.758759 2.325007
v 3.427461 11.758759 2.262244
v 3.361467 11.777507 2.262244
v 3.381860 11.758759 2.199480
v 3.308077 11.758759 2.223454
v 3.308077 11.758759 2.301033
v 2.281105 12.143291 1.861075
v 2.301993 12.143252 1.873199
v 2.260217 12.143252 1.873199
v 2.288641 12.028140 1.887436
v 2.316281 12.033489 1.903008
v 2.261002 12.033489 1.903008
v 2.288641 11.919145 1.964532
v 2.316107 11.930984 1.975592
v 2.261175 11.930985 1.975592
v 2.288641 11.816363 2.108188
v 2.315306 11.826174 2.119222
v 2.261975 11.826175 2.119221
v 2.288640 11.720170 2.180892
v 2.315725 11.726583 2.195082
v 2.261556 11.726584 2.195081
v 2.261414 11.739435 2.223612
v 2.288640 11.745914 2.238040
v 2.261071 11.847124 2.142816
v 2.288641 11.857984 2.155053
v 2.261773 11.953846 1.996974
v 2.288641 11.964913 2.007354
v 2.262091 12.043822 1.932974
v 2.288642 12.048638 1.946669
v 2.260226 12.143395 1.897091
v 2.281105 12.143584 1.909195
v 2.301984 12.143395 1.897091
v 2.315192 12.043822 1.932974
v 2.315510 11.953846 1.996974
v 2.316210 11.847123 2.142817
v 2.315866 11.739434 2.223612
v 2.291769 11.526450 2.262244
v 2.312161 11.545197 2.325007
v 2.357763 11.545197 2.262244
v 2.312161 11.545197 2.199480
v 2.238379 11.545197 2.301033
v 2.238379 11.545197 2.223454
v 2.200936 11.595840 2.196250
v 2.258771 11.585983 2.160690
v 2.184988 11.585983 2.262244
v 2.200936 11.595840 2.328237
v 2.172384 11.651979 2.301033
v 2.172384 11.651979 2.223454
v 2.179493 11.708117 2.262244
v 2.205382 11.717974 2.199480
v 2.217985 11.651979 2.160689
v 2.257074 11.708117 2.155463
v 2.291769 11.651979 2.136715
v 2.326463 11.595840 2.155463
v 2.324766 11.717974 2.160690
v 2.365552 11.651979 2.160689
v 2.382602 11.708117 2.196250
v 2.411153 11.651979 2.223454
v 2.378156 11.585983 2.199480
v 2.404045 11.595840 2.262244
v 2.378156 11.585983 2.325007
v 2.411153 11.651979 2.301033
v 2.382602 11.708117 2.328237
v 2.398549 11.717974 2.262244
v 2.365552 11.651979 2.363798
v 2.326463 11.595840 2.369024
v 2.324766 11.717974 2.363798
v 2.291769 11.651979 2.387772
v 2.257074 11.708117 2.369024
v 2.217985 11.651979 2.363798
v 2.258771 11.585983 2.363798
v 2.205382 11.717974 2.325007
v 2.271376 11.758759 2.325007
v 2.225775 11.758759 2.262244
v 2.291769 11.777507 2.262244
v 2.271376 11.758759 2.199480
v 2.345159 11.758759 2.223454
v 2.345159 11.758759 2.301033
v 3.462413 10.267389 2.170050
v 3.418514 9.947098 2.184034
v 3.469603 10.267118 2.196974
v 4.067299 10.176072 1.977367
v 4.023399 9.855780 1.991350
v 4.074489 10.175799 2.004291
v 4.030590 9.855506 2.018275
v 3.425704 9.946824 2.210958
v 3.710391 10.174030 2.084653
v 3.715209 10.175545 2.127255
v 3.794728 10.160069 2.058817
v 3.734814 10.386036 2.076224
v 3.739632 10.387551 2.118826
v 3.819151 10.372074 2.050388
v 3.823970 10.373590 2.092990
v 3.799546 10.161584 2.101419
v 3.636169 7.959631 1.604512
v 3.664629 8.004734 1.680597
v 3.781414 7.999713 1.536602
v 3.634523 7.977094 1.597303
v 3.606066 7.972888 1.538267
v 3.751311 8.012969 1.470356
v 3.604421 7.990350 1.531058
v 3.740627 8.028414 1.467725
v 3.770729 8.015157 1.533970
v 3.796185 8.055498 1.602024
v 3.809873 8.044815 1.612686
v 3.659980 8.017436 1.665357
v 3.801823 8.218152 1.656614
v 3.766526 8.359259 1.663978
v 3.665617 8.180090 1.719947
v 3.813887 8.218229 1.668814
v 3.776967 8.370096 1.677716
v 3.668643 8.178149 1.736724
v 3.631722 8.330015 1.745627
v 3.588312 8.383996 1.683700
v 3.630320 8.321197 1.727311
v 3.591492 8.369478 1.671921
v 3.727697 8.407540 1.608589
v 3.574274 8.369478 1.626597
v 3.571094 8.383996 1.638376
v 3.710480 8.407540 1.563264
v 3.716339 8.424075 1.570466
v 3.733557 8.424075 1.615790
v 4.133536 8.285546 0.329976
v 4.197803 8.350699 0.313912
v 4.064202 8.330534 0.186856
v 4.122309 8.300428 0.333452
v 4.102074 8.282941 0.336714
v 4.032741 8.327929 0.193594
v 4.090847 8.297823 0.340189
v 4.026056 8.340550 0.206069
v 4.057517 8.343156 0.199332
v 4.115000 8.401432 0.184963
v 4.128469 8.395688 0.170792
v 4.179791 8.358705 0.319083
v 4.129426 8.571192 0.205968
v 4.101445 8.703179 0.260810
v 4.194218 8.528465 0.340088
v 4.141753 8.575900 0.195000
v 4.112630 8.718338 0.253045
v 4.211086 8.530911 0.338120
v 4.181964 8.673349 0.396164
v 4.107183 8.704432 0.441715
v 4.166236 8.660451 0.394931
v 4.099349 8.688253 0.435674
v 4.034559 8.730981 0.301553
v 4.071656 8.688050 0.443138
v 4.079490 8.704229 0.449179
v 4.006866 8.730778 0.309017
v 4.010157 8.749217 0.306059
v 4.037850 8.749421 0.298595
v 1.596402 8.327352 0.184078
v 1.533715 8.391160 0.158942
v 1.522817 8.325484 0.332051
v 1.603694 8.341558 0.194307
v 1.648377 8.320590 0.211652
v 1.574793 8.318725 0.359625
v 1.655670 8.334796 0.221881
v 1.586507 8.333608 0.360542
v 1.534532 8.340369 0.332968
v 1.478461 8.397443 0.310486
v 1.460129 8.389295 0.306916
v 1.547624 8.398633 0.171824
v 1.458597 8.567122 0.327285
v 1.497069 8.705998 0.348363
v 1.527760 8.568311 0.188623
v 1.441770 8.569758 0.325214
v 1.481745 8.719419 0.347791
v 1.515355 8.571624 0.177240
v 1.555331 8.721284 0.199818
v 1.631867 8.756768 0.238758
v 1.566231 8.707187 0.209702
v 1.634689 8.738927 0.244532
v 1.565526 8.737737 0.383192
v 1.673100 8.744079 0.269898
v 1.670278 8.761918 0.264124
v 1.603937 8.742888 0.408558
v 1.596691 8.760053 0.412097
v 1.558280 8.754901 0.386730
v 1.956137 7.963919 1.574191
v 1.934827 8.013968 1.649518
v 2.105589 7.942057 1.641277
v 1.966715 7.979007 1.569711
v 1.990034 7.980087 1.527915
v 2.145343 7.937793 1.565394
v 2.001384 7.994108 1.522067
v 2.147063 7.954956 1.557514
v 2.106787 7.959026 1.632895
v 2.087727 8.003791 1.700272
v 2.084279 7.992105 1.716604
v 1.947654 8.023772 1.637088
v 2.106527 8.165167 1.753287
v 2.136568 8.308070 1.745177
v 1.966454 8.185150 1.690102
v 2.104942 8.164289 1.770349
v 2.136845 8.317999 1.762969
v 1.955489 8.186151 1.703262
v 1.987394 8.339861 1.695882
v 2.025855 8.389324 1.627272
v 1.996496 8.328053 1.681993
v 2.030897 8.372293 1.620624
v 2.170969 8.352311 1.683808
v 2.054029 8.382745 1.589353
v 2.048987 8.399775 1.596001
v 2.194102 8.362761 1.652537
v 2.198439 8.377912 1.663087
v 2.175306 8.367460 1.694358
v 3.303818 8.287907 1.832299
v 3.314969 7.960179 1.773525
v 3.568439 8.331018 1.726261
v 3.082755 8.271411 1.896643
v 3.281842 8.292650 1.781587
v 3.291758 7.978979 1.730675
v 3.530301 8.320610 1.683437
v 3.071449 8.274590 1.843856
v 3.078210 7.954574 1.758333
v 2.775636 8.223536 1.931416
v 2.791775 8.223790 1.983028
v 2.820608 7.904874 1.852653
v 2.639748 8.197754 1.989540
v 2.651490 8.197490 2.042326
v 2.725999 7.889505 1.904016
v 2.341316 8.066893 1.953921
v 2.352943 8.068549 2.006708
v 2.476722 7.776855 1.868398
v 2.112276 7.904962 1.953921
v 2.065201 7.737408 1.924154
v 2.123904 7.906616 2.006708
v 2.076873 7.739158 1.976078
v 2.125170 7.635902 1.944718
v 2.265285 7.602613 1.914511
v 2.106898 7.648092 1.897818
v 2.247072 7.614491 1.868398
v 2.494936 7.764979 1.914511
v 2.742029 7.874813 1.950130
v 2.838872 7.890095 1.897899
v 3.090077 7.936353 1.804446
v 3.801788 8.351008 1.569303
v 3.577490 8.014441 1.620421
v 3.851416 8.060486 1.512895
v 3.617981 8.009587 1.660104
v 3.903854 8.046773 1.550056
v 3.851550 8.351777 1.609074
v 4.202879 8.207656 1.114876
v 4.137446 8.484063 1.121642
v 4.297002 8.261211 0.831581
v 4.144972 8.200826 1.102309
v 4.081975 8.464303 1.108107
v 4.246203 8.260203 0.838206
v 4.210892 8.318761 0.562898
v 4.157750 8.522646 0.879024
v 4.148612 8.565298 0.568865
v 4.215430 8.539640 0.875595
v 4.212089 8.600932 0.564212
v 4.266052 8.336729 0.554417
v 4.014960 8.701621 0.192555
v 3.602764 8.742277 -0.093613
v 4.075367 8.418341 0.112819
v 3.959415 8.686659 0.220420
v 3.566554 8.733462 -0.053247
v 4.016953 8.416828 0.144469
v 3.642663 8.430536 -0.097629
v 3.299452 8.430182 -0.194535
v 3.683641 8.424768 -0.139996
v 3.325314 8.418370 -0.239729
v 3.276137 8.739289 -0.184256
v 2.862638 8.438635 -0.336448
v 2.859999 8.726377 -0.300388
v 2.341886 8.418927 -0.282707
v 2.863568 8.450504 -0.288732
v 2.860913 8.724366 -0.259216
v 2.367537 8.430217 -0.236435
v 2.377590 8.727470 -0.167393
v 2.058255 8.443285 -0.157116
v 1.617087 8.422126 0.171623
v 2.078422 8.724721 -0.096183
v 2.014672 8.427775 -0.199365
v 1.565185 8.429686 0.148275
v 2.037198 8.723385 -0.135418
v 2.351587 8.730495 -0.208615
v 1.564539 8.706942 0.248783
v 1.413106 8.610489 0.691971
v 1.623105 8.715729 0.272605
v 1.466099 8.610040 0.702783
v 1.523005 8.562733 0.939075
v 1.495731 8.391935 0.540709
v 1.517451 8.316919 0.854447
v 1.444214 8.381513 0.521818
v 1.458158 8.271484 0.844349
v 1.480736 8.550484 0.942264
v 1.469842 8.208305 1.105522
v 1.724201 8.083179 1.516776
v 1.519009 8.510754 1.153327
v 1.518418 8.237353 1.103467
v 1.762962 8.104183 1.488748
v 1.570209 8.503066 1.146409
v 1.844061 8.405457 1.506626
v 2.160250 8.327859 1.658211
v 1.809341 8.399471 1.535546
v 2.129790 8.329850 1.707462
v 2.418845 8.256386 1.943029
v 2.015912 7.985238 1.624906
v 2.375491 7.896721 1.813980
v 2.051780 7.999609 1.579575
v 2.400013 7.910002 1.769614
v 2.445641 8.261720 1.890489
v 2.539767 7.937830 1.776906
v 2.623946 7.892925 1.832271
v 2.582657 8.251266 1.895732
v 2.516522 7.893187 1.862525
v 2.611029 7.879400 1.879744
v 2.559517 8.249398 1.984778
v 2.653820 8.233459 1.993820
v 2.664330 8.230865 1.940993
v 3.251961 8.736263 -0.143034
v 3.006429 7.764377 1.860106
v 3.058115 8.249529 2.029662
v 2.748881 7.770975 1.823855
v 2.941245 7.835038 1.873946
v 3.011749 7.776261 1.824479
v 3.063434 8.261413 1.994035
v 2.754200 7.782860 1.788227
v 2.946564 7.846923 1.838318
v 2.985363 8.211114 1.965599
v 2.761530 7.851664 1.812274
v 2.581021 7.898883 1.801074
v 2.756211 7.839780 1.847901
v 2.575701 7.886998 1.836702
v 2.614501 8.251189 1.963983
v 2.497631 7.836699 1.808267
v 2.549317 8.321852 1.977823
v 2.502950 7.848583 1.772639
v 2.554636 8.333736 1.942195
v 2.812185 8.327136 1.978446
v 2.619820 8.263075 1.928355
v 2.804855 8.258332 1.954400
v 2.799535 8.246448 1.990028
v 2.980044 8.199230 2.001227
v 2.806865 8.315252 2.014074
v 2.502634 8.033179 1.894500
v 2.505524 8.080535 1.913467
v 2.535631 8.045931 1.857632
v 2.555623 8.008086 1.949077
v 2.615990 7.985843 1.995413
v 2.588620 8.020839 1.912209
v 2.558514 8.055442 1.968044
v 2.618881 8.033199 2.014380
v 2.591511 8.068195 1.931176
v 2.538521 8.093287 1.876599
v 2.651878 8.045952 1.977511
v 2.719622 8.026560 2.015604
v 2.648988 7.998596 1.958544
v 2.716732 7.979204 1.996637
v 2.683734 7.966450 2.033506
v 2.686625 8.013807 2.052473
v 4.232600 11.297240 1.950775
v 4.215995 11.594435 1.619627
v 4.551867 11.172216 1.870581
v 4.246612 11.034803 1.971734
v 3.984486 11.349693 1.968298
v 4.005526 11.108377 2.032944
v 3.957257 11.786566 1.640332
v 4.014578 11.395686 2.051839
v 4.033818 11.125533 2.127311
v 4.263144 11.342670 2.034460
v 4.003871 11.858884 1.691296
v 4.258494 11.666218 1.674773
v 3.930947 12.103023 1.271851
v 3.640237 12.225001 0.893494
v 4.297230 11.875185 1.280622
v 3.882510 12.016988 1.255980
v 3.604879 12.131468 0.894637
v 4.251215 11.791548 1.250833
v 4.564924 11.614489 1.245721
v 4.250629 11.837698 0.995853
v 4.291165 11.861882 0.657599
v 4.571607 11.715491 1.027250
v 4.550672 11.732959 0.723331
v 4.611233 11.805517 1.045279
v 4.607153 11.696989 1.283276
v 4.592420 11.820524 0.699053
v 4.291628 11.928463 1.004849
v 4.332839 11.947222 0.626289
v 4.236915 11.560893 0.158329
v 3.704553 12.187023 0.438299
v 3.260611 12.282952 0.332281
v 3.699468 11.742795 0.072001
v 3.255526 11.854099 -0.014789
v 3.675236 11.069840 -0.188956
v 3.179322 11.116220 -0.287186
v 4.161165 10.987905 -0.058953
v 3.800284 9.919128 -0.173509
v 3.233005 10.063787 -0.371639
v 4.262820 9.792515 0.015579
v 3.784551 9.289861 -0.317979
v 3.279052 9.444129 -0.481587
v 4.294827 9.063589 -0.069970
v 3.825044 8.957784 -0.293418
v 3.290529 9.120907 -0.466417
v 4.331555 8.650024 -0.085141
v 3.885819 8.329566 -0.333007
v 3.332735 8.498358 -0.512017
v 4.409927 8.011115 -0.105343
v 3.912932 7.837896 -0.358418
v 3.344743 8.011295 -0.542317
v 4.451353 7.510747 -0.124536
v 3.873568 7.830987 -0.266751
v 3.315806 8.004642 -0.446826
v 4.371788 7.503733 -0.064368
v 3.847616 8.321555 -0.240940
v 3.304075 8.490502 -0.416535
v 4.337795 8.002585 -0.036610
v 4.258485 8.637003 -0.018125
v 4.220324 9.052610 -0.004178
v 4.386979 8.808663 0.525149
v 4.195889 9.792094 0.089875
v 4.128372 10.973502 0.034413
v 4.374903 9.316354 0.593693
v 4.326209 10.028106 0.199336
v 4.420005 9.683006 0.639204
v 4.376382 10.965268 0.087430
v 4.390611 10.017080 0.123635
v 4.515456 9.669415 0.612662
v 4.411848 10.979902 -0.004917
v 4.496497 11.523303 0.242378
v 4.460821 11.467517 0.317312
v 4.203168 11.511436 0.238422
v 3.668826 11.694349 0.153941
v 3.227797 11.806743 0.068809
v 3.668760 12.102490 0.477961
v 3.235308 12.197381 0.377418
v 2.836294 12.225031 0.256095
v 3.165092 12.254329 0.718675
v 2.836294 12.277978 0.625302
v 3.184408 12.351738 0.706918
v 2.836294 12.376673 0.609192
v 2.836294 12.309116 0.201970
v 2.488181 12.351738 0.706918
v 2.411978 12.282952 0.332281
v 2.032352 12.225001 0.893494
v 2.507497 12.254329 0.718675
v 2.437281 12.197381 0.377418
v 2.067710 12.131468 0.894637
v 1.790079 12.016988 1.255980
v 2.003829 12.102490 0.477961
v 1.421960 11.837698 0.995853
v 1.421373 11.791548 1.250833
v 1.381423 11.861882 0.657599
v 1.100982 11.715491 1.027250
v 1.107665 11.614489 1.245721
v 1.121917 11.732959 0.723331
v 1.061356 11.805517 1.045279
v 1.065436 11.696989 1.283276
v 1.080169 11.820524 0.699053
v 1.380961 11.928464 1.004849
v 1.375359 11.875185 1.280622
v 1.339750 11.947222 0.626289
v 1.435674 11.560893 0.158329
v 1.968036 12.187023 0.438299
v 1.973121 11.742795 0.072001
v 2.417063 11.854099 -0.014789
v 1.997352 11.069840 -0.188956
v 2.493267 11.116220 -0.287186
v 1.511424 10.987905 -0.058953
v 1.872304 9.919128 -0.173509
v 2.439584 10.063787 -0.371639
v 1.409768 9.792515 0.015579
v 1.888038 9.289861 -0.317979
v 2.393537 9.444129 -0.481587
v 1.377761 9.063589 -0.069970
v 1.898028 8.957785 -0.293418
v 2.432543 9.120907 -0.466417
v 1.391517 8.650025 -0.085141
v 1.891857 8.329567 -0.333007
v 2.444941 8.498359 -0.512017
v 1.367749 8.011116 -0.105343
v 1.864515 7.837896 -0.358418
v 2.432703 8.011296 -0.542316
v 1.343379 7.621535 -0.111030
v 1.903954 7.831780 -0.266727
v 2.461644 8.004629 -0.446828
v 1.426283 7.614040 -0.055616
v 1.929254 8.323583 -0.240457
v 2.473209 8.491819 -0.416319
v 1.442990 8.005412 -0.039721
v 1.465222 8.647972 -0.017589
v 1.452632 9.058823 -0.003851
v 1.286285 8.821643 0.526646
v 1.476700 9.792095 0.089875
v 1.544217 10.973502 0.034413
v 1.297686 9.316355 0.593693
v 1.346380 10.028107 0.199336
v 1.252584 9.683006 0.639204
v 1.296207 10.965268 0.087430
v 1.281978 10.017080 0.123635
v 1.157133 9.669416 0.612662
v 1.260741 10.979902 -0.004917
v 1.176091 11.523303 0.242378
v 1.211768 11.467517 0.317312
v 1.469421 11.511436 0.238423
v 2.003762 11.694349 0.153941
v 2.444791 11.806743 0.068809
v 2.888421 8.560026 -0.518071
v 2.888727 8.075453 -0.551215
v 2.888723 8.082277 -0.650982
v 2.888838 8.567451 -0.617794
v 2.861536 9.187681 -0.568642
v 2.836294 9.507279 -0.578263
v 2.836294 10.113921 -0.454999
v 2.836294 11.155474 -0.370251
v 2.836294 11.896079 -0.139174
v 2.836294 11.848756 -0.051081
v 1.199292 9.313156 0.576131
v 1.163704 9.513128 1.098559
v 1.179432 9.251858 1.140359
v 1.156568 9.727318 1.603858
v 1.262070 9.529425 1.090910
v 1.278598 9.260853 1.131121
v 1.242461 9.753593 1.559904
v 1.385118 9.597946 1.793051
v 1.194278 10.450090 1.936546
v 1.440552 10.525924 2.022903
v 1.130731 10.931721 1.965138
v 1.146363 10.432901 2.022620
v 1.392454 10.522031 2.110490
v 1.111542 10.941244 2.062817
v 1.399881 11.050031 2.067060
v 1.089655 11.217658 1.954067
v 1.409445 11.342671 2.034460
v 1.078118 11.470430 1.694674
v 1.120722 11.172216 1.870581
v 1.439989 11.297240 1.950775
v 1.119024 11.398452 1.638587
v 1.456594 11.594435 1.619627
v 1.715332 11.786566 1.640332
v 1.688103 11.349693 1.968298
v 1.668718 11.858884 1.691296
v 1.414094 11.666219 1.674773
v 1.658011 11.395686 2.051839
v 1.741641 12.103023 1.271851
v 1.638770 11.125533 2.127311
v 1.609232 10.579412 2.228170
v 1.667063 11.108377 2.032944
v 1.661965 10.574221 2.143362
v 1.425977 11.034803 1.971734
v 1.632779 9.716201 2.127110
v 1.588416 9.041215 2.121441
v 1.556884 9.711838 2.192078
v 1.299929 9.585871 1.844011
v 1.502473 9.038373 2.172488
v 1.327223 8.837414 1.800279
v 1.551590 8.217446 2.101942
v 1.402870 8.209817 1.881340
v 1.533382 7.563509 2.157722
v 1.636517 8.217553 2.049147
v 1.495320 8.210458 1.843228
v 1.616117 7.554677 2.102252
v 1.470918 7.547011 1.889858
v 1.578871 7.040332 2.145000
v 1.428813 7.031806 1.925075
v 1.496250 7.050916 2.200333
v 1.338161 7.042806 1.965833
v 1.183561 7.161609 1.283525
v 1.379496 7.555614 1.929456
v 1.229005 7.516552 1.265286
v 1.166237 7.742626 0.521184
v 1.257432 8.172067 1.239470
v 1.179950 8.272398 0.507040
v 1.212590 8.796405 1.197707
v 1.187350 8.821869 0.512091
v 1.133647 7.348160 0.508837
v 1.233059 7.338721 0.514137
v 1.281448 7.150792 1.266172
v 1.265598 7.736232 0.530481
v 1.327352 7.508549 1.249039
v 1.279243 8.271197 0.518843
v 1.356267 8.172202 1.224253
v 1.311760 8.800765 1.185608
v 1.420855 8.842899 1.765595
v 4.473297 9.313156 0.576131
v 4.508885 9.513127 1.098559
v 4.493156 9.251858 1.140359
v 4.516021 9.727318 1.603858
v 4.410519 9.529424 1.090910
v 4.393991 9.260852 1.131121
v 4.430128 9.753592 1.559904
v 4.287471 9.597946 1.793051
v 4.478311 10.450091 1.936546
v 4.232037 10.525925 2.022903
v 4.541859 10.931721 1.965138
v 4.526226 10.432902 2.022620
v 4.280134 10.522032 2.110490
v 4.561047 10.941244 2.062817
v 4.272708 11.050030 2.067060
v 4.582934 11.217658 1.954067
v 4.594471 11.470430 1.694674
v 4.553565 11.398452 1.638587
v 4.063357 10.579412 2.228170
v 4.372660 9.585871 1.844011
v 4.115705 9.711838 2.192078
v 4.345366 8.837413 1.800279
v 4.170115 9.038372 2.172488
v 4.459999 8.796404 1.197707
v 4.440037 8.177686 1.881340
v 4.286328 8.206274 2.101942
v 4.552548 8.177858 1.239469
v 4.478601 7.516372 1.813074
v 4.319552 7.545954 2.041341
v 4.595021 7.516551 1.265286
v 4.474286 7.002492 1.846273
v 4.310894 7.032882 2.080774
v 4.593885 7.161608 1.283525
v 4.383348 7.000528 1.804724
v 4.228702 7.029897 2.023892
v 4.495518 7.161058 1.265540
v 4.386216 7.514191 1.774862
v 4.237460 7.545177 1.984242
v 4.496515 7.513362 1.248364
v 4.347217 8.169740 1.844991
v 4.200044 8.199359 2.051870
v 4.454511 8.165626 1.224011
v 4.251033 8.830671 1.767784
v 4.083266 9.034695 2.123055
v 4.361098 8.788175 1.185424
v 4.039810 9.716201 2.127110
v 4.010624 10.574222 2.143362
v 4.555015 8.269523 0.516398
v 4.600064 7.620566 0.516459
v 4.601235 7.364732 0.510051
v 4.700810 7.367807 0.501369
v 4.699103 7.626403 0.503923
v 4.653136 8.284022 0.503669
v 4.485239 8.821868 0.512091
v 4.196083 10.523502 2.189778
v 4.114775 10.470860 2.231037
v 4.277392 10.470860 2.148518
v 4.181995 10.523502 2.162015
v 4.100687 10.470860 2.203275
v 4.263305 10.470860 2.120756
v 4.263305 10.365577 2.120756
v 4.181995 10.312935 2.162015
v 4.277392 10.365577 2.148518
v 4.196083 10.312935 2.189778
v 4.114775 10.365577 2.231037
v 4.100687 10.365577 2.203275
v 4.217889 9.596597 2.091013
v 4.162838 9.542650 2.162732
v 4.276658 9.545332 2.020284
v 4.193591 9.595556 2.071579
v 4.138539 9.541609 2.143298
v 4.252359 9.544290 2.000849
v 4.256077 9.439077 2.001838
v 4.201025 9.385129 2.073557
v 4.280375 9.440118 2.021273
v 4.225324 9.386171 2.092992
v 4.166555 9.437436 2.163722
v 4.142257 9.436396 2.144287
v 4.285173 8.799075 2.038694
v 4.257872 8.744679 2.124603
v 4.324975 8.748959 1.955096
v 4.256463 8.795388 2.027236
v 4.229161 8.740993 2.113144
v 4.296265 8.745271 1.943637
v 4.308765 8.640758 1.945948
v 4.281463 8.586362 2.031857
v 4.337476 8.644445 1.957407
v 4.310174 8.590050 2.043315
v 4.270372 8.640166 2.126914
v 4.241661 8.636479 2.115455
v 4.385103 7.880179 1.994133
v 4.330998 7.827117 2.067220
v 4.441953 7.828003 1.922505
v 4.360411 7.879273 1.975195
v 4.306306 7.826211 2.048282
v 4.417259 7.827097 1.903567
v 4.420003 7.721859 1.905026
v 4.365898 7.668798 1.978113
v 4.444696 7.722766 1.923964
v 4.390591 7.669703 1.997051
v 4.333742 7.721880 2.068679
v 4.309049 7.720973 2.049741
v 1.309816 4.960281 1.066038
v 1.336904 4.860033 1.045028
v 1.396369 4.972969 1.272679
v 1.194947 4.812687 1.018024
v 1.208511 4.736583 0.985694
v 1.225415 4.773688 1.238481
v 1.091819 4.615918 0.925524
v 1.137531 4.572827 0.892757
v 1.109272 4.550629 1.141125
v 1.053292 4.467715 0.789843
v 1.110972 4.453833 0.756702
v 1.061689 4.333142 0.971145
v 1.110275 4.327952 0.580199
v 1.168716 4.343333 0.612372
v 1.048664 4.178602 0.738152
v 1.220686 4.236088 0.433675
v 1.256094 4.264478 0.501169
v 1.158796 4.042387 0.532165
v 1.500986 4.139177 0.374152
v 1.491274 4.183115 0.466236
v 1.404551 3.953034 0.458426
v 1.395753 3.988778 0.557515
v 1.197559 4.061606 0.604322
v 1.109843 4.185051 0.775787
v 1.122465 4.309660 0.941919
v 1.157089 4.499352 1.115113
v 1.239117 4.690152 1.214016
v 1.430920 4.873868 1.259497
v 4.362773 4.960281 1.066038
v 4.335685 4.860033 1.045028
v 4.276219 4.972969 1.272679
v 4.477642 4.812687 1.018024
v 4.464077 4.736583 0.985694
v 4.447174 4.773688 1.238481
v 4.580770 4.615918 0.925524
v 4.535058 4.572827 0.892757
v 4.563317 4.550629 1.141125
v 4.619297 4.467715 0.789843
v 4.561617 4.453833 0.756702
v 4.610900 4.333142 0.971145
v 4.562314 4.327952 0.580199
v 4.503873 4.343333 0.612372
v 4.623924 4.178602 0.738152
v 4.451903 4.236088 0.433675
v 4.416495 4.264478 0.501169
v 4.513793 4.042387 0.532165
v 4.171602 4.139177 0.374152
v 4.181314 4.183115 0.466236
v 4.268038 3.953034 0.458426
v 4.276836 3.988778 0.557515
v 4.475029 4.061606 0.604322
v 4.562746 4.185051 0.775787
v 4.550124 4.309660 0.941919
v 4.515499 4.499352 1.115113
v 4.433472 4.690152 1.214016
v 4.241669 4.873868 1.259497
vn 0.8363 0.0600 0.5449
vn 0.8747 -0.0125 0.4845
vn 0.9671 -0.0028 0.2542
vn 0.9553 0.0483 0.2917
vn 0.9706 0.0100 0.2405
vn 0.9696 -0.0213 0.2440
vn 0.9977 0.0256 0.0624
vn 0.9972 0.0065 0.0739
vn 0.9960 0.0294 -0.0848
vn 0.9965 0.0478 -0.0688
vn 0.4287 0.0199 0.9032
vn 0.4880 0.1296 0.8632
vn 0.7254 0.0537 0.6863
vn 0.6428 0.0564 0.7639
vn 0.8478 -0.5033 -0.1672
vn 0.9579 -0.1724 0.2293
vn 0.5311 -0.7455 -0.4028
vn 0.1780 -0.3254 0.9287
vn -0.0000 -0.3320 0.9433
vn -0.0000 -0.5967 0.8025
vn 0.0237 -0.6210 0.7835
vn 0.9761 -0.1302 0.1742
vn 0.8869 -0.1331 0.4424
vn 0.6411 -0.7300 0.2369
vn 0.6310 -0.7755 -0.0181
vn 0.7413 -0.2549 0.6209
vn 0.4555 -0.4576 0.7636
vn 0.3186 -0.8465 0.4265
vn 0.4218 -0.8354 0.3524
vn 0.4457 -0.4807 0.7551
vn 0.6621 -0.4522 0.5976
vn 0.6407 -0.6012 -0.4775
vn 0.0645 -0.9829 -0.1727
vn 0.6796 -0.7041 -0.2059
vn 0.1718 -0.1564 0.9726
vn -0.0000 -0.1637 0.9865
vn 0.7975 -0.0914 0.5964
vn 0.6312 0.2595 0.7309
vn 0.6109 0.7414 -0.2777
vn 0.8524 0.0928 -0.5147
vn -0.0000 0.0224 0.9997
vn -0.0000 -0.0578 0.9983
vn 0.2225 -0.0303 0.9745
vn 0.2469 0.0070 0.9690
vn 0.0584 -0.7648 0.6417
vn 0.4459 0.2107 0.8699
vn 0.3522 -0.4568 0.8169
vn 0.3615 0.1422 0.9215
vn 0.2882 -0.1631 0.9436
vn 0.8422 -0.0704 0.5345
vn 0.5683 -0.1071 0.8158
vn 0.4382 -0.1228 0.8904
vn 0.4349 -0.1201 0.8924
vn 0.5686 -0.1006 0.8164
vn 0.2981 -0.1358 0.9448
vn 0.2910 -0.1367 0.9469
vn -0.5734 -0.7805 0.2492
vn -0.8518 -0.1120 0.5117
vn 0.0115 0.9919 0.1268
vn -0.6176 0.6325 0.4674
vn 0.4453 -0.1252 0.8866
vn 0.3052 -0.1349 0.9427
vn 0.5680 -0.1136 0.8152
vn -0.0001 -0.8068 -0.5908
vn -0.0002 -0.9819 -0.1894
vn -0.0000 -0.8158 -0.5783
vn -0.0000 -0.8068 -0.5908
vn -0.0000 -0.9872 -0.1592
vn -0.0000 -0.9876 -0.1571
vn -0.0000 -0.9877 -0.1564
vn -0.0000 -0.9565 0.2919
vn -0.0086 -0.9842 0.1768
vn -0.0000 -0.9819 -0.1896
vn -0.8363 0.0600 0.5449
vn -0.9553 0.0483 0.2917
vn -0.9671 -0.0028 0.2542
vn -0.8747 -0.0125 0.4845
vn -0.9706 0.0100 0.2405
vn -0.9696 -0.0213 0.2440
vn -0.9977 0.0256 0.0624
vn -0.9965 0.0478 -0.0688
vn -0.9960 0.0294 -0.0848
vn -0.9972 0.0065 0.0739
vn -0.4287 0.0199 0.9032
vn -0.6428 0.0564 0.7639
vn -0.7254 0.0537 0.6863
vn -0.4880 0.1296 0.8632
vn -0.8478 -0.5033 -0.1672
vn -0.5311 -0.7455 -0.4028
vn -0.9579 -0.1724 0.2293
vn -0.1780 -0.3254 0.9287
vn -0.0237 -0.6210 0.7835
vn -0.9761 -0.1302 0.1742
vn -0.6310 -0.7755 -0.0181
vn -0.6411 -0.7300 0.2369
vn -0.8869 -0.1331 0.4424
vn -0.7413 -0.2549 0.6209
vn -0.4218 -0.8354 0.3524
vn -0.3186 -0.8465 0.4265
vn -0.4555 -0.4576 0.7636
vn -0.4457 -0.4807 0.7551
vn -0.0645 -0.9829 -0.1727
vn -0.6407 -0.6012 -0.4775
vn -0.6621 -0.4522 0.5976
vn -0.6796 -0.7041 -0.2059
vn -0.1718 -0.1564 0.9726
vn -0.7975 -0.0914 0.5964
vn -0.8524 0.0928 -0.5147
vn -0.6109 0.7414 -0.2777
vn -0.6312 0.2595 0.7309
vn -0.2469 0.0070 0.9690
vn -0.2225 -0.0303 0.9745
vn -0.0584 -0.7648 0.6417
vn -0.4459 0.2107 0.8699
vn -0.3522 -0.4568 0.8169
vn -0.3615 0.1422 0.9215
vn -0.2882 -0.1631 0.9436
vn -0.8422 -0.0704 0.5345
vn -0.5683 -0.1071 0.8158
vn -0.5686 -0.1006 0.8164
vn -0.4349 -0.1201 0.8924
vn -0.4382 -0.1228 0.8904
vn -0.2910 -0.1367 0.9469
vn -0.2981 -0.1358 0.9448
vn 0.8518 -0.1120 0.5117
vn 0.5734 -0.7805 0.2492
vn -0.0115 0.9919 0.1268
vn 0.6176 0.6325 0.4674
vn -0.4453 -0.1252 0.8866
vn -0.3052 -0.1349 0.9427
vn -0.5680 -0.1136 0.8152
vn 0.0002 -0.9819 -0.1894
vn 0.0001 -0.8068 -0.5908
vn 0.0086 -0.9842 0.1768
vn 0.9428 -0.3270 -0.0642
vn 0.5577 -0.8209 -0.1228
vn 0.5347 -0.8158 -0.2204
vn 0.9578 -0.2062 -0.2004
vn 0.7337 0.5139 0.4444
vn 0.7380 0.6747 0.0063
vn 0.6831 -0.1233 0.7198
vn 0.3372 -0.6277 0.7017
vn -0.0039 -0.9888 -0.1491
vn -0.0021 -0.9898 -0.1426
vn 0.0849 -0.6316 0.7706
vn -0.0000 -0.9890 -0.1479
vn -0.0000 -0.9903 -0.1386
vn -0.0000 -0.6030 0.7977
vn 0.0039 -0.9888 -0.1491
vn 0.0021 -0.9898 -0.1426
vn -0.5577 -0.8209 -0.1228
vn -0.5347 -0.8158 -0.2204
vn -0.0849 -0.6316 0.7706
vn -0.3372 -0.6277 0.7017
vn -0.6831 -0.1233 0.7198
vn -0.0820 0.3871 0.9184
vn -0.0000 0.4089 0.9126
vn -0.7337 0.5139 0.4444
vn -0.0369 0.7956 0.6047
vn -0.0000 0.7845 0.6201
vn -0.7380 0.6747 0.0063
vn 0.0041 0.9818 0.1896
vn -0.0000 0.9818 0.1898
vn -0.0041 0.9818 0.1896
vn 0.0369 0.7956 0.6047
vn 0.0820 0.3871 0.9184
vn -0.9578 -0.2062 -0.2004
vn -0.9428 -0.3270 -0.0642
vn 0.4326 -0.3799 0.8177
vn 0.6370 -0.2091 0.7420
vn 0.6583 -0.2491 0.7103
vn 0.4400 -0.3179 0.8398
vn 0.0058 -0.4690 0.8832
vn -0.0125 -0.3838 0.9233
vn -0.0000 -0.0025 1.0000
vn 0.3592 0.0481 0.9320
vn 0.4519 0.1897 0.8716
vn -0.0000 0.4537 0.8911
vn 0.2116 0.4637 0.8603
vn 0.2730 0.5002 0.8217
vn -0.2875 0.9544 0.0804
vn -0.0000 0.9987 0.0511
vn -0.0000 0.9916 -0.1291
vn -0.2813 0.9591 -0.0322
vn -0.0000 -0.6247 0.7808
vn -0.0000 0.6077 0.7942
vn 0.2553 0.5465 0.7976
vn 0.4378 -0.5360 0.7219
vn -0.0000 -0.2867 -0.9580
vn -0.0000 -0.9998 -0.0206
vn 0.1913 -0.9786 -0.0764
vn -0.1753 -0.2798 -0.9439
vn -0.4167 0.9062 0.0716
vn -0.4506 0.8870 0.1008
vn 0.2525 0.5508 0.7955
vn 0.6220 -0.4176 0.6623
vn 0.3308 -0.9250 -0.1870
vn -0.4348 -0.3864 -0.8134
vn -0.3203 0.8785 -0.3543
vn -0.0000 0.9271 -0.3747
vn -0.6056 0.7679 -0.2089
vn -0.5202 -0.5284 -0.6710
vn -0.8339 0.5517 -0.0157
vn 0.2615 0.6755 0.6894
vn 0.8478 -0.2124 0.4860
vn 0.3340 0.7939 0.5082
vn 0.9837 0.1366 0.1166
vn -0.9091 0.3307 0.2533
vn 0.3378 0.5965 0.7281
vn 0.3742 0.7139 0.5918
vn 0.7594 0.4605 0.4596
vn 0.5767 0.3312 0.7468
vn -0.5546 0.7074 0.4382
vn -0.5631 0.7995 0.2093
vn -0.4787 0.8462 0.2339
vn -0.5001 0.7320 0.4626
vn 0.4382 -0.8355 -0.3314
vn 0.4280 -0.7622 -0.4857
vn -0.5281 -0.7183 -0.4529
vn 0.9987 0.0302 -0.0416
vn 0.8668 -0.0796 0.4923
vn 0.9963 0.0809 -0.0290
vn 0.8761 -0.1318 0.4637
vn 0.9192 0.1280 -0.3725
vn 0.9228 0.2003 -0.3292
vn 0.8297 0.5565 0.0427
vn 0.7543 0.1561 -0.6377
vn 0.7742 0.2874 -0.5639
vn 0.7486 0.6590 -0.0731
vn 0.3553 0.8179 0.4525
vn 0.3394 0.8434 0.4165
vn -0.4046 0.6508 0.6425
vn -0.3900 0.5051 0.7699
vn 0.4355 0.8392 0.3259
vn 0.9250 0.3446 -0.1600
vn 0.3154 -0.7483 -0.5835
vn -0.3212 -0.9447 0.0661
vn -0.2633 0.2543 0.9306
vn -0.2281 0.5007 0.8350
vn 0.5130 0.8322 0.2102
vn 0.7952 0.4489 -0.4077
vn 0.0605 -0.6421 -0.7643
vn -0.6096 -0.0573 0.7906
vn -0.1397 0.7108 0.6893
vn -0.8423 0.5043 0.1905
vn -0.4974 -0.0655 0.8650
vn 0.0099 0.6090 0.7931
vn 0.4800 0.8283 0.2891
vn -0.7574 -0.2797 -0.5900
vn -0.5103 -0.8000 -0.3155
vn 0.0947 -0.5191 -0.8495
vn 0.0401 -0.4586 -0.8878
vn -0.1339 -0.2846 -0.9492
vn -0.4854 -0.8556 -0.1797
vn -0.3268 -0.1581 0.9318
vn 0.2907 0.8603 0.4188
vn 0.2055 0.7804 0.5905
vn -0.0000 0.9911 -0.1335
vn 0.5588 0.7414 -0.3716
vn -0.1189 0.3224 0.9391
vn -0.1713 0.3679 0.9139
vn -0.2001 0.1797 0.9632
vn -0.1754 0.0489 0.9833
vn 0.6569 0.5491 -0.5167
vn 0.5866 0.7283 0.3542
vn 0.8557 0.4395 -0.2731
vn 0.4543 0.2161 -0.8642
vn 0.0084 0.2441 -0.9697
vn 0.4601 0.3671 -0.8084
vn -0.0106 0.3825 -0.9239
vn -0.4363 0.1859 -0.8804
vn -0.4590 0.3131 -0.8314
vn -0.5588 0.7414 -0.3716
vn -0.7389 0.1141 -0.6641
vn -0.7637 0.2016 -0.6133
vn -0.7486 0.6590 -0.0731
vn -0.3394 0.8434 0.4165
vn -0.2907 0.8603 0.4188
vn -0.2055 0.7804 0.5905
vn 0.1189 0.3224 0.9391
vn 0.1754 0.0489 0.9833
vn 0.0797 0.1575 0.9843
vn 0.0089 0.3794 0.9252
vn -0.6569 0.5491 -0.5167
vn -0.8557 0.4395 -0.2731
vn -0.5866 0.7283 0.3542
vn -0.4800 0.8283 0.2891
vn 0.5103 -0.8000 -0.3155
vn -0.0401 -0.4586 -0.8878
vn -0.0947 -0.5191 -0.8495
vn 0.2089 0.3214 0.9236
vn 0.1620 0.5916 0.7898
vn -0.7952 0.4489 -0.4077
vn -0.5130 0.8322 0.2102
vn 0.7574 -0.2797 -0.5900
vn -0.0605 -0.6421 -0.7643
vn 0.4854 -0.8556 -0.1797
vn 0.1339 -0.2846 -0.9492
vn 0.4974 -0.0655 0.8650
vn 0.3268 -0.1581 0.9318
vn 0.8423 0.5043 0.1905
vn 0.1397 0.7108 0.6893
vn -0.0099 0.6090 0.7931
vn -0.6811 0.4055 0.6097
vn -0.4355 0.8392 0.3259
vn 0.6096 -0.0573 0.7906
vn 0.3212 -0.9447 0.0661
vn -0.9250 0.3446 -0.1600
vn -0.9837 0.1366 0.1166
vn -0.3340 0.7939 0.5082
vn 0.9091 0.3307 0.2533
vn -0.3742 0.7139 0.5918
vn -0.7594 0.4605 0.4596
vn -0.8297 0.5565 0.0427
vn -0.3553 0.8179 0.4525
vn 0.2884 0.6869 0.6671
vn 0.4018 0.5437 0.7369
vn 0.3820 0.7764 0.5013
vn 0.3759 0.7783 0.5029
vn 0.5281 -0.7183 -0.4529
vn -0.3154 -0.7483 -0.5835
vn -0.4280 -0.7622 -0.4857
vn -0.9963 -0.0213 -0.0828
vn -0.9089 0.0768 -0.4098
vn -0.9124 0.1015 -0.3966
vn -0.9933 -0.0214 -0.1139
vn -0.8740 -0.1261 0.4693
vn -0.8927 -0.2239 0.3912
vn -0.5767 0.3312 0.7468
vn -0.6394 -0.2470 0.7281
vn -0.6694 -0.3236 0.6687
vn -0.4519 0.1897 0.8716
vn -0.3377 0.5965 0.7281
vn -0.2730 0.5002 0.8217
vn 0.3883 0.8983 0.2058
vn 0.4776 0.8543 0.2053
vn -0.8478 -0.2124 0.4860
vn -0.2615 0.6755 0.6894
vn 0.5202 -0.5284 -0.6710
vn -0.4382 -0.8355 -0.3314
vn 0.3916 0.9181 0.0620
vn 0.4506 0.8870 0.1008
vn -0.6220 -0.4176 0.6623
vn -0.2525 0.5508 0.7955
vn 0.4348 -0.3864 -0.8134
vn -0.3308 -0.9250 -0.1870
vn 0.8339 0.5517 -0.0157
vn 0.6056 0.7679 -0.2089
vn 0.1753 -0.2798 -0.9439
vn 0.3203 0.8785 -0.3543
vn -0.2553 0.5465 0.7976
vn -0.4378 -0.5360 0.7219
vn -0.3592 0.0481 0.9320
vn -0.2116 0.4637 0.8603
vn 0.2875 0.9544 0.0804
vn 0.2813 0.9591 -0.0322
vn -0.1913 -0.9786 -0.0764
vn -0.4278 -0.4061 0.8075
vn -0.4521 -0.3682 0.8124
vn 0.2526 0.9589 -0.1292
vn -0.0000 0.9849 -0.1729
vn 0.3226 0.9460 0.0316
vn 0.3963 0.8849 0.2447
vn 0.4459 0.8358 0.3203
vn 0.4090 0.8970 0.1678
vn 0.3259 0.8697 -0.3708
vn 0.2750 0.8745 -0.3995
vn 0.4374 0.8395 -0.3224
vn 0.7748 0.5642 0.2853
vn 0.7827 0.6011 0.1615
vn 0.8295 0.5204 -0.2030
vn 0.9578 0.2379 0.1614
vn 0.9929 0.1180 0.0118
vn 0.9944 0.0232 -0.1036
vn 0.6617 0.7492 0.0295
vn 0.6324 0.7348 -0.2451
vn 0.6316 0.7376 -0.2386
vn 0.6293 0.7754 0.0521
vn 0.5368 0.8079 0.2432
vn 0.6157 0.7537 0.2299
vn 0.7163 0.5048 0.4819
vn 0.9343 0.2182 0.2818
vn 0.4294 0.6786 0.5959
vn 0.5205 0.6351 0.5708
vn 0.6825 0.2870 0.6721
vn 0.9521 0.0141 0.3056
vn 0.4417 0.3121 0.8411
vn 0.4178 0.3439 0.8410
vn 0.9665 -0.1805 0.1827
vn 0.6139 -0.0574 0.7873
vn 0.3279 -0.1050 0.9389
vn 0.4599 -0.1317 0.8781
vn 0.4935 -0.4863 0.7211
vn 0.3177 -0.5332 0.7841
vn 0.6310 -0.3150 0.7089
vn 0.9867 -0.1627 0.0047
vn 0.8177 -0.3886 0.4246
vn 0.9962 0.0318 -0.0810
vn 0.5610 -0.6941 0.4511
vn 0.4219 -0.7922 0.4409
vn 0.9213 -0.3858 0.0489
vn 0.9942 0.0838 -0.0673
vn 0.5820 -0.8113 0.0563
vn 0.4698 -0.8825 0.0205
vn 0.5684 -0.7664 -0.2991
vn 0.4693 -0.7898 -0.3951
vn 0.9300 -0.3041 -0.2062
vn 0.9872 -0.1275 -0.0960
vn 0.7818 -0.2494 -0.5714
vn 0.9655 -0.2215 -0.1371
vn 0.5103 -0.5143 -0.6893
vn 0.4234 -0.4573 -0.7820
vn 0.7303 0.0007 -0.6831
vn 0.9749 -0.1551 -0.1599
vn 0.4033 0.0764 -0.9119
vn 0.3338 0.1076 -0.9365
vn 0.7391 0.3183 -0.5937
vn 0.9810 -0.0758 -0.1787
vn 0.4866 0.5199 -0.7020
vn 0.4605 0.5628 -0.6865
vn 0.7010 0.6618 -0.2657
vn 0.5670 0.4983 -0.6559
vn 0.3546 0.1233 -0.9269
vn 0.6998 0.7143 0.0003
vn 0.7498 0.6064 -0.2647
vn 0.6454 0.3675 -0.6696
vn 0.7404 0.6468 0.1831
vn 0.6734 0.6724 0.3073
vn 0.6724 0.7109 0.2062
vn 0.6171 0.5940 0.5161
vn 0.6773 0.4973 0.5422
vn 0.6907 0.4775 0.5431
vn 0.4728 0.3440 0.8113
vn 0.5969 0.2739 0.7541
vn 0.4874 0.1191 0.8650
vn 0.6222 0.5618 0.5452
vn 0.7181 0.6555 0.2335
vn 0.3384 0.2355 0.9110
vn 0.3318 0.1943 0.9231
vn 0.6417 0.5522 0.5322
vn 0.7138 0.6589 0.2373
vn 0.3773 0.2229 0.8989
vn 0.6575 0.5289 0.5366
vn 0.7396 0.6318 0.2322
vn 0.5874 0.5420 0.6011
vn 0.6951 0.6689 0.2637
vn 0.3139 0.2485 0.9164
vn 0.1363 0.2114 0.9678
vn 0.4524 0.5582 0.6955
vn 0.5745 0.7708 0.2753
vn 0.2470 -0.0521 0.9676
vn 0.6782 0.3123 0.6652
vn 0.8255 0.5028 0.2563
vn 0.6913 0.2492 0.6783
vn 0.9101 0.3404 0.2362
vn 0.2938 0.0378 0.9551
vn 0.8488 0.4854 -0.2096
vn 0.5943 0.7825 -0.1858
vn 0.9228 0.3427 -0.1760
vn 0.6589 0.2438 -0.7116
vn 0.6499 0.2645 -0.7126
vn 0.4548 0.5244 -0.7199
vn 0.1570 -0.0621 -0.9856
vn 0.1552 -0.1592 -0.9750
vn 0.0922 0.1627 -0.9824
vn -0.2669 -0.3800 -0.8856
vn -0.2797 -0.1261 -0.9518
vn -0.2987 -0.3429 -0.8906
vn -0.6132 -0.5303 -0.5855
vn -0.5603 -0.4841 -0.6721
vn -0.1767 -0.2472 -0.9527
vn -0.5113 -0.5409 -0.6678
vn -0.7469 -0.6559 0.1094
vn -0.6887 -0.7213 0.0736
vn -0.7410 -0.6652 0.0914
vn -0.5811 -0.4265 0.6931
vn -0.4781 -0.5934 0.6475
vn -0.5088 -0.5995 0.6178
vn -0.5329 -0.5243 0.6642
vn -0.2577 -0.4591 0.8502
vn -0.3328 -0.1884 0.9240
vn -0.2367 -0.3548 0.9045
vn -0.1745 -0.2880 0.9416
vn -0.1991 -0.2765 0.9401
vn -0.6597 -0.5030 0.5584
vn -0.3919 -0.2258 0.8919
vn -0.7348 -0.4115 0.5392
vn -0.8382 -0.5374 0.0928
vn -0.8866 -0.4626 -0.0024
vn -0.7966 -0.3855 -0.4656
vn -0.6307 -0.4555 -0.6283
vn -0.2769 -0.3680 -0.8877
vn -0.1595 -0.2740 -0.9484
vn -0.3101 -0.5547 -0.7721
vn -0.1337 -0.3386 -0.9314
vn -0.4830 -0.6934 -0.5347
vn 0.1521 0.0741 -0.9856
vn 0.1900 -0.0158 -0.9817
vn 0.1440 0.0750 -0.9867
vn 0.5587 0.5054 -0.6576
vn 0.5892 0.4617 -0.6631
vn 0.7152 0.6813 -0.1561
vn 0.7377 0.6600 -0.1418
vn 0.5554 0.5064 -0.6596
vn 0.7054 0.6435 -0.2973
vn 0.6924 0.6287 -0.3541
vn 0.5263 0.4990 -0.6885
vn 0.1742 0.0531 -0.9833
vn 0.7400 0.6670 -0.0868
vn 0.6428 0.5904 -0.4881
vn 0.4785 0.4282 -0.7666
vn 0.7175 0.6258 -0.3060
vn 0.5014 0.3867 -0.7740
vn 0.1916 0.1092 -0.9754
vn 0.1832 0.0976 -0.9782
vn 0.3448 0.0073 -0.9386
vn -0.0269 -0.4467 -0.8943
vn 0.2611 -0.4076 -0.8751
vn -0.1804 -0.4004 -0.8984
vn -0.4104 -0.7281 -0.5491
vn -0.2151 -0.8147 -0.5385
vn 0.1900 -0.8232 -0.5350
vn -0.2993 -0.9530 -0.0471
vn 0.1326 -0.9892 -0.0622
vn -0.2105 -0.8265 0.5222
vn 0.1060 -0.8562 0.5057
vn -0.5268 -0.8489 -0.0433
vn -0.4361 -0.7366 0.5170
vn 0.0775 -0.4245 0.9021
vn -0.1685 -0.3769 0.9108
vn 0.1713 -0.4635 0.8694
vn -0.6074 -0.7942 -0.0173
vn -0.5163 -0.6848 0.5143
vn -0.1923 -0.3552 0.9148
vn 0.3385 -0.0051 0.9410
vn -0.0201 -0.2419 -0.9701
vn -0.5375 -0.4985 0.6801
vn -0.2681 -0.2069 0.9409
vn 0.2037 0.1172 0.9720
vn 0.6040 0.3890 0.6956
vn 0.2695 -0.0247 0.9627
vn 0.6690 0.2054 0.7143
vn -0.1702 -0.3446 0.9232
vn -0.5384 0.8210 0.1898
vn -0.2420 0.6129 0.7522
vn 0.0201 0.8250 0.5648
vn -0.4945 0.8562 0.1496
vn -0.6314 0.7255 0.2738
vn -0.5792 0.2524 0.7752
vn -0.6978 0.6183 0.3618
vn -0.7772 0.0298 0.6286
vn -0.4285 -0.6025 0.6733
vn -0.7784 -0.6168 0.1170
vn -0.6285 -0.7746 0.0703
vn -0.8405 0.5345 0.0884
vn -0.9830 -0.1255 0.1337
vn -0.6194 -0.5346 -0.5749
vn -0.5479 -0.6447 -0.5330
vn -0.8324 0.5099 -0.2172
vn -0.8610 -0.0768 -0.5028
vn -0.3176 -0.2437 -0.9164
vn -0.2386 -0.4037 -0.8832
vn -0.7352 0.6304 -0.2492
vn -0.6340 0.1318 -0.7620
vn 0.1964 -0.6346 -0.7474
vn -0.0919 -0.8790 -0.4679
vn -0.2994 -0.9522 0.0610
vn -0.3194 0.5524 -0.7700
vn 0.4076 -0.3252 -0.8533
vn -0.5818 0.7835 -0.2182
vn 0.0255 0.8622 -0.5060
vn 0.7254 -0.0010 -0.6883
vn -0.4231 0.9058 -0.0216
vn 0.5206 0.3507 -0.7785
vn 0.6496 0.1664 -0.7418
vn 0.2051 -0.1030 -0.9733
vn 0.1073 0.0852 -0.9906
vn 0.8056 0.5144 -0.2939
vn 0.9012 0.3551 -0.2484
vn -0.4153 0.9056 0.0861
vn 0.2164 0.9694 -0.1160
vn 0.7846 0.5587 0.2688
vn 0.9019 0.3352 0.2725
vn -0.4966 0.8622 0.1001
vn 0.1294 0.9564 0.2617
vn 0.9518 0.1658 0.2581
vn 0.9618 0.1138 -0.2489
vn 0.7865 -0.0354 0.6166
vn 0.4609 -0.2654 0.8469
vn 0.3717 -0.8779 -0.3019
vn 0.4746 -0.8008 -0.3654
vn 0.3177 -0.9335 -0.1661
vn 0.1424 -0.6613 0.7365
vn 0.6407 -0.6017 -0.4769
vn -0.0368 -0.9096 0.4138
vn 0.7915 -0.3037 -0.5304
vn 0.8955 -0.4144 -0.1625
vn 0.8610 -0.4178 0.2900
vn 0.9561 0.2700 -0.1135
vn 0.7759 0.0669 -0.6273
vn 0.8589 0.1068 0.5009
vn 0.6940 -0.5907 -0.4117
vn 0.6641 -0.7424 -0.0884
vn 0.7629 -0.6116 0.2096
vn 0.3250 -0.9429 -0.0730
vn 0.5520 -0.8294 0.0861
vn 0.7056 -0.7020 0.0967
vn 0.3901 -0.9168 0.0850
vn 0.5315 -0.8011 0.2751
vn 0.6437 -0.7623 -0.0673
vn 0.6630 -0.7060 -0.2488
vn 0.5163 -0.7654 -0.3842
vn 0.3797 -0.7976 -0.4687
vn 0.5979 -0.1376 0.7897
vn 0.3124 -0.6057 0.7318
vn 0.6975 -0.5125 0.5009
vn 0.4978 -0.7610 0.4160
vn 0.2929 -0.9452 0.1441
vn 0.0430 -0.8579 0.5121
vn 0.2843 -0.9579 -0.0415
vn 0.1539 -0.9757 0.1562
vn 0.0981 -0.9634 -0.2497
vn 0.1785 -0.7871 -0.5905
vn 0.2251 -0.5268 -0.8197
vn 0.5142 -0.1780 -0.8390
vn 0.3952 0.4912 -0.7762
vn 0.3655 0.1327 -0.9213
vn 0.3146 0.5120 -0.7993
vn 0.2987 0.1498 -0.9425
vn 0.6553 -0.1304 -0.7441
vn 0.3839 0.0843 -0.9195
vn 0.7529 0.0144 -0.6580
vn 0.2350 -0.3581 -0.9036
vn 0.9506 -0.2459 -0.1893
vn 0.9926 -0.0321 -0.1175
vn 0.9126 -0.3686 0.1771
vn 0.9737 -0.1159 0.1962
vn 0.5478 -0.3449 0.7622
vn 0.7488 -0.0720 0.6588
vn 0.2275 -0.1072 0.9679
vn 0.6841 -0.1781 0.7073
vn 0.2226 -0.2168 0.9505
vn 0.2887 -0.1591 0.9441
vn 0.3682 0.0100 0.9297
vn 0.2853 -0.7957 -0.5343
vn 0.7777 -0.5154 0.3599
vn 0.1733 -0.6377 0.7506
vn -0.0720 -0.9869 -0.1444
vn 0.2056 0.1126 0.9722
vn 0.1216 -0.0193 0.9924
vn -0.2644 -0.5993 0.7556
vn -0.6542 -0.7167 0.2414
vn 0.1708 -0.1253 0.9773
vn 0.0878 -0.2099 0.9738
vn -0.0393 -0.0974 0.9945
vn -0.0373 -0.1026 0.9940
vn 0.1532 -0.0400 0.9874
vn -0.0250 -0.0364 0.9990
vn 0.2300 0.0652 0.9710
vn -0.0000 -0.0456 0.9990
vn -0.2155 -0.0324 0.9760
vn -0.1284 -0.0006 0.9917
vn -0.2188 0.0240 0.9755
vn -0.1981 0.1719 0.9650
vn -0.1204 0.0235 0.9924
vn -0.2364 -0.1102 0.9654
vn -0.3333 0.3895 0.8586
vn -0.2483 0.4123 0.8766
vn -0.5826 -0.0889 0.8079
vn -0.6647 -0.3208 0.6747
vn -0.6627 0.2859 0.6921
vn -0.9699 -0.1747 0.1696
vn -0.9521 0.0141 0.3056
vn -0.9881 -0.1509 -0.0290
vn -0.5015 -0.1997 0.8418
vn -0.6176 -0.1356 0.7747
vn -0.4822 0.3136 0.8180
vn -0.4650 0.2643 0.8449
vn -0.6070 -0.5105 0.6090
vn -0.7768 -0.4000 0.4864
vn -0.6917 0.5324 0.4880
vn -0.9343 0.2182 0.2818
vn -0.4091 0.6815 0.6068
vn -0.4767 0.6384 0.6043
vn -0.7472 0.6067 0.2713
vn -0.9576 0.2389 0.1613
vn -0.4883 0.8312 0.2659
vn -0.5942 0.7684 0.2378
vn -0.7884 0.6069 0.1001
vn -0.9939 0.1098 0.0057
vn -0.5873 0.8058 0.0757
vn -0.6810 0.7317 0.0295
vn -0.7828 0.5921 -0.1914
vn -0.9953 0.0053 -0.0967
vn -0.5998 0.7623 -0.2432
vn -0.6632 0.7090 -0.2395
vn -0.7609 0.2965 -0.5771
vn -0.9840 -0.0971 -0.1491
vn -0.4776 0.5100 -0.7154
vn -0.5303 0.5035 -0.6821
vn -0.6982 0.0083 -0.7158
vn -0.9752 -0.1704 -0.1410
vn -0.4502 0.0730 -0.8900
vn -0.4264 0.0712 -0.9017
vn -0.7561 -0.2369 -0.6101
vn -0.9655 -0.2215 -0.1371
vn -0.6303 -0.4719 -0.6165
vn -0.5290 -0.4375 -0.7272
vn -0.9123 -0.3689 -0.1776
vn -0.9541 -0.2832 -0.0975
vn -0.7869 -0.5849 -0.1966
vn -0.6126 -0.7148 -0.3374
vn -0.8882 -0.4502 0.0916
vn -0.9687 -0.2431 -0.0507
vn -0.8604 -0.5087 0.0303
vn -0.6853 -0.7280 0.0188
vn -0.8943 -0.3980 0.2043
vn -0.6903 -0.6540 0.3096
vn -0.7901 -0.4433 0.4235
vn -0.9869 -0.1422 -0.0761
vn -0.0771 -0.8502 0.5208
vn -0.0370 -0.9976 -0.0581
vn -0.2218 -0.4584 0.8606
vn -0.4257 -0.0455 0.9037
vn -0.4811 0.1320 0.8667
vn -0.0307 -0.4102 0.9115
vn 0.2965 -0.8057 0.5128
vn -0.3266 0.2598 0.9088
vn 0.1641 -0.3765 0.9118
vn 0.4269 -0.7419 0.5170
vn -0.3294 0.1985 0.9231
vn 0.1878 -0.3576 0.9148
vn 0.5077 -0.6912 0.5143
vn -0.3754 0.2217 0.8999
vn 0.3654 -0.2665 0.8919
vn 0.6925 -0.4845 0.5345
vn 0.1983 -0.2945 0.9348
vn 0.6320 -0.5517 0.5442
vn 0.1878 -0.2867 0.9394
vn 0.4860 -0.5847 0.6495
vn -0.3029 0.2481 0.9202
vn 0.6894 -0.7212 0.0672
vn 0.7941 -0.6072 0.0268
vn 0.8516 -0.5240 0.0159
vn 0.6667 -0.4761 -0.5734
vn 0.7435 -0.4382 -0.5051
vn 0.5165 -0.5371 -0.6669
vn 0.2656 -0.3904 -0.8815
vn 0.2096 -0.2660 -0.9409
vn 0.1561 -0.2760 -0.9484
vn 0.1295 -0.3402 -0.9314
vn 0.3031 -0.5585 -0.7721
vn 0.4743 -0.6993 -0.5347
vn -0.1511 0.0760 -0.9856
vn -0.1901 -0.0134 -0.9817
vn -0.1431 0.0768 -0.9867
vn 0.5543 -0.4910 -0.6721
vn 0.2782 -0.1296 -0.9518
vn -0.0902 0.1638 -0.9824
vn 0.2621 -0.3833 -0.8856
vn -0.1572 -0.1573 -0.9750
vn 0.6065 -0.5379 -0.5855
vn 0.2944 -0.3466 -0.8906
vn -0.1578 -0.0601 -0.9856
vn -0.4482 0.5300 -0.7199
vn -0.6465 0.2725 -0.7126
vn -0.6558 0.2520 -0.7116
vn -0.8427 0.4959 -0.2096
vn -0.9185 0.3541 -0.1760
vn -0.5846 0.7898 -0.1858
vn -0.8192 0.5131 0.2563
vn -0.9058 0.3517 0.2362
vn -0.5649 0.7779 0.2753
vn -0.4454 0.5638 0.6955
vn -0.6743 0.3207 0.6652
vn -0.6881 0.2577 0.6783
vn -0.2477 -0.0490 0.9676
vn -0.2933 0.0414 0.9551
vn -0.1336 0.2131 0.9678
vn 0.3305 -0.1925 0.9240
vn 0.2520 -0.4623 0.8502
vn 0.2322 -0.3577 0.9045
vn 0.5013 -0.6058 0.6178
vn 0.5264 -0.5308 0.6642
vn 0.5758 -0.4337 0.6931
vn 0.7387 -0.6651 0.1094
vn 0.7327 -0.6744 0.0914
vn 0.7707 -0.6264 0.1170
vn 0.6127 -0.5423 -0.5749
vn 0.5313 -0.5052 0.6801
vn 0.3145 -0.2477 -0.9164
vn 0.5399 -0.6515 -0.5330
vn 0.2335 -0.4067 -0.8832
vn 0.6188 -0.7824 0.0703
vn 0.7430 0.6212 -0.2492
vn 0.8387 0.4995 -0.2172
vn 0.8600 -0.0875 -0.5028
vn 0.6356 0.1239 -0.7620
vn 0.8471 0.5240 0.0884
vn 0.9814 -0.1378 0.1337
vn 0.0810 -0.8800 -0.4679
vn -0.2043 -0.6321 -0.7474
vn 0.2875 -0.9558 0.0610
vn 0.7054 0.6095 0.3618
vn 0.7775 0.0201 0.6286
vn 0.0254 -0.9100 0.4138
vn 0.6404 0.7176 0.2738
vn 0.5823 0.2452 0.7752
vn -0.1506 -0.6595 0.7365
vn 0.5485 0.8143 0.1898
vn 0.2496 0.6099 0.7522
vn -0.4641 -0.2597 0.8469
vn 0.5052 0.8500 0.1496
vn -0.0098 0.8252 0.5648
vn -0.7869 -0.0256 0.6166
vn 0.5073 0.8560 0.1001
vn -0.1175 0.9580 0.2617
vn -0.9496 0.1777 0.2581
vn 0.4265 0.9004 0.0861
vn -0.2043 0.9720 -0.1160
vn -0.9603 0.1258 -0.2489
vn -0.0147 0.8624 -0.5060
vn -0.7253 0.0080 -0.6883
vn 0.4343 0.9005 -0.0216
vn -0.7992 0.5244 -0.2939
vn -0.5162 0.3571 -0.7785
vn -0.6475 0.1744 -0.7418
vn -0.8967 0.3663 -0.2484
vn -0.7776 0.5684 0.2688
vn -0.8976 0.3464 0.2725
vn -0.1062 0.0865 -0.9906
vn -0.2063 -0.1004 -0.9733
vn 0.5915 0.7762 -0.2181
vn 0.3262 0.5484 -0.7700
vn -0.4116 -0.3201 -0.8533
vn -0.5073 -0.7547 0.4160
vn -0.3046 -0.9415 0.1441
vn -0.7038 -0.5038 0.5009
vn -0.3199 -0.6018 0.7318
vn -0.0537 -0.8573 0.5121
vn -0.5996 -0.1302 0.7897
vn -0.4015 -0.9119 0.0850
vn -0.5622 -0.8225 0.0861
vn -0.5414 -0.7945 0.2751
vn -0.3367 -0.9388 -0.0730
vn -0.7143 -0.6932 0.0967
vn -0.6718 -0.6977 -0.2489
vn -0.6531 -0.7542 -0.0673
vn -0.5257 -0.7590 -0.3842
vn -0.3896 -0.7928 -0.4687
vn -0.7013 -0.5820 -0.4117
vn -0.7704 -0.6021 0.2096
vn -0.6733 -0.7341 -0.0885
vn -0.9527 0.2819 -0.1135
vn -0.7750 0.0766 -0.6273
vn -0.8575 0.1175 0.5010
vn -0.9005 -0.4033 -0.1625
vn -0.7952 -0.2938 -0.5304
vn -0.8661 -0.4070 0.2900
vn -0.6482 -0.5937 -0.4769
vn -0.5163 -0.1716 -0.8390
vn -0.4845 -0.7948 -0.3654
vn -0.2316 -0.5239 -0.8197
vn -0.1882 -0.7848 -0.5905
vn -0.3826 -0.8732 -0.3019
vn -0.1100 -0.9621 -0.2497
vn -0.3293 -0.9295 -0.1661
vn -0.2961 -0.9542 -0.0415
vn -0.1660 -0.9737 0.1562
vn -0.5991 0.3965 0.6956
vn -0.6664 0.2137 0.7143
vn -0.2023 0.1197 0.9720
vn -0.2697 -0.0214 0.9627
vn 0.2655 -0.2103 0.9409
vn 0.1659 -0.3467 0.9232
vn 0.4210 -0.6078 0.6733
vn -0.5806 0.5492 0.6011
vn -0.6509 0.5370 0.5366
vn -0.6867 0.6774 0.2637
vn -0.7316 0.6409 0.2322
vn -0.6348 0.5601 0.5322
vn -0.7043 0.6751 0.2197
vn -0.7141 0.6885 -0.1266
vn -0.7295 0.6691 -0.1418
vn -0.7067 0.6901 -0.1561
vn -0.6551 0.6654 -0.3580
vn -0.6973 0.6522 -0.2973
vn -0.5490 0.5133 -0.6596
vn -0.5834 0.4690 -0.6631
vn -0.5524 0.5123 -0.6576
vn -0.5153 0.5348 -0.6697
vn -0.1735 0.0552 -0.9833
vn -0.5076 0.4769 -0.7176
vn -0.1902 0.1116 -0.9754
vn 0.0171 -0.2422 -0.9701
vn -0.5410 0.4248 -0.7259
vn -0.1820 0.0998 -0.9782
vn 0.1754 -0.4027 -0.8984
vn -0.6569 0.3997 -0.6394
vn -0.3173 0.0183 -0.9481
vn 0.0746 -0.4413 -0.8943
vn -0.6404 0.4486 -0.6233
vn -0.4290 0.0989 -0.8979
vn -0.3034 -0.4023 -0.8638
vn 0.3131 -0.7898 -0.5274
vn 0.4013 -0.7331 -0.5491
vn -0.1471 -0.8316 -0.5355
vn 0.4064 -0.9126 -0.0453
vn 0.5162 -0.8554 -0.0433
vn 0.5975 -0.8017 -0.0173
vn -0.7730 0.5930 -0.2252
vn -0.7645 0.6113 -0.2045
vn -0.7575 0.6321 0.1633
vn -0.7844 0.6203 -0.0040
vn -0.8006 0.5509 0.2357
vn -0.7549 0.6347 0.1652
vn -0.6849 0.5423 0.4866
vn -0.7728 0.4045 0.4890
vn -0.6679 0.5247 0.5278
vn -0.5541 0.3146 0.7707
vn -0.6667 0.2141 0.7139
vn -0.6756 0.7086 0.2037
vn -0.5872 0.6034 0.5395
vn -0.6998 0.6636 -0.2645
vn -0.6159 0.6512 -0.4434
vn -0.5210 -0.3815 0.7635
vn -0.8968 -0.3763 0.2325
vn -0.7693 -0.2695 0.5793
vn -0.3097 -0.2110 0.9271
vn -0.2506 -0.2952 0.9220
vn -0.7296 0.0427 0.6825
vn -0.3724 0.0682 0.9256
vn -0.9667 -0.0640 0.2478
vn -0.6504 -0.7593 -0.0223
vn -0.6295 -0.4493 0.6339
vn -0.0067 -0.9878 0.1559
vn -0.1586 -0.4832 0.8610
vn 0.3477 -0.4198 0.8384
vn 0.5888 -0.7582 0.2799
vn 0.2614 -0.1889 0.9466
vn -0.2228 -0.1434 0.9643
vn -0.2615 0.0759 0.9622
vn -0.0295 0.0813 0.9963
vn -0.2451 -0.2257 0.9429
vn -0.0142 -0.2365 0.9715
vn -0.4543 -0.2465 0.8561
vn -0.4270 -0.2962 0.8544
vn -0.2394 -0.2778 0.9303
vn -0.0061 -0.3117 0.9502
vn -0.7979 -0.0286 0.6021
vn -0.7175 0.0130 0.6965
vn -0.8448 0.4428 0.3004
vn -0.9394 -0.2815 -0.1958
vn -0.9933 -0.0046 -0.1152
vn -0.8982 0.4382 -0.0360
vn -0.9625 0.2180 -0.1614
vn -0.9347 0.2081 0.2882
vn -0.7062 0.1890 0.6824
vn -0.8501 -0.4936 0.1837
vn -0.6700 -0.4902 0.5575
vn -0.8583 -0.4535 -0.2402
vn -0.3972 -0.5046 0.7665
vn -0.7199 -0.3497 0.5996
vn -0.3605 -0.4432 0.8208
vn -0.9305 -0.2731 0.2440
vn -0.9253 0.2024 0.3206
vn -0.6486 0.1854 0.7382
vn -0.2501 0.0309 0.9677
vn -0.1864 -0.4938 0.8493
vn -0.1309 -0.5677 0.8128
vn -0.1548 -0.0799 0.9847
vn -0.0000 -0.5669 0.8238
vn -0.0000 -0.0758 0.9971
vn -0.0032 -0.4771 0.8788
vn 0.1309 -0.5677 0.8128
vn 0.1841 -0.5000 0.8462
vn 0.1548 -0.0799 0.9847
vn 0.2501 0.0309 0.9677
vn 0.3605 -0.4432 0.8208
vn 0.3976 -0.5048 0.7663
vn 0.7199 -0.3497 0.5996
vn 0.6699 -0.4886 0.5591
vn 0.6486 0.1854 0.7382
vn 0.9253 0.2024 0.3206
vn 0.9305 -0.2731 0.2440
vn 0.8501 -0.4936 0.1837
vn 0.9805 0.1525 -0.1240
vn 0.9388 -0.2946 -0.1785
vn 0.8583 -0.4535 -0.2402
vn 0.6554 -0.3671 -0.6600
vn 0.6188 -0.4776 -0.6237
vn 0.7811 0.1790 -0.5982
vn 0.3461 -0.3758 -0.8597
vn 0.3377 -0.4535 -0.8248
vn 0.3867 0.1654 -0.9072
vn 0.2107 0.0947 -0.9730
vn 0.1913 -0.3256 -0.9260
vn 0.1900 -0.3155 -0.9297
vn -0.0000 0.0730 -0.9973
vn -0.0000 -0.3296 -0.9441
vn -0.0000 -0.2990 -0.9543
vn -0.1913 -0.3256 -0.9260
vn -0.2107 0.0947 -0.9730
vn -0.1900 -0.3155 -0.9297
vn -0.3461 -0.3758 -0.8597
vn -0.3867 0.1654 -0.9072
vn -0.3377 -0.4535 -0.8248
vn -0.6554 -0.3671 -0.6600
vn -0.7811 0.1790 -0.5982
vn -0.6188 -0.4776 -0.6237
vn -0.9388 -0.2946 -0.1785
vn -0.9805 0.1525 -0.1240
vn -0.7956 -0.0292 -0.6052
vn -0.9725 0.1754 -0.1535
vn -0.8677 0.3694 0.3326
vn -0.7654 -0.0807 -0.6385
vn -0.9098 0.0575 -0.4111
vn -0.9915 -0.0272 -0.1274
vn -0.9411 -0.1247 0.3142
vn -0.9842 0.0561 -0.1678
vn -0.8781 -0.3072 -0.3668
vn -0.7566 -0.6506 0.0662
vn -0.5726 -0.7759 0.2648
vn -0.7317 -0.1952 0.6530
vn -0.5761 0.3404 0.7431
vn -0.7842 0.0566 0.6179
vn -0.9647 0.0120 0.2630
vn -0.9642 0.0485 0.2606
vn -0.7560 0.0420 0.6533
vn -0.9624 0.0480 -0.2673
vn -0.2823 -0.0312 0.9588
vn -0.3704 0.0989 0.9236
vn 0.0054 -0.6187 0.7856
vn -0.2324 -0.3083 0.9225
vn -0.1993 0.1408 0.9698
vn -0.1267 0.0646 0.9898
vn 0.1977 -0.1247 0.9723
vn 0.1439 -0.0699 0.9871
vn -0.2708 -0.1010 0.9573
vn 0.2107 -0.1784 0.9611
vn -0.7720 0.0094 0.6356
vn -0.7741 -0.0075 0.6330
vn -0.2592 -0.0864 0.9620
vn 0.2239 -0.1329 0.9655
vn 0.5865 -0.1377 0.7981
vn 0.6107 -0.2042 0.7651
vn 0.6160 -0.1851 0.7657
vn 0.9217 -0.1699 0.3487
vn 0.9334 -0.1959 0.3008
vn 0.9078 -0.1119 0.4042
vn 0.9715 -0.1422 -0.1895
vn 0.9711 -0.1759 -0.1614
vn 0.9642 -0.2149 -0.1552
vn 0.5385 -0.1715 -0.8250
vn 0.5327 -0.2107 -0.8197
vn 0.5320 -0.2927 -0.7945
vn 0.0138 -0.1114 -0.9937
vn -0.0355 -0.1431 -0.9891
vn -0.1167 -0.2424 -0.9631
vn -0.2889 -0.0733 -0.9546
vn -0.3713 -0.1568 -0.9152
vn -0.2788 -0.0606 -0.9584
vn -0.6834 0.0002 -0.7301
vn -0.6731 0.0175 -0.7393
vn -0.6966 -0.0141 -0.7173
vn -0.9654 0.0834 -0.2471
vn -0.9711 0.0405 -0.2351
vn -0.9620 0.0797 0.2610
vn -0.9650 0.0332 0.2603
vn -0.9649 0.1112 0.2381
vn -0.7577 0.0377 0.6516
vn -0.9675 0.0888 -0.2369
vn -0.7953 -0.3044 0.5242
vn -0.9042 -0.3934 0.1664
vn -0.9031 -0.3609 -0.2326
vn -0.9421 -0.0312 0.3339
vn -0.8052 -0.0210 0.5926
vn -0.5284 -0.0336 0.8483
vn -0.5100 0.0176 0.8600
vn -0.5635 -0.5098 0.6501
vn -0.2538 -0.0586 0.9655
vn -0.1957 -0.0283 0.9802
vn -0.7992 0.0309 0.6003
vn -0.9826 -0.0564 0.1772
vn -0.9792 0.0354 0.1997
vn -0.5247 -0.8468 0.0877
vn -0.5324 -0.0838 0.8423
vn -0.2003 -0.0569 0.9781
vn -0.2403 0.0689 0.9682
vn -0.7917 -0.2385 0.5624
vn -0.2160 -0.0488 0.9752
vn -0.9488 -0.2549 0.1866
vn -0.7614 -0.0890 0.6421
vn -0.1668 0.1204 0.9786
vn -0.9670 -0.1830 0.1771
vn 0.2216 0.0444 0.9741
vn 0.3192 0.0755 0.9447
vn 0.3618 0.1496 0.9202
vn 0.6743 0.1301 0.7269
vn 0.6911 -0.0439 0.7215
vn 0.3469 -0.0236 0.9376
vn 0.3363 -0.0745 0.9388
vn 0.6981 -0.0220 0.7157
vn 0.9751 -0.0753 0.2085
vn 0.9616 -0.0843 0.2611
vn 0.9405 0.0836 0.3294
vn 0.1852 -0.0594 0.9809
vn 0.1587 -0.0159 0.9872
vn -0.1551 -0.0237 0.9876
vn 0.1800 -0.0199 0.9835
vn 0.2289 -0.0616 0.9715
vn 0.3252 0.0094 0.9456
vn 0.5957 -0.0213 0.8029
vn 0.9352 -0.0427 0.3515
vn 0.9682 -0.0845 -0.2354
vn 0.9622 -0.0771 -0.2613
vn 0.5394 -0.0969 -0.8365
vn 0.5654 -0.0606 -0.8226
vn 0.0540 -0.0573 -0.9969
vn 0.0681 -0.0411 -0.9968
vn -0.2541 0.0019 -0.9672
vn -0.1259 -0.0389 -0.9913
vn -0.3428 -0.0543 -0.9378
vn -0.7039 0.0807 -0.7057
vn -0.1691 -0.2969 -0.9398
vn -0.6526 -0.3767 -0.6574
vn 0.1165 -0.5970 -0.7938
vn -0.3773 -0.8069 -0.4546
vn -0.5118 -0.8372 -0.1928
vn -0.9692 -0.0426 -0.2427
vn -0.9726 0.0498 -0.2272
vn -0.7020 -0.0613 -0.7095
vn -0.7067 0.0507 -0.7057
vn -0.6499 -0.1811 -0.7381
vn -0.9115 -0.2786 -0.3026
vn -0.2634 0.0401 -0.9638
vn -0.1693 -0.0203 -0.9853
vn 0.1113 0.0277 -0.9934
vn 0.1768 0.0736 -0.9815
vn -0.2009 -0.0776 -0.9765
vn -0.6250 -0.2161 -0.7501
vn 0.1621 0.0257 -0.9864
vn 0.6044 -0.0174 -0.7965
vn 0.6117 0.0356 -0.7903
vn 0.9717 -0.0721 -0.2251
vn 0.9833 0.0445 -0.1764
vn 0.9210 0.1183 0.3711
vn 0.9823 0.0982 -0.1593
vn 0.9411 0.1635 0.2959
vn 0.9701 0.2209 -0.1009
vn 0.6601 0.2142 -0.7200
vn 0.7026 0.0356 0.7107
vn 0.7219 0.0294 0.6914
vn 0.3052 0.0397 0.9515
vn 0.3164 -0.0983 0.9435
vn -0.2783 0.0775 0.9574
vn -0.2931 -0.1392 0.9459
vn -0.7906 0.1334 0.5976
vn -0.7939 -0.1143 0.5972
vn -0.9716 0.1329 0.1957
vn -0.9693 -0.0607 0.2384
vn -0.9120 -0.3053 -0.2740
vn -0.9539 0.1399 -0.2656
vn -0.9670 0.0029 -0.2546
vn -0.7008 0.1036 -0.7057
vn -0.6980 0.0184 -0.7158
vn -0.3255 0.0478 -0.9443
vn -0.3024 0.1646 -0.9389
vn -0.6491 0.2151 -0.7296
vn -0.9522 0.1948 -0.2353
vn -0.0346 0.0146 -0.9993
vn -0.0089 0.0890 -0.9960
vn 0.1146 0.1301 -0.9849
vn 0.6505 0.0299 -0.7589
vn 0.5275 0.0108 -0.8495
vn 0.9927 -0.0526 -0.1082
vn 0.9848 -0.0665 -0.1604
vn 0.9378 -0.0309 0.3457
vn 0.9108 -0.0918 0.4025
vn 0.7365 0.0125 0.6763
vn 0.6742 -0.0319 0.7379
vn 0.3215 -0.0259 0.9465
vn 0.3268 0.0295 0.9446
vn -0.2703 0.0449 0.9617
vn -0.4169 0.0289 0.9085
vn 0.3097 0.1362 0.9410
vn 0.7238 0.1546 0.6724
vn -0.2478 -0.2045 0.9470
vn 0.3702 -0.2279 0.9006
vn 0.7511 -0.2417 0.6143
vn 0.9200 0.1620 0.3568
vn 0.8299 -0.5126 0.2204
vn 0.9647 0.1987 -0.1730
vn 0.7964 -0.5754 -0.1861
vn 0.5734 0.2083 -0.7924
vn 0.4600 -0.6315 -0.6242
vn 0.1010 0.1827 -0.9780
vn 0.0913 -0.7463 -0.6593
vn -0.1931 0.1603 -0.9680
vn -0.0970 -0.7110 -0.6965
vn -0.5878 0.0759 -0.8054
vn -0.4170 -0.6524 -0.6328
vn -0.9561 -0.0828 -0.2812
vn -0.8129 -0.5103 -0.2805
vn -0.9517 0.1561 0.2645
vn -0.9630 -0.1004 0.2502
vn -0.8780 -0.3886 0.2795
vn -0.7772 0.0808 0.6240
vn -0.8138 -0.0090 0.5811
vn -0.7334 -0.2904 0.6146
vn -0.7034 0.3691 0.6074
vn -0.2304 0.3907 0.8912
vn -0.8751 0.3589 0.3248
vn 0.3298 0.1272 0.9354
vn -0.3550 -0.0013 0.9349
vn 0.2930 -0.0367 0.9554
vn -0.7683 0.1838 0.6131
vn -0.2260 -0.9249 0.3057
vn 0.2347 -0.9226 0.3062
vn -0.4392 -0.8858 0.1499
vn 0.0283 -0.8465 -0.5317
vn -0.1091 -0.8141 -0.5704
vn 0.4108 -0.8063 -0.4255
vn 0.1747 -0.6828 -0.7094
vn -0.2101 -0.6971 -0.6855
vn 0.4494 -0.7770 -0.4409
vn -0.0147 -0.9910 -0.1330
vn -0.6302 -0.7346 -0.2514
vn -0.3947 -0.7649 -0.5090
vn -0.0870 -0.8148 0.5732
vn -0.4316 -0.7822 0.4492
vn -0.6528 -0.7524 0.0884
vn 0.6379 -0.7667 0.0729
vn 0.4688 -0.7844 0.4062
vn 0.1966 -0.8306 0.5211
vn 0.6258 -0.7386 -0.2506
vn 0.5191 -0.8192 -0.2440
vn 0.4873 -0.8732 -0.0095
vn -0.4238 -0.9052 0.0321
vn -0.4741 -0.8544 -0.2124
vn -0.9500 0.0578 0.3069
vn -0.9794 0.0821 -0.1847
vn -0.9643 0.2083 -0.1636
vn -0.6963 -0.0914 -0.7119
vn -0.7122 -0.0064 -0.7019
vn -0.1466 -0.5657 -0.8115
vn -0.3459 -0.0072 -0.9383
vn -0.1580 -0.8302 -0.5346
vn -0.2900 -0.8573 -0.4254
vn 0.1766 -0.8803 0.4404
vn 0.3880 -0.8750 0.2896
vn -0.1017 -0.8863 0.4517
vn -0.0106 -0.8453 -0.5341
vn -0.3386 -0.9002 0.2738
vn 0.2892 -0.8317 -0.4740
vn 0.0544 -0.0941 -0.9941
vn 0.5626 -0.1280 -0.8168
vn 0.3780 -0.8096 -0.4490
vn 0.1231 -0.7078 -0.6956
vn 0.6654 -0.6916 -0.2807
vn 0.9412 -0.1944 -0.2762
vn 0.8691 -0.4267 0.2502
vn 0.9305 -0.1854 0.3158
vn 0.4826 -0.8701 0.1003
vn 0.4743 -0.8540 -0.2139
vn -0.4879 -0.8433 -0.2254
vn -0.5178 -0.8552 0.0203
vn -0.3511 -0.7978 -0.4902
vn 0.4185 -0.8744 0.2457
vn 0.6713 -0.0554 0.7391
vn 0.7290 -0.1694 0.6633
vn -0.4303 -0.2353 -0.8715
vn -0.6274 -0.1451 -0.7651
vn -0.4785 -0.2396 -0.8448
vn -0.3883 -0.8556 -0.3422
vn -0.8840 -0.4614 -0.0749
vn -0.8633 -0.2538 -0.4363
vn -0.4961 -0.3632 -0.7887
vn -0.2036 0.0286 -0.9786
vn 0.0475 -0.5190 -0.8535
vn 0.2293 -0.7393 -0.6331
vn -0.1315 -0.1086 -0.9854
vn 0.1612 -0.5526 -0.8177
vn -0.2254 -0.2448 -0.9430
vn -0.2593 -0.2167 -0.9412
vn 0.4388 -0.4774 -0.7613
vn -0.1874 -0.3171 -0.9297
vn 0.9028 -0.3996 -0.1591
vn 0.5986 -0.7801 -0.1819
vn 0.8765 -0.3812 0.2940
vn 0.5034 -0.8377 0.2117
vn 0.5526 -0.2747 0.7869
vn 0.2153 -0.4549 0.8641
vn 0.0634 -0.0806 0.9947
vn -0.0658 -0.1101 0.9917
vn -0.0605 -0.2106 0.9757
vn -0.0000 -0.2635 0.9647
vn -0.0000 -0.7271 0.6866
vn -0.2153 -0.4549 0.8641
vn 0.0605 -0.2106 0.9757
vn -0.0000 -0.9940 0.1098
vn -0.5034 -0.8377 0.2117
vn -0.0000 -0.9885 -0.1511
vn -0.5986 -0.7801 -0.1819
vn -0.0000 -0.7509 -0.6604
vn -0.1612 -0.5526 -0.8177
vn -0.0000 -0.1325 -0.9912
vn 0.1315 -0.1086 -0.9854
vn 0.2036 0.0286 -0.9786
vn 0.2254 -0.2448 -0.9430
vn 0.2593 -0.2167 -0.9412
vn 0.4961 -0.3632 -0.7887
vn -0.0475 -0.5190 -0.8535
vn -0.2293 -0.7393 -0.6331
vn 0.3883 -0.8556 -0.3422
vn 0.8633 -0.2538 -0.4363
vn 0.8840 -0.4614 -0.0749
vn 0.4785 -0.2396 -0.8448
vn 0.4303 -0.2353 -0.8715
vn 0.1874 -0.3171 -0.9297
vn 0.7654 -0.0807 -0.6385
vn 0.6274 -0.1451 -0.7651
vn 0.7955 -0.0292 -0.6052
vn 0.9725 0.1754 -0.1535
vn 0.9098 0.0575 -0.4111
vn 0.9624 0.0480 -0.2673
vn 0.6966 -0.0141 -0.7173
vn 0.3713 -0.1568 -0.9152
vn 0.9842 0.0561 -0.1678
vn 0.8781 -0.3072 -0.3668
vn 0.9915 -0.0272 -0.1274
vn 0.9411 -0.1247 0.3142
vn 0.7566 -0.6506 0.0662
vn 0.9647 0.0120 0.2630
vn 0.9642 0.0485 0.2606
vn 0.8677 0.3694 0.3326
vn 0.5726 -0.7759 0.2648
vn 0.7317 -0.1952 0.6530
vn 0.5761 0.3404 0.7431
vn 0.1993 0.1408 0.9698
vn 0.2324 -0.3083 0.9225
vn -0.0634 -0.0806 0.9947
vn -0.1439 -0.0699 0.9871
vn 0.1267 0.0646 0.9898
vn 0.0658 -0.1101 0.9917
vn 0.3704 0.0989 0.9236
vn -0.0054 -0.6187 0.7856
vn -0.1977 -0.1247 0.9723
vn 0.2823 -0.0312 0.9588
vn -0.5526 -0.2747 0.7869
vn -0.6160 -0.1851 0.7657
vn -0.8765 -0.3812 0.2940
vn -0.9334 -0.1959 0.3008
vn -0.9028 -0.3996 -0.1591
vn -0.9642 -0.2149 -0.1552
vn -0.4388 -0.4774 -0.7613
vn -0.5320 -0.2927 -0.7945
vn 0.1167 -0.2424 -0.9631
vn 0.0355 -0.1431 -0.9891
vn -0.5327 -0.2107 -0.8197
vn 0.2889 -0.0733 -0.9546
vn -0.0138 -0.1114 -0.9937
vn -0.5385 -0.1715 -0.8250
vn 0.2788 -0.0606 -0.9584
vn 0.6731 0.0175 -0.7393
vn 0.6834 0.0002 -0.7301
vn 0.9654 0.0834 -0.2471
vn 0.9711 0.0405 -0.2351
vn 0.9620 0.0797 0.2610
vn 0.9650 0.0332 0.2603
vn 0.7560 0.0420 0.6533
vn 0.7720 0.0094 0.6356
vn 0.7741 -0.0075 0.6330
vn 0.2708 -0.1010 0.9573
vn 0.2592 -0.0864 0.9620
vn -0.2107 -0.1784 0.9611
vn -0.2239 -0.1329 0.9655
vn -0.6107 -0.2042 0.7651
vn -0.5865 -0.1377 0.7981
vn -0.9217 -0.1699 0.3487
vn -0.9078 -0.1119 0.4042
vn -0.9711 -0.1759 -0.1614
vn -0.9715 -0.1422 -0.1895
vn -0.9682 -0.0845 -0.2354
vn -0.9352 -0.0427 0.3515
vn -0.5394 -0.0969 -0.8365
vn -0.5654 -0.0606 -0.8226
vn -0.9622 -0.0771 -0.2613
vn -0.9751 -0.0753 0.2085
vn -0.6981 -0.0220 0.7157
vn -0.5957 -0.0213 0.8029
vn -0.2289 -0.0616 0.9715
vn -0.3252 0.0094 0.9456
vn -0.3469 -0.0236 0.9376
vn -0.1800 -0.0199 0.9835
vn -0.1587 -0.0159 0.9872
vn 0.1551 -0.0237 0.9876
vn 0.1957 -0.0283 0.9802
vn 0.2538 -0.0586 0.9655
vn 0.5284 -0.0336 0.8483
vn 0.5100 0.0176 0.8600
vn 0.7577 0.0377 0.6516
vn 0.9421 -0.0312 0.3339
vn 0.8052 -0.0210 0.5926
vn 0.5635 -0.5098 0.6501
vn 0.7953 -0.3044 0.5242
vn 0.9042 -0.3934 0.1664
vn 0.9649 0.1112 0.2381
vn 0.7992 0.0309 0.6003
vn 0.9792 0.0354 0.1997
vn 0.9826 -0.0564 0.1772
vn 0.5247 -0.8468 0.0877
vn 0.5324 -0.0838 0.8423
vn 0.2003 -0.0569 0.9781
vn 0.2403 0.0689 0.9682
vn 0.2160 -0.0488 0.9752
vn 0.7917 -0.2385 0.5624
vn 0.9488 -0.2549 0.1866
vn 0.1668 0.1204 0.9786
vn 0.7614 -0.0890 0.6421
vn 0.9670 -0.1830 0.1771
vn -0.2216 0.0444 0.9741
vn -0.3192 0.0755 0.9447
vn -0.3618 0.1496 0.9202
vn -0.6911 -0.0439 0.7215
vn -0.6743 0.1301 0.7269
vn -0.3363 -0.0745 0.9388
vn -0.9616 -0.0843 0.2611
vn -0.9405 0.0836 0.3294
vn -0.1852 -0.0594 0.9809
vn -0.9717 -0.0721 -0.2251
vn -0.9833 0.0445 -0.1764
vn -0.6044 -0.0174 -0.7965
vn -0.6117 0.0356 -0.7903
vn -0.1768 0.0736 -0.9815
vn -0.1621 0.0257 -0.9864
vn -0.0681 -0.0411 -0.9968
vn -0.1113 0.0277 -0.9934
vn 0.2634 0.0401 -0.9638
vn 0.1693 -0.0203 -0.9853
vn 0.2009 -0.0776 -0.9765
vn 0.6499 -0.1811 -0.7381
vn 0.6250 -0.2161 -0.7501
vn 0.7067 0.0507 -0.7057
vn 0.9726 0.0498 -0.2272
vn 0.9115 -0.2786 -0.3026
vn 0.9120 -0.3053 -0.2740
vn 0.9716 0.1329 0.1957
vn 0.9539 0.1399 -0.2656
vn 0.7008 0.1036 -0.7057
vn 0.9670 0.0029 -0.2546
vn 0.6980 0.0184 -0.7158
vn 0.9693 -0.0607 0.2384
vn 0.3255 0.0478 -0.9443
vn 0.6491 0.2151 -0.7296
vn 0.3024 0.1646 -0.9389
vn 0.9522 0.1948 -0.2353
vn 0.0346 0.0146 -0.9993
vn 0.0089 0.0890 -0.9960
vn -0.1146 0.1301 -0.9849
vn -0.6505 0.0299 -0.7589
vn -0.6601 0.2142 -0.7200
vn -0.5275 0.0108 -0.8495
vn -0.9848 -0.0665 -0.1604
vn -0.9927 -0.0526 -0.1082
vn -0.9701 0.2209 -0.1009
vn -0.9108 -0.0918 0.4025
vn -0.9378 -0.0309 0.3457
vn -0.9411 0.1635 0.2959
vn -0.6742 -0.0319 0.7379
vn -0.7365 0.0125 0.6763
vn -0.7219 0.0294 0.6914
vn -0.3215 -0.0259 0.9465
vn -0.3164 -0.0983 0.9435
vn -0.3268 0.0295 0.9446
vn 0.2703 0.0449 0.9617
vn 0.2931 -0.1392 0.9459
vn 0.7772 0.0808 0.6240
vn 0.7939 -0.1143 0.5972
vn 0.2783 0.0775 0.9574
vn 0.7906 0.1334 0.5976
vn -0.3052 0.0397 0.9515
vn -0.7026 0.0356 0.7107
vn -0.9210 0.1183 0.3711
vn -0.9823 0.0982 -0.1593
vn 0.9517 0.1561 0.2645
vn 0.8138 -0.0090 0.5811
vn 0.9630 -0.1004 0.2502
vn 0.9561 -0.0828 -0.2812
vn 0.7334 -0.2904 0.6146
vn 0.8780 -0.3886 0.2795
vn 0.8129 -0.5103 -0.2805
vn 0.5878 0.0759 -0.8054
vn 0.4170 -0.6524 -0.6328
vn 0.1931 0.1603 -0.9680
vn 0.0970 -0.7110 -0.6965
vn -0.0913 -0.7463 -0.6593
vn -0.1010 0.1827 -0.9780
vn -0.5734 0.2083 -0.7924
vn -0.4600 -0.6315 -0.6242
vn -0.7964 -0.5754 -0.1861
vn -0.9647 0.1987 -0.1730
vn -0.8299 -0.5126 0.2204
vn -0.9200 0.1620 0.3568
vn -0.7511 -0.2417 0.6143
vn -0.7238 0.1546 0.6724
vn -0.3097 0.1362 0.9410
vn -0.3702 -0.2279 0.9006
vn 0.2478 -0.2045 0.9470
vn 0.4169 0.0289 0.9085
vn 0.2304 0.3907 0.8912
vn 0.7034 0.3691 0.6074
vn -0.3298 0.1272 0.9354
vn 0.8751 0.3589 0.3248
vn 0.7683 0.1838 0.6131
vn 0.9500 0.0578 0.3069
vn 0.3550 -0.0013 0.9349
vn 0.2260 -0.9249 0.3058
vn 0.4392 -0.8858 0.1499
vn 0.4238 -0.9052 0.0321
vn -0.0283 -0.8465 -0.5317
vn -0.4108 -0.8063 -0.4255
vn -0.5191 -0.8192 -0.2440
vn -0.1747 -0.6828 -0.7094
vn -0.4494 -0.7770 -0.4409
vn -0.6258 -0.7386 -0.2506
vn 0.0147 -0.9910 -0.1330
vn 0.6302 -0.7346 -0.2514
vn 0.3947 -0.7649 -0.5090
vn 0.2101 -0.6971 -0.6855
vn 0.0870 -0.8148 0.5732
vn 0.4316 -0.7822 0.4492
vn 0.6528 -0.7524 0.0884
vn -0.6379 -0.7667 0.0729
vn -0.4688 -0.7844 0.4062
vn -0.1966 -0.8306 0.5211
vn 0.1017 -0.8863 0.4517
vn 0.3386 -0.9002 0.2738
vn -0.1766 -0.8803 0.4404
vn 0.0106 -0.8453 -0.5341
vn -0.2892 -0.8317 -0.4740
vn 0.1580 -0.8302 -0.5346
vn -0.0544 -0.0941 -0.9941
vn -0.5626 -0.1280 -0.8168
vn 0.3459 -0.0072 -0.9383
vn -0.3780 -0.8096 -0.4490
vn -0.1231 -0.7078 -0.6956
vn 0.1466 -0.5657 -0.8115
vn -0.6654 -0.6916 -0.2807
vn -0.9412 -0.1944 -0.2762
vn -0.8691 -0.4267 0.2502
vn -0.9305 -0.1854 0.3158
vn -0.4743 -0.8540 -0.2139
vn -0.4826 -0.8701 0.1003
vn 0.5178 -0.8552 0.0203
vn 0.4879 -0.8433 -0.2254
vn 0.3511 -0.7978 -0.4902
vn -0.4185 -0.8744 0.2457
vn 0.1091 -0.8141 -0.5704
vn -0.2347 -0.9226 0.3062
vn -0.6713 -0.0554 0.7391
vn -0.2930 -0.0367 0.9554
vn -0.7290 -0.1694 0.6633
vn 0.6963 -0.0914 -0.7119
vn 0.7122 -0.0064 -0.7019
vn 0.9643 0.2083 -0.1636
vn 0.9794 0.0821 -0.1847
vn 0.2900 -0.8573 -0.4254
vn 0.4741 -0.8544 -0.2124
vn -0.3880 -0.8750 0.2896
vn -0.4873 -0.8732 -0.0095
vn 0.9692 -0.0426 -0.2427
vn 0.7020 -0.0613 -0.7095
vn 0.5118 -0.8372 -0.1928
vn 0.9031 -0.3609 -0.2326
vn 0.3773 -0.8069 -0.4546
vn 0.6526 -0.3767 -0.6574
vn 0.9675 0.0888 -0.2369
vn 0.7039 0.0807 -0.7057
vn 0.2541 0.0019 -0.9672
vn 0.1691 -0.2969 -0.9398
vn 0.3428 -0.0543 -0.9378
vn 0.1259 -0.0389 -0.9913
vn -0.0540 -0.0573 -0.9969
vn -0.1165 -0.5970 -0.7938
vn 0.7842 0.0566 0.6179
vn -0.7466 0.1237 -0.6537
vn -0.4073 0.0748 -0.9102
vn -0.7295 0.2807 -0.6237
vn -0.4046 0.2338 -0.8841
vn -0.2858 0.1360 -0.9486
vn -0.0000 0.1338 -0.9910
vn -0.3293 -0.0840 -0.9405
vn -0.2945 -0.0333 -0.9551
vn -0.0783 -0.1422 -0.9867
vn 0.2858 0.1360 -0.9486
vn 0.1798 -0.2462 -0.9524
vn 0.4073 0.0748 -0.9102
vn 0.1629 -0.4134 -0.8958
vn 0.3897 0.2143 -0.8956
vn 0.7466 0.1237 -0.6537
vn 0.7299 0.2228 -0.6462
vn 0.9212 0.3853 -0.0543
vn 0.9625 0.2180 -0.1614
vn 0.8785 0.3629 0.3107
vn 0.9347 0.2081 0.2882
vn 0.7066 0.1897 0.6817
vn 0.7038 -0.0520 0.7085
vn 0.4322 -0.3236 0.8417
vn 0.2475 -0.2779 0.9282
vn 0.2273 -0.2535 0.9403
vn 0.4475 -0.3198 0.8351
vn 0.7706 -0.2154 0.5998
vn 0.2242 0.0677 0.9722
vn 0.1238 -0.3078 -0.9434
vn 0.2461 0.1309 -0.9604
vn -0.1087 -0.0701 -0.9916
vn -0.0664 0.0981 -0.9930
vn -0.2545 -0.0815 -0.9636
vn -0.2848 0.0781 -0.9554
vn -0.3268 -0.1702 -0.9296
vn -0.3497 0.0283 -0.9364
vn -0.7282 0.0093 -0.6853
vn -0.6098 -0.1709 -0.7739
vn -0.3141 0.1457 -0.9381
vn -0.2979 0.1654 -0.9402
vn -0.3146 0.4813 -0.8182
vn -0.3640 0.4909 -0.7915
vn -0.3564 0.8434 -0.4020
vn -0.4328 0.8497 -0.3012
vn -0.3986 0.9079 0.1295
vn -0.3761 0.9256 0.0431
vn -0.4014 0.8573 0.3224
vn -0.4159 0.8621 0.2896
vn -0.2526 0.9589 -0.1292
vn -0.3078 0.8437 -0.4398
vn -0.0331 0.8635 -0.5032
vn 0.2911 0.5071 -0.8112
vn -0.0484 0.4954 -0.8673
vn -0.3559 0.4664 -0.8098
vn 0.2484 0.1602 -0.9553
vn -0.0493 0.1753 -0.9833
vn -0.3175 0.1698 -0.9329
vn -0.3655 0.7350 0.5711
vn -0.4251 0.7358 0.5271
vn -0.7672 -0.0198 0.6411
vn -0.6083 -0.6974 -0.3790
vn 0.3808 -0.9244 -0.0220
vn 0.0218 -0.2640 0.9643
vn -0.1747 0.2702 0.9468
vn -0.0000 0.2274 0.9738
vn -0.0000 0.0563 0.9984
vn -0.9116 0.3743 -0.1699
vn 0.1747 0.2702 0.9468
vn 0.7672 -0.0198 0.6411
vn -0.0218 -0.2640 0.9643
vn -0.3808 -0.9244 -0.0220
vn 0.6083 -0.6974 -0.3790
vn 0.9116 0.3743 -0.1699
vn 0.6811 0.4055 0.6097
vn 0.1562 0.0774 0.9847
vn 0.2788 0.4452 0.8509
vn 0.3694 0.4276 0.8250
vn 0.4139 0.7074 0.5729
vn 0.4128 0.7222 0.5550
vn 0.6785 0.4428 0.5862
vn 0.6889 -0.1212 0.7146
vn 0.9003 -0.4315 -0.0567
vn 0.8772 0.4565 0.1486
vn 0.0041 0.9889 0.1489
vn 0.0728 0.7415 0.6670
vn 0.1314 0.2382 0.9623
vn 0.4621 -0.6598 0.5925
vn 0.5656 -0.7949 -0.2199
vn 0.5160 -0.1566 0.8421
vn -0.0000 0.7272 0.6864
vn -0.0000 0.2558 0.9667
vn -0.0000 0.2148 0.9767
vn -0.0728 0.7415 0.6670
vn -0.1314 0.2382 0.9623
vn -0.5160 -0.1566 0.8421
vn -0.6785 0.4428 0.5862
vn -0.6889 -0.1212 0.7146
vn -0.4621 -0.6598 0.5925
vn -0.9003 -0.4315 -0.0567
vn -0.5656 -0.7949 -0.2199
vn -0.8772 0.4565 0.1486
vn -0.8239 -0.4704 -0.3162
vn -0.4841 -0.7879 -0.3806
vn -0.9589 0.1107 -0.2613
vn -0.6526 -0.4317 -0.6227
vn -0.6456 -0.4734 -0.5993
vn -0.3624 -0.8391 -0.4057
vn -0.2917 -0.3697 -0.8822
vn -0.3196 -0.4210 -0.8489
vn -0.2128 -0.7922 -0.5719
vn -0.0004 -0.3640 -0.9314
vn 0.0002 -0.4078 -0.9131
vn -0.0000 -0.7950 -0.6066
vn 0.3198 -0.4206 -0.8490
vn 0.2128 -0.7922 -0.5719
vn 0.2913 -0.3689 -0.8827
vn 0.6526 -0.4313 -0.6230
vn 0.6456 -0.4732 -0.5994
vn 0.3624 -0.8391 -0.4057
vn 0.9589 0.1107 -0.2613
vn 0.8239 -0.4704 -0.3162
vn 0.4841 -0.7879 -0.3806
vn -0.0260 -0.9559 -0.2925
vn -0.0312 -0.9671 -0.2526
vn -0.0453 -0.9876 -0.1506
vn 0.6454 0.3397 -0.6842
vn 0.4931 -0.2632 -0.8292
vn -0.0000 -0.2599 -0.9656
vn -0.0000 0.4415 -0.8973
vn -0.0000 -0.9776 -0.2106
vn -0.0000 -0.9882 -0.1531
vn 0.9726 0.1030 -0.2084
vn 0.7229 -0.4555 -0.5196
vn -0.0576 -0.8015 -0.5952
vn -0.0313 -0.8750 -0.4831
vn -0.0000 -0.9021 -0.4314
vn 0.9713 0.1022 -0.2149
vn 0.9834 0.0771 -0.1643
vn 0.6488 0.3378 -0.6818
vn 0.6324 0.3441 -0.6940
vn -0.0000 0.4476 -0.8942
vn -0.6324 0.3441 -0.6940
vn -0.6488 0.3378 -0.6818
vn -0.4931 -0.2632 -0.8292
vn 0.0313 -0.8750 -0.4831
vn -0.9713 0.1022 -0.2149
vn -0.9834 0.0771 -0.1643
vn -0.7229 -0.4555 -0.5196
vn 0.0576 -0.8015 -0.5952
vn -0.6454 0.3397 -0.6842
vn -0.9726 0.1030 -0.2084
vn -0.9760 -0.1046 0.1911
vn -0.7562 -0.6140 -0.2260
vn -0.0490 -0.7611 -0.6468
vn -0.6525 -0.3476 0.6734
vn -0.4833 -0.8584 0.1719
vn -0.0233 -0.8434 -0.5367
vn -0.0000 -0.4513 0.8924
vn -0.0000 -0.9087 0.4174
vn -0.0000 -0.9036 -0.4283
vn 0.4833 -0.8584 0.1719
vn 0.6525 -0.3476 0.6733
vn 0.0233 -0.8434 -0.5367
vn 0.7562 -0.6140 -0.2260
vn 0.9760 -0.1046 0.1911
vn 0.0489 -0.7611 -0.6468
vn 0.9737 -0.1043 0.2028
vn 0.9516 -0.1395 0.2739
vn 0.6433 -0.3429 0.6845
vn 0.5935 -0.3603 0.7196
vn -0.0446 0.8423 0.5371
vn 0.4732 0.2226 0.8524
vn 0.7022 0.4225 0.5731
vn -0.0440 0.7667 0.6405
vn 0.7472 0.6252 0.2252
vn 0.0512 0.8174 0.5737
vn 0.7598 -0.6166 -0.2061
vn 0.7367 -0.4660 -0.4900
vn 0.5009 -0.8416 0.2020
vn 0.5057 0.8306 -0.2334
vn 0.0214 0.8868 0.4617
vn 0.5018 -0.2907 -0.8147
vn -0.0000 0.9132 -0.4074
vn -0.0000 0.9042 0.4272
vn -0.0000 -0.2609 -0.9654
vn -0.5057 0.8306 -0.2334
vn -0.5018 -0.2907 -0.8147
vn -0.0214 0.8868 0.4617
vn -0.0513 0.8174 0.5737
vn -0.7472 0.6252 0.2252
vn -0.7367 -0.4660 -0.4900
vn 0.0440 0.7667 0.6405
vn -0.7022 0.4225 0.5731
vn -0.7598 -0.6166 -0.2061
vn -0.4732 0.2226 0.8524
vn -0.5009 -0.8416 0.2020
vn 0.0446 0.8423 0.5371
vn -0.9737 -0.1043 0.2028
vn -0.9516 -0.1395 0.2739
vn -0.6433 -0.3429 0.6845
vn -0.5935 -0.3603 0.7196
vn -0.0000 -0.4470 0.8946
vn -0.0000 0.8990 0.4380
vn -0.0000 0.2528 0.9675
vn -0.0000 -0.9240 0.3824
vn 0.0767 -0.8406 -0.5362
vn -0.0000 -0.8930 -0.4501
vn -0.0767 -0.8406 -0.5362
vn -0.0505 -0.7771 -0.6274
vn -0.6454 -0.3425 0.6827
vn -0.9751 -0.1009 0.1973
vn -0.9554 -0.1337 0.2634
vn -0.5792 -0.3654 0.7287
vn -0.0000 -0.4477 0.8942
vn -0.9730 0.1005 -0.2079
vn -0.9803 0.0855 -0.1778
vn 0.0361 -0.8364 -0.5470
vn -0.6516 0.3384 -0.6789
vn -0.6405 0.3427 -0.6873
vn 0.0093 -0.8985 -0.4389
vn -0.0000 0.4490 -0.8935
vn -0.0000 -0.9062 -0.4229
vn 0.6516 0.3384 -0.6789
vn 0.6405 0.3427 -0.6873
vn -0.0093 -0.8985 -0.4389
vn 0.9730 0.1005 -0.2079
vn 0.9803 0.0855 -0.1778
vn -0.0361 -0.8364 -0.5470
vn 0.9751 -0.1009 0.1973
vn 0.9554 -0.1337 0.2634
vn 0.0505 -0.7771 -0.6274
vn 0.6454 -0.3425 0.6827
vn 0.5792 -0.3654 0.7287
vn 0.9680 -0.2372 -0.0816
vn 0.9841 -0.1687 -0.0559
vn 0.7555 -0.0951 0.6483
vn 0.5287 -0.6765 0.5127
vn 0.6220 -0.7612 -0.1834
vn -0.0000 0.1908 0.9816
vn -0.0000 -0.6714 0.7411
vn -0.7555 -0.0951 0.6483
vn -0.5287 -0.6765 0.5127
vn -0.9680 -0.2372 -0.0816
vn -0.6220 -0.7612 -0.1834
vn -0.9841 -0.1687 -0.0559
vn -0.0000 -0.9865 -0.1636
vn 0.0260 -0.9559 -0.2925
vn 0.0312 -0.9671 -0.2526
vn 0.0453 -0.9876 -0.1506
vn 0.0024 0.9898 0.1424
vn -0.0000 0.9904 0.1384
vn -0.0000 0.9890 0.1478
vn -0.0041 0.9889 0.1489
vn -0.0024 0.9898 0.1424
vn -0.0000 0.5319 0.8468
vn -0.0000 -0.1441 0.9896
vn 0.1711 -0.1418 0.9750
vn 0.4375 0.6237 0.6478
vn 0.4035 0.9130 0.0596
vn -0.0000 0.9875 0.1577
vn -0.4375 0.6237 0.6478
vn -0.1711 -0.1418 0.9750
vn -0.4035 0.9130 0.0596
vn -0.8086 0.1922 0.5561
vn -0.8130 -0.0816 0.5765
vn -0.9151 0.3801 -0.1343
vn -0.0000 0.8089 -0.5879
vn -0.2614 0.8075 -0.5288
vn -0.6072 -0.0844 -0.7901
vn -0.0000 -0.4409 -0.8975
vn 0.0538 -0.4602 -0.8862
vn 0.0984 -0.4621 -0.8814
vn -0.0000 -0.4331 -0.9014
vn -0.7735 -0.1860 -0.6059
vn 0.4314 -0.1928 -0.8813
vn -0.5610 0.1194 -0.8192
vn -0.0000 -0.6122 -0.7907
vn -0.8250 -0.0783 0.5597
vn -0.4502 -0.4621 -0.7640
vn -0.6784 -0.6417 0.3579
vn 0.6604 -0.5000 -0.5602
vn 0.1410 -0.4404 0.8867
vn 0.4823 -0.6708 0.5634
vn -0.0000 -0.7755 0.6313
vn -0.1410 -0.4404 0.8867
vn -0.4314 -0.1928 -0.8813
vn 0.8250 -0.0783 0.5597
vn 0.8130 -0.0816 0.5765
vn -0.6604 -0.5000 -0.5602
vn -0.4823 -0.6708 0.5634
vn 0.6784 -0.6417 0.3579
vn 0.4502 -0.4621 -0.7640
vn 0.5610 0.1194 -0.8192
vn 0.7735 -0.1860 -0.6059
vn -0.0984 -0.4621 -0.8814
vn 0.9151 0.3801 -0.1343
vn 0.6072 -0.0844 -0.7901
vn 0.8086 0.1922 0.5561
vn -0.0538 -0.4602 -0.8862
vn 0.2614 0.8075 -0.5288
vn -1.0000 -0.0000 -0.0000
vn -0.6175 -0.4645 0.6348
vn -0.0000 -0.5906 0.8070
vn -0.0000 0.5867 0.8098
vn -0.5774 0.4791 0.6612
vn 0.6175 -0.4645 0.6348
vn 0.5774 0.4791 0.6612
vn -0.0000 -0.9882 0.1530
vn 0.6441 -0.7559 0.1171
vn -0.6441 -0.7559 0.1171
vn -0.7071 0.1115 -0.6983
vn -0.5774 -0.4791 -0.6612
vn -0.5774 0.6612 -0.4791
vn -0.0000 -0.5867 -0.8098
vn -0.0000 0.1577 -0.9875
vn 0.5774 -0.4791 -0.6612
vn 0.7071 0.1115 -0.6983
vn -0.0000 0.8098 -0.5867
vn 0.5774 0.6612 -0.4791
vn -0.8660 0.4937 0.0789
vn 0.8660 0.4937 0.0789
vn 0.8660 -0.4937 -0.0789
vn -0.0000 -0.9875 -0.1577
vn -0.8660 -0.4937 -0.0789
vn -0.7071 -0.6983 -0.1115
vn 0.7071 -0.6983 -0.1115
vn 1.0000 -0.0000 -0.0000
vn -0.1713 0.8530 0.4930
vn -0.1677 0.8095 0.5626
vn 0.0002 0.8114 0.5845
vn 0.0005 0.8597 0.5107
vn 0.1667 0.8595 0.4832
vn 0.1726 0.8134 0.5556
vn -0.3303 0.8252 0.4582
vn -0.2888 0.7919 0.5380
vn -0.3409 0.5651 0.7513
vn -0.1889 0.6327 0.7510
vn -0.4021 0.3683 0.8382
vn -0.2157 0.4869 0.8464
vn -0.0000 0.6674 0.7447
vn -0.0000 0.5689 0.8224
vn 0.1889 0.6327 0.7510
vn 0.2157 0.4869 0.8464
vn 0.3409 0.5651 0.7513
vn 0.4021 0.3683 0.8382
vn 0.2900 0.7972 0.5295
vn 0.3348 0.8368 0.4331
vn -0.2017 -0.7912 0.5773
vn -0.6080 -0.3610 0.7071
vn -0.8599 -0.5105 -0.0000
vn -0.2470 -0.9690 -0.0000
vn 0.9690 -0.2470 -0.0000
vn 0.7912 -0.2017 0.5774
vn 0.4132 -0.1053 0.9045
vn 0.1651 -0.2781 0.9463
vn -0.5755 -0.5735 0.5830
vn -0.9690 0.2470 -0.0000
vn -0.5105 0.8599 -0.0000
vn -0.5057 0.2920 -0.8118
vn -0.6080 -0.3610 -0.7071
vn -0.0143 0.5838 -0.8118
vn 0.6080 0.3610 -0.7071
vn 0.8599 0.5105 -0.0000
vn 0.1770 0.8800 -0.4408
vn 0.2470 0.9690 -0.0000
vn 0.4956 0.4676 -0.7320
vn 0.7912 -0.2017 -0.5774
vn -0.2017 -0.7912 -0.5773
vn -0.1053 -0.4132 -0.9045
vn 0.4132 -0.1053 -0.9045
vn -0.0000 -0.0000 -1.0000
vn -0.6478 -0.2112 -0.7320
vn -0.1019 0.1716 -0.9799
vn -0.8573 0.2658 -0.4408
vn -0.1053 -0.4132 0.9045
vn 0.6080 0.3610 0.7071
vn 0.7790 0.2308 0.5830
vn 0.4535 0.5104 0.7306
vn 0.6779 0.1138 0.7263
vn -0.1394 0.2348 0.9620
vn -0.6652 -0.1538 0.7306
vn -0.4245 -0.5407 0.7263
vn -0.8789 0.2813 0.3852
vn -0.5392 0.3542 0.7640
vn -0.0529 0.6430 0.7640
vn 0.1738 0.9063 0.3852
vn 0.3958 -0.6666 -0.6316
vn -0.5388 -0.7787 -0.3214
vn -0.5544 -0.7722 -0.3104
vn 0.9434 0.1170 -0.3104
vn 0.9416 0.1003 -0.3214
vn 0.5388 0.7787 0.3214
vn 0.5544 0.7722 0.3104
vn -0.3958 0.6666 0.6316
vn -0.9416 -0.1003 0.3214
vn -0.9434 -0.1170 0.3104
vn -0.1499 -0.9446 0.2920
vn -0.4354 -0.4088 0.8021
vn -0.8155 0.2341 0.5294
vn -0.9067 0.3371 -0.2536
vn -0.6192 -0.2021 -0.7588
vn -0.2431 -0.8400 -0.4851
vn 0.8155 -0.2341 -0.5293
vn 0.9067 -0.3371 0.2536
vn 0.4354 0.4087 -0.8021
vn 0.1499 0.9446 -0.2920
vn 0.2431 0.8400 0.4851
vn 0.6192 0.2021 0.7588
vn 0.5714 0.1422 -0.8083
vn 0.0698 0.9975 0.0135
vn 0.5405 0.2186 0.8125
vn 0.9244 -0.3702 0.0914
vn -0.3984 -0.4336 -0.8083
vn -0.9092 0.4162 0.0135
vn -0.1175 -0.9889 0.0914
vn -0.4507 -0.3699 0.8125
vn 0.4976 0.2582 -0.8281
vn 0.0859 0.9902 0.1100
vn 0.5599 0.1787 0.8090
vn 0.9262 -0.3768 0.0096
vn -0.4649 -0.3133 -0.8281
vn -0.9105 0.3986 0.1100
vn -0.1126 -0.9936 0.0096
vn -0.4250 -0.4060 0.8090
vn -0.1264 -0.9843 0.1234
vn -0.3471 -0.5574 0.7542
vn -0.7485 0.1212 0.6520
vn -0.9257 0.3692 -0.0822
vn -0.7024 -0.0619 -0.7090
vn -0.3048 -0.7359 -0.6046
vn 0.7485 -0.1212 -0.6520
vn 0.9257 -0.3692 0.0822
vn 0.3471 0.5574 -0.7542
vn 0.1264 0.9843 -0.1234
vn 0.3049 0.7359 0.6046
vn 0.7024 0.0619 0.7091
vn -0.6562 0.3520 0.6675
vn 0.0337 0.7419 0.6697
vn 0.3899 0.9207 -0.0169
vn 0.0538 0.7081 -0.7040
vn -0.6362 0.3183 -0.7028
vn -0.9898 0.1411 -0.0179
vn -0.8800 -0.4750 -0.0012
vn -0.4603 -0.2205 0.8599
vn -0.4352 -0.2629 -0.8611
vn 0.4451 0.2120 -0.8700
vn 0.8800 0.4750 0.0012
vn 0.4197 0.2548 0.8711
vn -0.0204 -0.7762 0.6302
vn 0.6832 -0.4114 0.6034
vn 0.7167 0.3827 0.5830
vn 0.0446 0.8072 0.5886
vn -0.6559 0.4369 0.6155
vn -0.6862 -0.3517 0.6367
vn -0.7167 -0.3827 -0.5830
vn -0.0446 -0.8072 -0.5886
vn -0.6832 0.4114 -0.6034
vn 0.0204 0.7762 -0.6302
vn 0.6862 0.3517 -0.6367
vn 0.6559 -0.4369 -0.6155
vn -0.8033 0.1383 -0.5793
vn 0.3350 0.7403 -0.5828
vn 0.7254 -0.4057 -0.5560
vn -0.2088 -0.7799 -0.5900
vn -0.8198 0.1660 0.5481
vn 0.3184 0.7683 0.5553
vn -0.2265 -0.7502 0.6213
vn 0.7086 -0.3774 0.5962
vn -0.7691 0.2729 -0.5779
vn 0.4189 0.6899 -0.5905
vn 0.7053 -0.4452 -0.5517
vn -0.2869 -0.7547 -0.5899
vn -0.7855 0.3004 0.5411
vn 0.4019 0.7183 0.5678
vn -0.3046 -0.7251 0.6177
vn 0.6886 -0.4170 0.5933
vn -0.1938 -0.7544 0.6271
vn 0.5728 -0.5528 0.6053
vn 0.7798 0.2146 0.5881
vn 0.2172 0.7762 0.5918
vn -0.5476 0.5686 0.6139
vn -0.7503 -0.1943 0.6319
vn -0.7798 -0.2146 -0.5881
vn -0.2172 -0.7762 -0.5918
vn -0.5728 0.5528 -0.6053
vn 0.1938 0.7544 -0.6271
vn 0.7503 0.1943 -0.6319
vn 0.5476 -0.5686 -0.6139
vn -0.6516 0.3443 0.6759
vn 0.0383 0.7342 0.6779
vn 0.3898 0.9209 -0.0090
vn 0.0490 0.7162 -0.6962
vn -0.6409 0.3263 -0.6948
vn -0.9899 0.1412 -0.0096
vn -0.8800 -0.4750 -0.0006
vn -0.4545 -0.2304 0.8604
vn -0.4411 -0.2530 -0.8611
vn 0.4392 0.2220 -0.8705
vn 0.8800 0.4750 0.0006
vn 0.4257 0.2449 0.8711
vn -0.0161 -0.7833 0.6214
vn 0.6873 -0.4182 0.5940
vn 0.7207 0.3760 0.5825
vn 0.0486 0.8004 0.5975
vn -0.6517 0.4298 0.6249
vn -0.6819 -0.3590 0.6373
vn -0.7207 -0.3760 -0.5825
vn -0.0486 -0.8004 -0.5975
vn -0.6872 0.4182 -0.5940
vn 0.0161 0.7834 -0.6214
vn 0.6819 0.3590 -0.6373
vn 0.6517 -0.4298 -0.6249
vn -0.8072 0.1449 -0.5722
vn 0.3311 0.7470 -0.5766
vn 0.7216 -0.3993 -0.5655
vn -0.2129 -0.7731 -0.5975
vn -0.8160 0.1597 0.5555
vn 0.3222 0.7619 0.5618
vn -0.2223 -0.7572 0.6142
vn 0.7127 -0.3842 0.5870
vn -0.7731 0.2795 -0.5694
vn 0.4148 0.6966 -0.5854
vn 0.7015 -0.4388 -0.5616
vn -0.2910 -0.7480 -0.5966
vn -0.7818 0.2942 0.5498
vn 0.4058 0.7118 0.5733
vn -0.3004 -0.7321 0.6114
vn 0.6926 -0.4237 0.5837
vn -0.1895 -0.7616 0.6197
vn 0.5769 -0.5597 0.5949
vn 0.7838 0.2079 0.5852
vn 0.2213 0.7694 0.5992
vn -0.5434 0.5615 0.6241
vn -0.7460 -0.2015 0.6347
vn -0.7838 -0.2079 -0.5852
vn -0.2213 -0.7694 -0.5992
vn -0.5769 0.5597 -0.5950
vn 0.1895 0.7616 -0.6197
vn 0.7460 0.2015 -0.6347
vn 0.5434 -0.5615 -0.6241
vn 0.6043 0.3681 -0.7066
vn 0.6035 0.3676 -0.7075
vn 0.6125 0.3544 0.7066
vn 0.6117 0.3539 0.7075
vn -0.6043 -0.3681 0.7066
vn -0.6035 -0.3676 0.7075
vn -0.6117 -0.3539 -0.7075
vn -0.6125 -0.3544 -0.7066
vn -0.4545 -0.2304 0.8605
vn 0.0161 0.7833 -0.6214
vn -0.8072 0.1449 -0.5721
vn 0.3311 0.7470 -0.5765
vn -0.2128 -0.7731 -0.5975
vn 0.7127 -0.3841 0.5870
vn 0.6926 -0.4238 0.5837
vn 0.5769 -0.5597 0.5950
vn -0.2212 -0.7694 -0.5992
vn 0.6032 0.3691 -0.7070
vn 0.6128 0.3529 0.7070
vn -0.6032 -0.3691 0.7070
vn -0.6128 -0.3529 -0.7070
vn 0.6872 -0.4182 0.5940
vn -0.2223 -0.7572 0.6141
vn -0.2910 -0.7479 -0.5966
vn 0.2212 0.7694 0.5992
vn 0.6052 0.3682 -0.7058
vn 0.6030 0.3670 -0.7083
vn 0.6130 0.3550 0.7058
vn 0.6109 0.3537 0.7083
vn -0.6052 -0.3682 0.7058
vn -0.6030 -0.3670 0.7083
vn -0.6109 -0.3537 -0.7083
vn -0.6130 -0.3550 -0.7058
vn 0.5759 -0.1468 0.8042
vn 0.5105 -0.8599 -0.0000
vn 0.3034 -0.5111 0.8042
vn -0.3964 0.6676 0.6302
vn -0.7523 0.1918 0.6302
vn -0.1468 -0.5760 0.8042
vn 0.1918 0.7523 0.6302
vn -0.0000 -0.0000 1.0000
vn -0.5111 -0.3034 0.8042
vn -0.5760 0.1468 0.8042
vn 0.7523 -0.1918 0.6302
vn 0.6676 0.3964 0.6302
vn 0.7523 -0.1918 -0.6302
vn 0.6676 0.3964 -0.6302
vn 0.1918 0.7523 -0.6302
vn -0.5111 -0.3034 -0.8042
vn -0.5760 0.1468 -0.8042
vn -0.1468 -0.5760 -0.8042
vn 0.3034 -0.5111 -0.8042
vn 0.5759 -0.1468 -0.8042
vn -0.7523 0.1918 -0.6302
vn -0.3964 0.6676 -0.6302
vn 0.5111 0.3034 -0.8042
vn -0.6676 -0.3964 -0.6302
vn -0.6676 -0.3964 0.6302
vn 0.5111 0.3034 0.8042
vn -0.1918 -0.7523 0.6302
vn 0.1468 0.5760 0.8042
vn -0.1918 -0.7523 -0.6302
vn -0.3034 0.5111 0.8042
vn 0.3964 -0.6676 0.6302
vn 0.3964 -0.6676 -0.6302
vn -0.3034 0.5111 -0.8042
vn 0.1468 0.5760 -0.8042
vn -0.0722 -0.8096 0.5825
vn 0.5630 -0.8265 -0.0000
vn 0.3937 -0.4946 0.7748
vn 0.0530 0.0356 0.9980
vn -0.5488 -0.3682 0.7505
vn -0.2889 -0.9562 0.0483
vn -0.8288 -0.5561 0.0623
vn -0.5469 -0.3726 0.7497
vn 0.0514 0.0350 0.9981
vn -0.8249 -0.5619 0.0622
vn -0.6196 -0.4221 -0.6618
vn -0.0514 -0.0350 -0.9981
vn -0.1288 -0.8479 -0.5142
vn 0.3137 -0.5487 -0.7749
vn -0.6219 -0.4173 -0.6626
vn -0.0502 -0.0337 -0.9982
vn 0.5504 0.3693 -0.7488
vn 0.7791 -0.2340 -0.5817
vn 0.8288 0.5561 -0.0621
vn 0.9950 -0.0880 -0.0482
vn 0.5469 0.3726 -0.7497
vn 0.8249 0.5619 -0.0622
vn 0.6196 0.4221 0.6618
vn 0.8355 -0.1958 0.5134
vn 0.6232 0.4181 0.6609
vn -0.7621 0.5584 0.3278
vn -0.6230 0.2858 -0.7281
vn -0.7860 -0.5936 -0.1729
vn -0.7667 -0.6420 0.0087
vn -0.6081 0.7104 0.3544
vn -0.5966 0.6564 -0.4618
vn 0.7621 0.5584 0.3278
vn 0.6081 0.7104 0.3544
vn -0.5023 0.5268 0.6857
vn 0.5023 0.5268 0.6857
vn -0.6339 -0.5305 0.5629
vn 0.6339 -0.5305 0.5629
vn 0.7667 -0.6420 0.0087
vn 0.6230 0.2858 -0.7281
vn 0.7860 -0.5936 -0.1729
vn 0.4148 -0.6074 -0.6775
vn 0.5004 0.1273 -0.8564
vn -0.4148 -0.6074 -0.6775
vn -0.5004 0.1273 -0.8564
vn 0.5966 0.6564 -0.4618
vn 0.5492 0.6633 -0.5084
vn -0.5492 0.6633 -0.5084
vn -0.4149 0.6145 0.6710
vn 0.4149 0.6145 0.6710
vn 0.7395 -0.4787 -0.4732
vn -0.7395 -0.4787 -0.4732
vn -0.5584 -0.5242 0.6430
vn 0.5584 -0.5242 0.6430
vn 0.7041 0.7101 -0.0000
vn -0.7041 0.7101 -0.0000
vn -0.7101 -0.7041 -0.0000
vn 0.7101 -0.7041 -0.0000
vn 0.4367 -0.7488 0.4986
vn 0.8725 -0.2852 0.3967
vn 0.5260 0.3049 0.7939
vn -0.0007 -0.0042 1.0000
vn 0.1800 0.8982 0.4011
vn -0.4374 0.7447 0.5042
vn 0.8737 -0.2832 -0.3956
vn 0.5269 0.3113 -0.7909
vn 0.1797 0.9026 -0.3912
vn -0.4375 0.7502 -0.4958
vn 0.0007 0.0041 -1.0000
vn 0.4382 -0.7461 -0.5014
vn 0.4366 -0.7488 0.4986
vn -0.4374 0.7446 0.5042
vn 0.4382 -0.7461 -0.5013
vn 0.0892 -0.9772 0.1929
vn 0.0021 -0.6629 0.7487
vn -0.7116 -0.3514 0.6084
vn -0.8115 -0.5841 0.0157
vn -0.7841 0.4215 0.4555
vn -0.9030 0.3914 -0.1772
vn 0.6459 -0.2012 0.7364
vn 0.5746 0.5742 0.5832
vn -0.1419 0.8854 0.4426
vn -0.0924 0.9768 -0.1932
vn 0.8115 0.5841 -0.0157
vn 0.9016 -0.3944 0.1775
vn 0.1918 -0.7936 0.5773
vn 0.2349 -0.9720 -0.0000
vn 0.8534 -0.5212 -0.0000
vn 0.6035 -0.3685 0.7071
vn -0.7936 -0.1918 0.5774
vn -0.9720 -0.2349 -0.0000
vn -0.4145 -0.1002 0.9045
vn 0.5684 -0.5806 0.5830
vn -0.1686 -0.2760 0.9463
vn 0.9720 0.2350 -0.0000
vn 0.5212 0.8535 -0.0000
vn 0.5212 0.8534 -0.0000
vn 0.5093 0.2857 -0.8118
vn 0.6035 -0.3685 -0.7071
vn 0.0215 0.5836 -0.8118
vn -0.6035 0.3685 -0.7071
vn -0.8534 0.5212 -0.0000
vn -0.1661 0.8821 -0.4408
vn -0.2350 0.9720 -0.0000
vn -0.2349 0.9720 -0.0000
vn -0.4897 0.4737 -0.7320
vn -0.7936 -0.1918 -0.5774
vn 0.1918 -0.7936 -0.5774
vn 0.1002 -0.4145 -0.9045
vn -0.4145 -0.1002 -0.9045
vn 0.1918 -0.7936 -0.5773
vn 0.1040 0.1703 -0.9799
vn 0.6451 -0.2193 -0.7320
vn 0.8606 0.2551 -0.4408
vn 0.1002 -0.4145 0.9045
vn -0.6035 0.3685 0.7071
vn -0.7761 0.2404 0.5830
vn -0.6765 0.1222 0.7263
vn -0.4471 0.5160 0.7306
vn 0.1423 0.2330 0.9620
vn 0.4177 -0.5459 0.7263
vn 0.6632 -0.1621 0.7306
vn 0.8823 0.2703 0.3852
vn 0.5436 0.3475 0.7641
vn 0.0609 0.6423 0.7640
vn -0.1625 0.9084 0.3852
vn -0.4041 -0.6616 -0.6316
vn 0.5447 -0.7791 -0.3104
vn 0.5291 -0.7853 -0.3214
vn -0.9418 0.1288 -0.3104
vn -0.9403 0.1120 -0.3214
vn -0.5291 0.7853 0.3214
vn -0.5447 0.7790 0.3104
vn 0.4040 0.6617 0.6316
vn 0.4041 0.6616 0.6316
vn 0.9403 -0.1120 0.3214
vn 0.9418 -0.1288 0.3104
vn 0.1382 -0.9464 0.2920
vn 0.2326 -0.8430 -0.4851
vn 0.6166 -0.2098 -0.7588
vn 0.9108 0.3258 -0.2536
vn 0.8183 0.2239 0.5294
vn 0.4303 -0.4141 0.8021
vn -0.9108 -0.3258 0.2536
vn -0.8183 -0.2239 -0.5294
vn -0.4303 0.4141 -0.8021
vn -0.6166 0.2098 0.7588
vn -0.2326 0.8429 0.4851
vn -0.1382 0.9464 -0.2920
vn -0.5696 0.1493 -0.8083
vn -0.9290 -0.3587 0.0914
vn -0.5377 0.2253 0.8125
vn -0.0574 0.9983 0.0135
vn 0.9143 0.4049 0.0135
vn 0.3930 -0.4385 -0.8083
vn 0.1052 -0.9902 0.0914
vn 0.4460 -0.3754 0.8125
vn -0.4943 0.2644 -0.8281
vn -0.9309 -0.3653 0.0096
vn -0.5577 0.1857 0.8090
vn -0.0736 0.9912 0.1100
vn 0.9154 0.3873 0.1100
vn 0.4610 -0.3190 -0.8281
vn 0.1002 -0.9949 0.0096
vn 0.4199 -0.4113 0.8090
vn 0.1141 -0.9858 0.1234
vn 0.2957 -0.7396 -0.6046
vn 0.7016 -0.0706 -0.7091
vn 0.9302 0.3576 -0.0822
vn 0.7499 0.1119 0.6520
vn 0.3402 -0.5617 0.7542
vn -0.9302 -0.3576 0.0822
vn -0.7499 -0.1119 -0.6520
vn -0.3402 0.5617 -0.7542
vn -0.7016 0.0706 0.7091
vn -0.2957 0.7396 0.6046
vn -0.1141 0.9858 -0.1234
vn 0.6605 0.3438 0.6675
vn 0.9915 0.1288 -0.0179
vn 0.6401 0.3104 -0.7028
vn -0.0450 0.7087 -0.7040
vn -0.3784 0.9255 -0.0169
vn -0.0245 0.7423 0.6697
vn 0.4575 -0.2262 0.8599
vn 0.8740 -0.4859 -0.0012
vn 0.4319 -0.2683 -0.8611
vn -0.4425 0.2175 -0.8700
vn -0.8740 0.4859 0.0012
vn -0.4165 0.2601 0.8711
vn 0.0107 -0.7764 0.6302
vn 0.6818 -0.3602 0.6367
vn 0.6613 0.4287 0.6155
vn -0.0345 0.8077 0.5886
vn -0.7119 0.3916 0.5830
vn -0.6882 -0.4028 0.6034
vn 0.0345 -0.8077 -0.5886
vn 0.7119 -0.3916 -0.5830
vn 0.6882 0.4028 -0.6034
vn -0.6613 -0.4287 -0.6155
vn -0.6818 0.3602 -0.6367
vn -0.0107 0.7764 -0.6302
vn 0.8050 0.1283 -0.5793
vn 0.1991 -0.7825 -0.5900
vn -0.7304 -0.3966 -0.5560
vn -0.3258 0.7444 -0.5828
vn -0.3088 0.7722 0.5552
vn 0.8218 0.1558 0.5481
vn 0.2171 -0.7529 0.6213
vn -0.7133 -0.3685 0.5962
vn 0.7725 0.2633 -0.5779
vn 0.2775 -0.7583 -0.5899
vn -0.7108 -0.4364 -0.5517
vn -0.4102 0.6950 -0.5905
vn -0.3930 0.7233 0.5678
vn 0.7892 0.2906 0.5411
vn 0.2955 -0.7288 0.6177
vn -0.6937 -0.4084 0.5933
vn 0.1844 -0.7568 0.6271
vn 0.7478 -0.2036 0.6319
vn 0.5547 0.5617 0.6139
vn -0.2075 0.7789 0.5918
vn -0.7771 0.2243 0.5881
vn -0.5796 -0.5456 0.6052
vn 0.2075 -0.7789 -0.5918
vn 0.7771 -0.2243 -0.5881
vn 0.5796 0.5456 -0.6053
vn -0.5546 -0.5617 -0.6139
vn -0.7478 0.2036 -0.6319
vn -0.1844 0.7568 -0.6271
vn 0.6558 0.3362 0.6759
vn 0.9916 0.1289 -0.0096
vn 0.6450 0.3183 -0.6948
vn -0.0401 0.7167 -0.6962
vn -0.3783 0.9256 -0.0090
vn -0.0292 0.7346 0.6779
vn 0.4516 -0.2360 0.8605
vn 0.8740 -0.4859 -0.0006
vn 0.4379 -0.2585 -0.8611
vn -0.4364 0.2275 -0.8705
vn -0.8740 0.4859 0.0006
vn -0.4226 0.2501 0.8711
vn 0.0064 -0.7835 0.6214
vn 0.6774 -0.3675 0.6373
vn 0.6570 0.4217 0.6249
vn -0.0387 0.8010 0.5975
vn -0.7159 0.3849 0.5825
vn -0.6924 -0.4096 0.5940
vn 0.0387 -0.8010 -0.5975
vn 0.7159 -0.3849 -0.5825
vn 0.6924 0.4096 -0.5940
vn -0.6570 -0.4217 -0.6249
vn -0.6774 0.3675 -0.6373
vn -0.0064 0.7835 -0.6214
vn 0.8090 0.1348 -0.5722
vn 0.2032 -0.7757 -0.5975
vn -0.7265 -0.3903 -0.5655
vn -0.3218 0.7510 -0.5765
vn -0.3127 0.7659 0.5618
vn 0.8179 0.1495 0.5555
vn 0.2129 -0.7599 0.6142
vn -0.7174 -0.3753 0.5870
vn 0.7765 0.2699 -0.5694
vn 0.2816 -0.7515 -0.5966
vn -0.7069 -0.4300 -0.5616
vn -0.4061 0.7017 -0.5854
vn -0.3969 0.7168 0.5733
vn 0.7854 0.2844 0.5498
vn 0.2912 -0.7358 0.6114
vn -0.6978 -0.4151 0.5837
vn 0.1801 -0.7639 0.6197
vn 0.7434 -0.2108 0.6347
vn 0.5503 0.5547 0.6241
vn -0.2117 0.7721 0.5992
vn -0.7812 0.2176 0.5852
vn -0.5838 -0.5524 0.5950
vn 0.2117 -0.7721 -0.5992
vn 0.7812 -0.2176 -0.5852
vn 0.5838 0.5524 -0.5950
vn -0.5503 -0.5547 -0.6241
vn -0.7434 0.2108 -0.6347
vn -0.1801 0.7639 -0.6197
vn -0.5997 0.3756 -0.7066
vn -0.6073 0.3615 0.7075
vn -0.6080 0.3619 0.7066
vn -0.5989 0.3751 -0.7075
vn 0.5989 -0.3751 0.7075
vn 0.5997 -0.3756 0.7066
vn 0.6080 -0.3619 -0.7066
vn 0.6073 -0.3615 -0.7075
vn 0.6559 0.3362 0.6759
vn 0.8090 0.1349 -0.5722
vn 0.2128 -0.7599 0.6142
vn 0.2817 -0.7515 -0.5966
vn 0.2913 -0.7358 0.6114
vn -0.7812 0.2176 0.5851
vn -0.5986 0.3766 -0.7070
vn -0.6084 0.3605 0.7070
vn 0.5986 -0.3766 0.7070
vn 0.6084 -0.3605 -0.7070
vn 0.4516 -0.2360 0.8604
vn 0.2129 -0.7599 0.6141
vn -0.4062 0.7017 -0.5854
vn -0.6006 0.3757 -0.7058
vn -0.6064 0.3613 0.7083
vn -0.6085 0.3626 0.7058
vn -0.5984 0.3744 -0.7083
vn 0.5984 -0.3744 0.7083
vn 0.6005 -0.3757 0.7058
vn 0.6085 -0.3626 -0.7058
vn 0.6064 -0.3613 -0.7083
vn -0.5777 -0.1397 0.8042
vn -0.3098 -0.5073 0.8042
vn -0.5212 -0.8535 -0.0000
vn -0.9720 -0.2350 -0.0000
vn 0.7547 0.1824 0.6302
vn 0.4046 0.6626 0.6302
vn 0.1396 -0.5777 0.8042
vn -0.1824 0.7547 0.6302
vn 0.5073 -0.3098 0.8042
vn 0.5777 0.1397 0.8042
vn -0.6626 0.4046 0.6302
vn -0.7547 -0.1824 0.6302
vn -0.6626 0.4046 -0.6302
vn -0.7547 -0.1824 -0.6302
vn -0.1824 0.7547 -0.6302
vn 0.5073 -0.3098 -0.8042
vn 0.5777 0.1397 -0.8042
vn 0.1396 -0.5777 -0.8042
vn -0.3098 -0.5073 -0.8042
vn -0.5777 -0.1397 -0.8042
vn 0.4046 0.6626 -0.6302
vn 0.7547 0.1824 -0.6302
vn -0.5073 0.3098 -0.8042
vn 0.6626 -0.4046 -0.6302
vn 0.6626 -0.4046 0.6302
vn -0.5073 0.3098 0.8042
vn -0.1396 0.5777 0.8042
vn 0.1824 -0.7547 0.6302
vn 0.1824 -0.7547 -0.6302
vn 0.3098 0.5073 0.8042
vn -0.4046 -0.6626 0.6302
vn -0.4046 -0.6626 -0.6302
vn 0.3098 0.5073 -0.8042
vn -0.1396 0.5777 -0.8042
vn 0.0621 -0.8105 0.5825
vn -0.3998 -0.4897 0.7748
vn -0.5732 -0.8194 -0.0000
vn 0.5441 -0.3750 0.7505
vn -0.0526 0.0362 0.9980
vn 0.2769 -0.9597 0.0483
vn 0.8218 -0.5663 0.0623
vn 0.5423 -0.3793 0.7497
vn -0.0509 0.0356 0.9981
vn 0.8178 -0.5721 0.0622
vn 0.6143 -0.4297 -0.6618
vn 0.0509 -0.0356 -0.9981
vn 0.1183 -0.8495 -0.5142
vn -0.3205 -0.5447 -0.7749
vn 0.6167 -0.4250 -0.6626
vn 0.0498 -0.0343 -0.9982
vn -0.7819 -0.2243 -0.5817
vn -0.5457 0.3761 -0.7488
vn -0.9960 -0.0757 -0.0482
vn -0.8218 0.5663 -0.0621
vn -0.5423 0.3793 -0.7497
vn -0.5423 0.3794 -0.7497
vn -0.8178 0.5721 -0.0622
vn -0.6143 0.4297 0.6618
vn -0.8379 -0.1854 0.5134
vn -0.6179 0.4258 0.6609
vn -0.4459 -0.7433 0.4986
vn 0.0007 -0.0042 1.0000
vn -0.5222 0.3114 0.7939
vn -0.8760 -0.2743 0.3967
vn 0.4466 0.7391 0.5042
vn -0.1688 0.9003 0.4011
vn -0.1685 0.9047 -0.3912
vn -0.5230 0.3178 -0.7909
vn -0.8771 -0.2723 -0.3956
vn 0.4468 0.7447 -0.4958
vn -0.0007 0.0041 -1.0000
vn -0.4474 -0.7406 -0.5014
vn 0.4466 0.7392 0.5042
vn -0.1013 -0.9760 0.1929
vn 0.8042 -0.5942 0.0157
vn 0.7072 -0.3602 0.6084
vn -0.0103 -0.6628 0.7487
vn 0.9078 0.3802 -0.1772
vn 0.7893 0.4117 0.4555
vn 0.1529 0.8836 0.4426
vn -0.5674 0.5813 0.5832
vn -0.6483 -0.1932 0.7364
vn 0.1046 0.9756 -0.1932
vn -0.8042 0.5941 -0.0157
vn -0.9065 -0.3831 0.1776
vn -0.0000 0.8576 -0.5144
vn -0.1720 0.8669 -0.4679
vn -0.0000 0.9986 -0.0536
vn 0.1720 0.8669 -0.4679
vn 0.3494 0.8791 -0.3241
vn 0.4451 0.8813 -0.1587
vn 0.4789 0.8778 -0.0112
vn 0.4926 0.8684 0.0567
vn 0.5089 0.8550 0.0997
vn 0.4523 0.8557 0.2512
vn 0.1878 0.8828 0.4305
vn -0.0000 0.8854 0.4649
vn -0.1878 0.8828 0.4305
vn -0.3494 0.8791 -0.3241
vn -0.4451 0.8813 -0.1587
vn -0.4789 0.8778 -0.0112
vn -0.4926 0.8684 0.0567
vn -0.5089 0.8550 0.0997
vn -0.4523 0.8557 0.2512
vn -0.6954 0.6730 0.2521
vn -0.5353 0.7196 0.4422
vn -0.6996 0.6906 0.1832
vn -0.8863 0.4128 0.2098
vn -0.8520 0.4293 0.2996
vn -0.6651 0.5091 0.5464
vn -0.9717 0.1578 0.1760
vn -0.9364 0.1394 0.3221
vn -0.7838 0.1576 0.6007
vn -0.9511 0.0107 0.3087
vn -0.4431 -0.5094 0.7377
vn -0.9858 -0.0209 0.1663
vn -0.9740 -0.1527 0.1672
vn -0.4961 -0.4085 0.7661
vn -0.4444 -0.3902 0.8064
vn 0.8771 -0.2530 0.4082
vn 0.8129 -0.4565 0.3617
vn -0.9402 -0.2808 0.1930
vn -0.4522 -0.4356 0.7783
vn 0.9038 -0.0636 0.4232
vn 0.9513 -0.0095 -0.3081
vn 0.8429 -0.5289 -0.0988
vn 0.9858 0.0212 -0.1666
vn 0.9739 0.1530 -0.1675
vn 0.9401 0.2803 -0.1941
vn 0.9238 0.0465 0.3800
vn 0.9552 0.2287 -0.1878
vn -0.3180 -0.4257 0.8471
vn -0.3809 -0.5424 0.7488
vn 0.8486 -0.3486 0.3980
vn 0.7539 -0.6273 0.1951
vn -0.9552 -0.2290 0.1878
vn -0.5523 -0.7559 0.3517
vn -0.9662 -0.2576 0.0069
vn -0.9802 -0.1978 0.0019
vn -0.6205 -0.7842 0.0064
vn -0.9259 -0.2399 -0.2918
vn -0.5596 -0.7539 -0.3442
vn -0.9016 -0.3047 -0.3072
vn -0.1227 -0.4706 -0.8738
vn -0.2232 -0.5948 -0.7722
vn -0.2527 -0.5813 -0.7734
vn 0.9913 -0.1279 0.0321
vn 0.9897 0.0014 -0.1432
vn 0.9049 -0.3878 -0.1751
vn 0.9015 0.3058 0.3063
vn 0.9262 0.2398 0.2910
vn 0.7519 -0.6509 -0.1052
vn 0.9802 0.1982 -0.0043
vn 0.7296 -0.6838 0.0070
vn 0.9663 0.2571 -0.0100
vn 0.9240 0.1676 0.3437
vn 0.9889 0.1482 -0.0129
vn 0.9706 0.0336 0.2383
vn 0.9999 0.0058 -0.0105
vn 0.6976 0.0990 0.7096
vn 0.8113 -0.5037 0.2967
vn 0.3012 0.1248 0.9453
vn 0.4275 -0.6240 0.6541
vn -0.0720 -0.6900 -0.7202
vn -0.2838 -0.6435 -0.7109
vn -0.3463 0.0056 -0.9381
vn -0.7260 0.0116 -0.6876
vn -0.9236 -0.1664 -0.3454
vn -0.9507 0.0047 -0.3100
vn -0.0000 -0.0003 -1.0000
vn -0.0000 -0.7600 -0.6499
vn -0.0000 -0.5496 0.8354
vn 0.3463 0.0056 -0.9381
vn 0.0720 -0.6900 -0.7202
vn -0.4275 -0.6240 0.6541
vn -0.0000 0.1414 0.9900
vn -0.3012 0.1248 0.9453
vn -0.8113 -0.5037 0.2967
vn -0.6976 0.0990 0.7096
vn 0.2838 -0.6435 -0.7109
vn -0.9240 0.1676 0.3437
vn -0.9706 0.0336 0.2383
vn -0.9913 -0.1279 0.0321
vn -0.9015 0.3058 0.3063
vn 0.2527 -0.5813 -0.7734
vn 0.7260 0.0116 -0.6876
vn 0.9507 0.0047 -0.3100
vn 0.9236 -0.1664 -0.3454
vn 0.9016 -0.3047 -0.3072
vn 0.1227 -0.4706 -0.8738
vn -0.9897 0.0014 -0.1432
vn 0.9259 -0.2399 -0.2918
vn 0.9889 -0.1484 0.0094
vn 0.9662 -0.2576 0.0069
vn 0.9802 -0.1978 0.0019
vn 0.6205 -0.7842 0.0064
vn 0.5596 -0.7539 -0.3442
vn 0.2232 -0.5948 -0.7722
vn 0.9552 -0.2290 0.1878
vn 0.5523 -0.7559 0.3517
vn 0.9402 -0.2808 0.1930
vn 0.4522 -0.4356 0.7783
vn 0.3180 -0.4257 0.8471
vn 0.3809 -0.5424 0.7488
vn -0.9238 0.0465 0.3800
vn -0.8486 -0.3486 0.3980
vn -0.9038 -0.0636 0.4232
vn -0.9552 0.2287 -0.1878
vn -0.7539 -0.6273 0.1951
vn -0.9401 0.2803 -0.1941
vn -0.9663 0.2571 -0.0100
vn -0.9802 0.1982 -0.0043
vn -0.7296 -0.6838 0.0070
vn -0.9262 0.2398 0.2910
vn -0.7519 -0.6509 -0.1052
vn -0.9049 -0.3878 -0.1751
vn -0.9889 0.1482 -0.0129
vn -0.9739 0.1530 -0.1675
vn -0.9999 0.0058 -0.0105
vn -0.9858 0.0212 -0.1666
vn -0.8771 -0.2530 0.4082
vn -0.9513 -0.0095 -0.3081
vn 0.4961 -0.4085 0.7661
vn 0.4444 -0.3902 0.8064
vn -0.8129 -0.4565 0.3617
vn -0.8429 -0.5289 -0.0988
vn 0.9511 0.0107 0.3087
vn 0.4431 -0.5094 0.7377
vn 0.9858 -0.0209 0.1663
vn 0.9740 -0.1527 0.1672
vn 1.0000 -0.0057 0.0077
vn 0.9717 0.1578 0.1760
vn 0.9847 0.1740 0.0129
vn 0.9399 0.2105 -0.2687
vn 0.7485 0.2587 -0.6106
vn 0.8700 0.4545 -0.1911
vn 0.9083 0.4160 0.0452
vn 0.6981 0.5107 -0.5018
vn 0.3837 0.2916 -0.8762
vn 0.3591 0.5650 -0.7428
vn -0.0000 0.3011 -0.9536
vn -0.0000 0.5757 -0.8177
vn -0.3837 0.2916 -0.8762
vn -0.3591 0.5650 -0.7428
vn -0.7485 0.2587 -0.6106
vn -0.6981 0.5107 -0.5018
vn -0.9399 0.2105 -0.2687
vn -0.8700 0.4545 -0.1911
vn -0.9847 0.1740 0.0129
vn -0.9083 0.4160 0.0452
vn -1.0000 -0.0057 0.0077
vn -0.9889 -0.1484 0.0094
vn -0.7085 0.7026 0.0665
vn -0.6904 0.7141 -0.1159
vn -0.5666 0.7334 -0.3756
vn -0.3067 0.7484 -0.5881
vn -0.0000 0.7376 -0.6753
vn 0.3067 0.7484 -0.5881
vn 0.5666 0.7334 -0.3756
vn 0.6904 0.7141 -0.1159
vn 0.7085 0.7026 0.0665
vn 0.6996 0.6906 0.1832
vn 0.8863 0.4128 0.2098
vn 0.6954 0.6730 0.2521
vn 0.8520 0.4293 0.2996
vn 0.5353 0.7196 0.4422
vn 0.6651 0.5091 0.5464
vn 0.9364 0.1394 0.3221
vn 0.7838 0.1576 0.6007
vn 0.2958 0.4982 0.8150
vn 0.3740 0.1480 0.9156
vn 0.2341 -0.6381 0.7335
vn -0.0000 0.4887 0.8725
vn -0.0000 0.1371 0.9906
vn -0.0000 -0.6811 0.7322
vn -0.3740 0.1480 0.9156
vn -0.2958 0.4982 0.8150
vn -0.2341 -0.6381 0.7335
vn 0.4742 -0.6634 -0.5788
vn -0.0000 -0.7168 -0.6973
vn 0.3991 0.0696 -0.9143
vn -0.0000 0.0600 -0.9982
vn 0.7685 0.0478 -0.6381
vn 0.9376 -0.0302 -0.3465
vn 0.9819 -0.0852 -0.1691
vn -0.7685 0.0478 -0.6381
vn -0.9376 -0.0302 -0.3465
vn -0.9819 -0.0852 -0.1691
vn -0.9957 -0.0912 -0.0140
vn -0.9933 -0.1001 0.0585
vn 0.9957 -0.0912 -0.0140
vn 0.9933 -0.1001 0.0585
vn -0.4742 -0.6634 -0.5788
vn -0.3991 0.0696 -0.9143
vn -0.0000 0.7105 0.7037
vn -0.2256 0.7193 0.6570
vn 0.2256 0.7193 0.6570
vn -0.0000 -0.9559 0.2938
vn 0.4475 -0.7229 0.5264
vn -0.0000 -0.5752 0.8180
vn 0.5266 -0.8501 -0.0000
vn 0.8526 -0.4215 0.3090
vn 0.5246 -0.2611 0.8103
vn -0.0000 -0.0162 0.9999
vn 0.4440 0.2784 0.8517
vn 0.8499 0.1663 0.5000
vn -0.0000 0.6003 0.7998
vn -0.4440 0.2784 0.8517
vn -0.5246 -0.2611 0.8103
vn -0.8499 0.1663 0.5000
vn -0.4475 -0.7229 0.5264
vn -0.8526 -0.4215 0.3090
vn -0.5266 -0.8501 -0.0000
vn -1.0000 0.0045 -0.0000
vn -0.8526 -0.4215 -0.3090
vn -0.4475 -0.7229 -0.5264
vn -0.0000 -0.9559 -0.2938
vn 0.4475 -0.7229 -0.5264
vn -0.0000 -0.5752 -0.8180
vn 0.5246 -0.2611 -0.8103
vn -0.0000 -0.0162 -0.9999
vn -0.5246 -0.2611 -0.8103
vn -0.4440 0.2784 -0.8517
vn -0.8499 0.1663 -0.5000
vn -0.8483 0.5296 -0.0000
vn -0.5212 0.6912 -0.5006
vn -0.0000 0.6003 -0.7998
vn -0.4418 0.8971 -0.0000
vn -0.0000 0.9460 -0.3241
vn 0.4440 0.2784 -0.8517
vn 0.5212 0.6912 -0.5006
vn 0.8499 0.1663 -0.5000
vn 0.4418 0.8971 -0.0000
vn 0.8483 0.5296 -0.0000
vn 0.8526 -0.4215 -0.3090
vn 1.0000 0.0045 -0.0000
vn 0.5212 0.6912 0.5006
vn -0.0000 0.9460 0.3241
vn -0.5212 0.6912 0.5006
vn 0.0215 -0.2272 -0.9736
vn -0.0113 -0.4037 -0.9148
vn -0.8584 -0.1742 -0.4826
vn -0.8190 -0.0470 -0.5719
vn 0.8316 -0.1513 -0.5344
vn 0.8486 -0.2311 -0.4759
vn -0.0000 -0.7060 -0.7082
vn -0.8463 -0.3753 -0.3781
vn 0.8463 -0.3753 -0.3781
vn -0.0000 -0.7175 -0.6966
vn -0.8809 -0.3371 -0.3322
vn 0.8809 -0.3371 -0.3322
vn -0.0000 -0.6037 -0.7972
vn -0.8873 -0.2783 -0.3678
vn 0.8873 -0.2783 -0.3678
vn 0.8494 0.3769 0.3693
vn 0.8371 0.3267 0.4389
vn -0.0000 0.7091 0.7051
vn -0.0000 0.5970 0.8022
vn -0.0000 0.7036 0.7106
vn 0.8825 0.3311 0.3341
vn -0.0094 0.4848 0.8745
vn 0.8734 0.2194 0.4349
vn 0.0233 0.3651 0.9307
vn 0.8991 0.1363 0.4160
vn -0.8754 0.2623 0.4060
vn -0.8714 0.2715 0.4085
vn -0.8825 0.3311 0.3341
vn -0.8494 0.3769 0.3693
vn -0.8371 0.3267 0.4389
vn -0.0000 -1.0000 -0.0000
vn -0.1625 -0.8507 0.5000
vn -0.5257 -0.8507 -0.0000
vn 0.4253 -0.8507 0.3090
vn -0.1625 -0.8507 -0.5000
vn 0.4253 -0.8507 -0.3090
vn 0.8506 -0.5257 -0.0000
vn 0.7236 -0.4472 -0.5257
vn 0.2629 -0.5257 -0.8090
vn 0.7236 -0.4472 0.5257
vn 0.9511 -0.0000 0.3090
vn 0.9511 -0.0000 -0.3090
vn 0.8944 0.4472 -0.0000
vn 0.6882 0.5257 -0.5000
vn 0.5878 -0.0000 -0.8090
vn 0.2764 0.4472 -0.8506
vn -0.2629 0.5257 -0.8090
vn -0.2764 -0.4472 -0.8507
vn -0.5878 -0.0000 -0.8090
vn -0.6882 -0.5257 -0.5000
vn -0.9511 -0.0000 -0.3090
vn -0.7236 0.4472 -0.5257
vn -0.8944 -0.4472 -0.0000
vn -0.6882 -0.5257 0.5000
vn -0.9511 -0.0000 0.3090
vn -0.5878 -0.0000 0.8090
vn -0.7236 0.4472 0.5257
vn -0.8506 0.5257 -0.0000
vn -0.2629 0.5257 0.8090
vn -0.2764 -0.4472 0.8507
vn 0.2629 -0.5257 0.8090
vn 0.5878 -0.0000 0.8090
vn 0.2764 0.4472 0.8506
vn 0.6882 0.5257 0.5000
vn 0.1625 0.8507 0.5000
vn 0.5257 0.8507 -0.0000
vn -0.0000 1.0000 -0.0000
vn 0.1625 0.8507 -0.5000
vn -0.4253 0.8507 -0.3090
vn -0.4253 0.8507 0.3090
vn -0.0215 -0.2272 -0.9736
vn 0.8190 -0.0470 -0.5719
vn 0.8584 -0.1742 -0.4826
vn 0.0113 -0.4037 -0.9148
vn -0.8316 -0.1513 -0.5344
vn -0.8486 -0.2311 -0.4759
vn 0.8463 -0.3754 -0.3781
vn 0.0094 0.4848 0.8745
vn -0.8734 0.2194 0.4349
vn -0.0233 0.3651 0.9307
vn -0.8991 0.1363 0.4160
vn 0.8754 0.2623 0.4060
vn 0.8714 0.2715 0.4085
vn 0.5257 -0.8507 -0.0000
vn 0.1625 -0.8507 0.5000
vn -0.4253 -0.8507 0.3090
vn 0.1625 -0.8507 -0.5000
vn -0.4253 -0.8507 -0.3090
vn -0.8506 -0.5257 -0.0000
vn -0.7236 -0.4472 -0.5257
vn -0.2629 -0.5257 -0.8090
vn -0.7236 -0.4472 0.5257
vn -0.8944 0.4472 -0.0000
vn -0.6882 0.5257 -0.5000
vn -0.2764 0.4472 -0.8506
vn 0.2629 0.5257 -0.8090
vn 0.2764 -0.4472 -0.8507
vn 0.6882 -0.5257 -0.5000
vn 0.7236 0.4472 -0.5257
vn 0.8944 -0.4472 -0.0000
vn 0.6882 -0.5257 0.5000
vn 0.7236 0.4472 0.5257
vn 0.8506 0.5257 -0.0000
vn 0.2629 0.5257 0.8090
vn 0.2764 -0.4472 0.8507
vn -0.2629 -0.5257 0.8090
vn -0.2764 0.4472 0.8506
vn -0.6882 0.5257 0.5000
vn -0.1625 0.8507 0.5000
vn -0.5257 0.8507 -0.0000
vn -0.1625 0.8507 -0.5000
vn 0.4253 0.8507 -0.3090
vn 0.4253 0.8507 0.3090
vn -0.7897 -0.4884 -0.3714
vn -0.6282 0.6591 -0.4135
vn 0.4654 0.4901 -0.7370
vn 0.3087 -0.6484 -0.6959
vn -0.4654 -0.4901 0.7370
vn -0.3087 0.6485 0.6959
vn 0.7897 0.4884 0.3714
vn 0.6282 -0.6591 0.4134
vn -0.7483 -0.5133 -0.4203
vn -0.5187 -0.4709 0.7136
vn -0.3731 0.6546 0.6575
vn -0.5945 0.6511 -0.4718
vn 0.3731 -0.6546 -0.6575
vn 0.5945 -0.6511 0.4718
vn 0.5187 0.4709 -0.7136
vn 0.7483 0.5133 0.4203
vn -0.3058 -0.5626 0.7681
vn -0.9333 0.3338 -0.1325
vn -0.7977 0.5522 0.2425
vn -0.4631 -0.8208 0.3344
vn 0.8176 -0.5140 -0.2596
vn 0.9420 -0.3033 0.1438
vn -0.7607 -0.6094 0.2237
vn 0.8842 -0.1687 -0.4356
vn -0.5245 0.7569 0.3898
vn 0.3817 0.8756 -0.2960
vn 0.3006 0.9522 0.0539
vn 0.2506 0.5561 -0.7924
vn 0.2137 0.2025 -0.9557
vn 0.9732 0.0729 0.2180
vn -0.9096 -0.0129 -0.4152
vn -0.8252 -0.4842 -0.2910
vn 0.4026 -0.1714 -0.8992
vn 0.8164 0.4899 0.3059
vn -0.4061 0.1687 0.8981
vn -0.3511 -0.2213 0.9098
vn -0.6938 0.4813 0.5357
vn -0.5752 -0.8180 -0.0003
vn 0.5979 0.8007 -0.0384
vn 0.6336 -0.5802 -0.5117
vn -0.8989 0.2746 0.3415
vn -0.2279 -0.9698 0.0866
vn 0.6161 -0.7521 -0.2340
vn 0.7798 0.5515 -0.2962
vn 0.8665 -0.4109 0.2835
vn -0.2474 0.1488 0.9574
vn 0.0078 0.4008 0.9161
vn 0.4769 -0.7851 0.3951
vn -0.0435 -0.4214 -0.9058
vn 0.2514 -0.1155 -0.9610
vn 0.1977 -0.7475 0.6341
vn -0.2080 -0.0176 -0.9780
vn 0.0848 0.7298 0.6784
vn -0.4297 0.8672 -0.2516
vn -0.1243 0.9708 -0.2051
vn -0.8909 0.3907 -0.2316
vn -0.9665 0.0077 -0.2564
vn 0.2351 0.2679 -0.9343
vn -0.4380 -0.2459 0.8647
vn -0.2016 -0.6576 0.7259
vn -0.8146 -0.3102 -0.4901
vn 0.2143 0.6652 -0.7153
vn 0.8141 0.3068 0.4931
vn 0.9207 -0.0571 0.3860
vn 0.4284 0.4364 0.7912
vn 0.0425 -0.8644 0.5010
vn -0.0998 0.8260 -0.5547
vn -0.3914 -0.6137 -0.6857
vn 0.2403 0.3608 0.9012
vn 0.0770 -0.9626 0.2597
vn -0.1935 -0.6491 -0.7357
vn -0.2053 0.6355 -0.7443
vn -0.2573 -0.2398 -0.9361
vn 0.8638 0.3802 -0.3305
vn 0.5601 0.6965 -0.4485
vn 0.0806 -0.5954 -0.7994
vn -0.5674 -0.6552 0.4987
vn -0.8744 -0.3489 0.3373
vn 0.3877 -0.4024 -0.8293
vn -0.4653 -0.4366 0.7700
vn 0.2991 0.8894 -0.3457
vn -0.0246 0.6660 0.7456
vn -0.1421 0.8656 0.4801
vn 0.3155 0.2323 0.9201
vn 0.4044 -0.1483 0.9025
vn -0.9047 0.0244 0.4254
vn 0.9743 -0.0402 -0.2218
vn 0.7861 -0.4513 -0.4223
vn 0.1813 -0.5027 0.8452
vn -0.7871 0.4626 0.4081
vn -0.1781 0.5002 -0.8474
vn -0.2688 0.1319 -0.9541
vn 0.2250 0.6499 -0.7259
vn 0.5065 -0.7023 -0.5003
vn -0.5256 0.5986 0.6044
vn -0.1136 -0.7969 0.5933
vn 0.3675 0.6297 -0.6844
vn 0.3983 -0.8050 -0.4397
vn -0.2281 -0.8273 0.5134
vn -0.5321 0.4567 0.7130
vn -0.9359 -0.2680 0.2287
vn -0.3326 0.5565 -0.7614
vn -0.4496 0.7912 -0.4146
vn -0.8043 -0.5603 -0.1977
vn 0.4911 -0.7800 0.3878
vn 0.3499 -0.5291 0.7731
vn -0.8151 -0.2672 -0.5140
vn 0.7849 -0.5209 0.3355
vn -0.1327 0.9911 0.0120
vn 0.7690 0.6196 0.1572
vn 0.6008 0.7053 0.3764
vn 0.9205 0.2733 -0.2795
vn 0.8856 -0.0889 -0.4559
vn 0.4336 -0.1797 0.8830
vn -0.2521 0.1734 -0.9521
vn -0.4492 -0.2555 -0.8561
vn 0.8177 -0.4919 -0.2990
vn 0.4468 0.2673 0.8538
vn -0.8186 0.4868 0.3047
vn -0.9451 0.1063 0.3089
vn -0.7026 0.7071 -0.0800
vn -0.5327 -0.5509 -0.6424
vn 0.6240 0.4547 0.6355
vn 0.5531 -0.8304 -0.0672
vn -0.6373 0.7370 -0.2251
vn -0.4543 -0.6880 -0.5660
vn 0.4826 -0.8734 0.0651
vn 0.7235 0.2827 0.6297
vn 0.1684 0.6044 0.7787
vn 0.1347 0.6165 0.7757
vn 0.2458 -0.8865 0.3920
vn 0.2613 -0.8326 0.4883
vn 0.3108 -0.8183 0.4836
vn 0.2035 0.6812 0.7033
vn -0.3257 0.7353 -0.5943
vn -0.2558 0.7776 -0.5743
vn -0.2469 0.7937 -0.5559
vn -0.1634 -0.5237 -0.8361
vn -0.1646 -0.4459 -0.8798
vn -0.2317 -0.5584 -0.7966
vn -0.3612 0.7435 -0.5628
vn 0.1786 0.6488 0.7397
vn -0.2508 -0.5046 -0.8261
vn -0.3374 0.8116 -0.4770
vn -0.0395 0.5722 0.8191
vn -0.0053 -0.4789 -0.8779
vn -0.3807 0.7282 -0.5700
vn -0.3353 0.5216 0.7846
vn 0.2467 -0.3142 -0.9167
vn -0.7230 0.5146 -0.4608
vn -0.5261 0.3352 0.7816
vn -0.0156 -0.6015 -0.7987
vn -0.6390 -0.4762 -0.6041
vn -0.8772 0.0015 -0.4801
vn -0.6332 -0.1874 0.7510
vn -0.3509 -0.7393 0.5747
vn 0.2631 -0.8896 0.3733
vn 0.4233 -0.7990 0.4271
vn 0.3199 -0.7572 0.5694
vn 0.2969 -0.8641 0.4065
vn 0.3880 0.6277 0.6749
vn -0.4996 0.7385 -0.4528
vn -0.3246 -0.6918 -0.6451
vn 0.5660 -0.7054 0.4266
vn 0.7769 -0.5920 0.2145
vn 0.4604 0.7851 0.4143
vn -0.4823 -0.7456 -0.4599
vn 0.8435 -0.5368 -0.0209
vn 0.5007 0.8324 0.2376
vn -0.4732 -0.8438 -0.2529
vn -0.7877 0.5675 -0.2397
vn -0.8608 0.5088 -0.0152
vn -0.5120 -0.8565 -0.0657
vn 0.8204 -0.4876 -0.2986
vn -0.8378 0.4226 0.3456
vn 0.5482 0.8361 0.0215
vn 0.6518 -0.4673 -0.5974
vn 0.4590 0.8529 -0.2487
vn -0.5754 0.5235 0.6284
vn 0.2476 0.8204 -0.5154
vn -0.3093 0.5929 0.7435
vn 0.3498 -0.5992 -0.7201
vn -0.4221 -0.8651 0.2710
vn -0.2692 -0.7818 0.5624
vn -0.1940 -0.7055 0.6816
vn 0.1688 -0.7112 -0.6824
vn -0.2190 0.6117 0.7601
vn 0.1402 0.8007 -0.5825
vn 0.0357 -0.6751 -0.7369
vn 0.0275 0.7358 -0.6766
vn -0.0407 -0.7068 0.7062
vn -0.1352 -0.7137 -0.6873
vn -0.1216 0.7854 -0.6069
vn 0.1377 -0.7094 0.6912
vn -0.0476 0.6816 0.7301
vn 0.1494 0.6235 0.7674
vn 0.2623 -0.7555 0.6004
vn 0.2981 0.6847 0.6651
vn -0.3530 -0.6162 -0.7041
vn 0.4777 -0.8195 0.3168
vn -0.6384 -0.5609 -0.5272
vn 0.5015 0.7517 0.4283
vn -0.3158 0.7341 -0.6012
vn -0.6304 0.7125 -0.3082
vn -0.8017 0.5889 0.1023
vn 0.5562 0.8055 0.2043
vn -0.6831 -0.6833 -0.2578
vn 0.7912 -0.6111 -0.0236
vn -0.7145 0.6561 0.2427
vn 0.6735 0.7337 0.0902
vn 0.8732 -0.4389 -0.2119
vn -0.4833 -0.8639 -0.1417
vn -0.6298 -0.7731 0.0753
vn -0.6294 0.6717 0.3907
vn 0.7271 -0.5500 -0.4108
vn 0.3698 -0.5646 -0.7379
vn -0.5688 -0.7284 0.3819
vn -0.3754 0.6428 0.6678
vn 0.6989 0.7094 -0.0915
vn 0.5193 0.7554 -0.3995
vn 0.4524 0.7102 -0.5394
vn 0.2438 -0.5245 -0.8157
vn -0.2427 0.6720 0.6996
vn -0.4734 -0.8182 0.3261
vn -0.2839 0.5385 0.7933
vn 0.2350 0.8582 -0.4565
vn -0.3126 -0.8594 0.4046
vn 0.2398 -0.5832 -0.7761
vn 0.2836 0.7710 -0.5702
vn 0.2398 -0.2776 -0.9303
vn -0.1814 -0.8809 0.4372
vn 0.8420 0.4970 -0.2099
vn 0.6529 -0.5511 -0.5196
vn 0.3851 -0.8191 0.4251
vn -0.0988 0.5758 0.8116
vn 0.5157 0.4001 0.7576
vn 0.4629 -0.7735 0.4329
vn 0.6267 -0.4076 -0.6642
vn 0.7344 0.6034 -0.3109
vn 0.5706 0.2374 0.7862
vn -0.4913 -0.5150 0.7024
vn -0.4308 0.0529 0.9009
vn -0.1688 -0.9012 0.3991
vn 0.0222 -0.4746 -0.8799
vn -0.0353 0.4061 0.9131
vn -0.2417 0.0427 -0.9694
vn -0.1812 0.6106 -0.7710
vn 0.1709 0.8669 -0.4682
vn 0.4913 0.5150 -0.7024
vn 0.2417 -0.0427 0.9694
vn -0.5706 -0.2374 -0.7862
vn -0.7344 -0.6034 0.3109
vn 0.4308 -0.0529 -0.9009
vn 0.1812 -0.6106 0.7710
vn -0.6267 0.4076 0.6642
vn -0.4629 0.7735 -0.4329
vn -0.0222 0.4746 0.8799
vn 0.1688 0.9012 -0.3991
vn 0.0353 -0.4061 -0.9131
vn -0.1709 -0.8669 0.4682
vn -0.5469 -0.8231 0.1526
vn -0.5438 -0.8062 0.2332
vn -0.4656 0.4754 0.7465
vn -0.4635 0.5434 0.6999
vn 0.5153 -0.4702 -0.7165
vn 0.4413 -0.5126 -0.7365
vn -0.4652 -0.8351 0.2935
vn -0.3870 0.4464 0.8068
vn 0.3661 -0.4849 -0.7942
vn 0.5231 0.8286 -0.1994
vn 0.5914 0.7766 -0.2172
vn 0.4480 0.8563 -0.2570
vn 0.8428 0.5326 0.0780
vn 0.7783 -0.5244 -0.3454
vn 0.1569 0.2380 0.9585
vn 0.0907 -0.8469 0.5240
vn -0.9305 -0.2131 -0.2978
vn -0.9675 -0.2457 -0.0599
vn -0.4269 -0.7186 -0.5489
vn -0.3061 -0.4510 -0.8384
vn 0.3815 -0.7467 -0.5449
vn 0.5058 -0.4587 -0.7306
vn 0.5699 -0.1403 -0.8097
vn -0.2569 -0.1463 -0.9553
vn -0.8981 -0.0968 -0.4289
vn -0.4327 0.1386 0.8908
vn -0.4201 0.4049 0.8122
vn -0.2569 0.7397 0.6220
vn 0.2610 0.1523 0.9533
vn 0.3054 0.4543 0.8369
vn 0.4250 0.7178 0.5515
vn 0.4601 0.8364 0.2979
vn -0.1195 0.8854 0.4493
vn -0.8997 -0.3526 0.2574
vn -0.6248 -0.5668 0.5370
vn -0.0674 0.8652 0.4969
vn 0.4100 0.9076 0.0900
vn -0.4610 -0.8366 -0.2958
vn -0.4089 -0.9071 -0.0997
vn 0.3518 -0.8535 -0.3845
vn 0.4083 -0.8885 -0.2093
vn -0.4174 -0.8554 0.3068
vn 0.4285 -0.8896 0.1581
vn -0.3576 -0.8468 0.3938
vn 0.9045 0.4220 0.0618
vn 0.9337 0.3242 0.1517
vn 0.8905 0.4145 -0.1874
vn 0.4167 0.8534 -0.3131
vn 0.3579 0.8453 -0.3966
vn 0.3375 0.4946 -0.8009
vn 0.3064 0.4845 -0.8194
vn 0.8552 0.2145 -0.4718
vn 0.2530 0.8557 -0.4514
vn -0.0573 0.8308 0.5537
vn 0.2773 0.4736 -0.8360
vn 0.3279 0.1440 -0.9337
vn 0.2777 0.1824 -0.9432
vn 0.2567 0.1920 -0.9472
vn 0.3541 0.0970 -0.9302
vn 0.2721 0.1278 -0.9538
vn 0.6693 0.0042 -0.7430
vn 0.3805 0.0833 -0.9210
vn 0.2820 0.0874 -0.9554
vn 0.7450 0.1098 -0.6579
vn 0.3752 0.0475 -0.9257
vn 0.2730 0.0269 -0.9616
vn 0.7307 0.1302 -0.6702
vn 0.3820 0.0801 -0.9207
vn 0.2866 0.0785 -0.9548
vn 0.7213 0.0853 -0.6873
vn 0.0810 -0.5399 -0.8378
vn 0.0812 -0.6165 -0.7831
vn 0.4600 -0.5956 -0.6585
vn -0.5107 -0.6988 0.5008
vn -0.3414 -0.7299 0.5922
vn -0.6116 -0.7862 0.0881
vn -0.3588 -0.0695 0.9308
vn -0.2806 -0.0665 0.9575
vn -0.7638 -0.0849 0.6398
vn -0.9836 -0.1323 0.1222
vn -0.9522 -0.1198 0.2811
vn -0.9298 -0.1725 0.3251
vn -0.9818 -0.1444 0.1233
vn -0.8655 0.0820 0.4942
vn -0.9853 0.0327 0.1674
vn -0.0358 0.4003 0.9157
vn 0.4126 -0.1832 0.8923
vn -0.3594 -0.1318 0.9238
vn -0.4856 0.7332 0.4760
vn 0.8985 0.4354 0.0556
vn 0.9388 0.1169 -0.3241
vn 0.8698 0.0361 -0.4921
vn 0.9839 -0.0320 -0.1756
vn 0.4436 -0.6304 0.6370
vn -0.3551 -0.5511 0.7551
vn -0.3451 -0.6091 0.7141
vn -0.2547 -0.8571 0.4477
vn -0.2902 -0.5950 0.7495
vn -0.3462 -0.5616 0.7515
vn -0.0000 -0.6356 0.7720
vn -0.0000 -0.8433 0.5375
vn -0.0000 -0.6243 0.7812
vn -0.0000 0.8794 0.4761
vn -0.0000 0.8409 -0.5412
vn 0.0573 0.8308 0.5537
vn -0.2530 0.8557 -0.4514
vn 0.3462 -0.5616 0.7515
vn 0.0674 0.8652 0.4969
vn -0.3579 0.8453 -0.3966
vn 0.6248 -0.5668 0.5370
vn 0.3576 -0.8468 0.3938
vn 0.2547 -0.8571 0.4477
vn 0.8997 -0.3526 0.2574
vn 0.1195 0.8854 0.4493
vn 0.4610 -0.8366 -0.2958
vn 0.4089 -0.9071 -0.0997
vn 0.4174 -0.8554 0.3068
vn -0.3518 -0.8535 -0.3845
vn -0.4083 -0.8885 -0.2093
vn -0.4285 -0.8896 0.1581
vn -0.9337 0.3242 0.1517
vn -0.9045 0.4220 0.0618
vn -0.8905 0.4145 -0.1874
vn -0.4601 0.8364 0.2979
vn -0.4100 0.9076 0.0900
vn -0.4167 0.8534 -0.3131
vn -0.3064 0.4845 -0.8194
vn -0.3375 0.4946 -0.8009
vn -0.8552 0.2145 -0.4718
vn -0.2773 0.4736 -0.8360
vn -0.2777 0.1824 -0.9432
vn -0.3279 0.1440 -0.9337
vn -0.2567 0.1920 -0.9472
vn -0.2721 0.1278 -0.9538
vn -0.3541 0.0970 -0.9302
vn -0.6693 0.0042 -0.7430
vn -0.2803 0.0686 -0.9574
vn -0.3756 0.0608 -0.9248
vn -0.7487 0.0477 -0.6612
vn -0.2651 -0.0054 -0.9642
vn -0.3576 0.0030 -0.9339
vn -0.7371 0.0205 -0.6755
vn -0.2827 0.0654 -0.9570
vn -0.3740 0.0599 -0.9255
vn -0.7524 0.0570 -0.6562
vn -0.0811 -0.6172 -0.7827
vn -0.1116 -0.5833 -0.8046
vn -0.5433 -0.5268 -0.6537
vn 0.3414 -0.7295 0.5926
vn 0.4632 -0.7296 0.5032
vn 0.6218 -0.7818 0.0473
vn 0.2808 -0.0666 0.9574
vn 0.3592 -0.0658 0.9309
vn 0.8075 -0.0581 0.5870
vn 0.9560 -0.0393 0.2908
vn 0.9904 -0.0009 0.1380
vn 0.9937 -0.0121 0.1110
vn 0.9516 -0.0113 0.3071
vn 0.8655 0.0821 0.4942
vn 0.9853 0.0332 0.1675
vn 0.0358 0.4003 0.9157
vn 0.3594 -0.1318 0.9238
vn -0.4126 -0.1832 0.8923
vn 0.4856 0.7332 0.4760
vn -0.9388 0.1169 -0.3241
vn -0.8985 0.4354 0.0556
vn -0.8698 0.0361 -0.4921
vn -0.9839 -0.0320 -0.1756
vn -0.4436 -0.6304 0.6370
vn 0.3551 -0.5511 0.7551
vn 0.3451 -0.6091 0.7141
vn 0.2902 -0.5950 0.7495
vn 0.0005 -0.0683 0.9977
vn -0.0000 -0.7868 0.6172
vn -0.0000 -0.5611 -0.8277
vn 0.0042 0.0743 -0.9972
vn 0.0041 0.0125 -0.9999
vn -0.0044 0.0853 -0.9963
vn -0.0000 0.1380 -0.9904
vn -0.0000 0.2028 -0.9792
vn -0.0000 0.4732 -0.8809
vn -0.9049 0.4250 0.0233
vn -0.9917 -0.0899 0.0924
vn 0.6518 0.7540 -0.0814
vn -0.8519 -0.1208 0.5096
vn -0.9893 0.1454 0.0145
vn 0.2831 0.6512 -0.7041
vn 0.9918 0.0904 -0.0902
vn 0.8555 0.1202 -0.5037
vn -0.2872 0.2065 -0.9354
vn 0.4830 0.0366 -0.8748
vn -0.9371 -0.0574 0.3444
vn -0.5699 -0.1403 -0.8097
vn 0.2569 -0.1463 -0.9553
vn -0.8078 0.0030 0.5894
vn -0.4810 -0.0389 0.8759
vn -0.2610 0.1523 0.9533
vn -0.8553 0.2052 0.4757
vn -0.3054 0.4543 0.8368
vn -0.5058 -0.4587 -0.7306
vn -0.4250 0.7178 0.5515
vn -0.9096 0.3139 0.2722
vn -0.3815 -0.7467 -0.5449
vn 0.3061 -0.4510 -0.8384
vn 0.4269 -0.7186 -0.5489
vn 0.9305 -0.2131 -0.2978
vn 0.9675 -0.2457 -0.0599
vn 0.2569 0.7397 0.6220
vn 0.4201 0.4049 0.8122
vn 0.8981 -0.0968 -0.4289
vn 0.4327 0.1386 0.8908
vn 0.9849 -0.0323 -0.1701
vn 0.2144 0.0339 0.9762
vn 0.9985 -0.0089 0.0543
vn -0.0579 -0.0723 0.9957
vn 0.9694 -0.0168 0.2449
vn 0.9358 0.0559 -0.3481
vn -0.2495 -0.0569 0.9667
vn -0.9363 -0.0549 0.3468
vn -0.9245 -0.0064 0.3811
vn -0.2132 0.0025 0.9770
vn 0.9830 0.0047 0.1835
vn -0.9142 0.0860 0.3960
vn -0.1847 0.0906 0.9786
vn 0.9807 -0.0338 0.1924
vn 0.9239 0.0065 -0.3826
vn 0.9134 -0.0859 -0.3979
vn 0.7582 -0.6184 0.2064
vn 0.4818 -0.8310 -0.2780
vn -0.1974 -0.4947 0.8463
vn -0.7366 -0.6170 0.2768
vn 0.5660 -0.7848 -0.2524
vn -0.7951 -0.6064 -0.0051
vn -0.9835 0.0800 0.1625
vn -0.9884 -0.0014 0.1522
vn -0.9936 0.0639 -0.0930
vn -0.7566 -0.5988 -0.2626
vn -0.9929 0.0120 -0.1180
vn -0.9917 -0.0436 0.1210
vn -0.9893 0.0023 -0.1455
vn 0.6000 -0.7713 -0.2121
vn 0.9942 -0.0622 0.0878
vn 0.9835 -0.0798 -0.1624
vn 0.9883 0.0013 -0.1524
vn 0.9917 0.0448 -0.1204
vn 0.9049 0.4250 0.0233
vn 0.9917 -0.0899 0.0924
vn -0.6518 0.7540 -0.0814
vn 0.9893 0.1454 0.0145
vn 0.8519 -0.1208 0.5096
vn -0.2831 0.6512 -0.7041
vn -0.9919 0.0897 -0.0905
vn -0.8555 0.1199 -0.5037
vn 0.2872 0.2065 -0.9354
vn -0.4830 0.0366 -0.8748
vn 0.9371 -0.0574 0.3444
vn 0.8078 0.0030 0.5894
vn 0.4810 -0.0389 0.8759
vn 0.8553 0.2052 0.4757
vn 0.9096 0.3139 0.2722
vn -0.2144 0.0339 0.9762
vn 0.0612 -0.0713 0.9956
vn 0.2288 -0.0471 0.9723
vn 0.9433 0.0674 0.3249
vn 0.9890 0.0823 0.1228
vn 0.2706 -0.0383 0.9619
vn 0.9282 0.0795 0.3635
vn 0.9804 0.1223 0.1546
vn 0.2098 -0.0074 0.9777
vn 0.9239 0.0218 0.3821
vn 0.9851 0.0319 0.1692
vn 0.1340 -0.5041 0.8532
vn 0.6723 -0.6991 0.2435
vn 0.7447 -0.6656 -0.0497
vn -0.8196 -0.5397 0.1924
vn -0.5254 -0.7907 -0.3143
vn -0.6503 -0.6935 -0.3100
vn -0.9893 -0.0178 0.1447
vn -0.9229 -0.0217 -0.3844
vn -0.9850 -0.0315 -0.1698
vn -0.9578 -0.1366 0.2529
vn -0.9275 -0.0787 -0.3653
vn -0.9803 -0.1221 -0.1553
vn -0.9639 -0.0931 0.2495
vn -0.9432 -0.0669 -0.3254
vn -0.9892 -0.0815 -0.1220
vn -0.9984 -0.0083 0.0562
vn -0.9849 -0.0323 -0.1701
vn -0.9910 -0.0566 0.1212
vn -0.6392 -0.7589 -0.1246
vn 0.7598 -0.6116 -0.2205
vn 0.9904 0.0584 -0.1254
vn 0.9812 0.1450 -0.1273
vn 0.9826 0.1321 -0.1306
vn 0.2760 0.7924 0.5440
vn -0.7723 0.5000 0.3919
vn -0.3359 0.3962 0.8545
vn -0.3359 -0.3962 0.8545
vn 0.2760 -0.7924 0.5440
vn 0.8880 -0.3962 0.2334
vn 0.8880 0.3962 0.2334
vn 0.7723 0.5000 -0.3919
vn 0.7723 -0.5000 -0.3919
vn -0.7723 -0.5000 0.3919
vn 0.4481 0.8123 0.3734
vn -0.0353 0.9993 -0.0094
vn -0.5582 0.4869 0.6718
vn 0.0338 0.4062 0.9131
vn 0.0618 -0.3856 0.9206
vn 0.5041 -0.7715 0.3882
vn 0.9184 -0.3655 -0.1515
vn 0.8904 0.4264 -0.1590
vn 0.5229 0.5124 -0.6812
vn 0.5582 -0.4869 -0.6718
vn 0.0353 -0.9993 0.0094
vn -0.5229 -0.5124 0.6812
vn 0.4685 0.8589 0.2071
vn -0.1187 0.9927 -0.0219
vn -0.3780 0.4760 0.7940
vn 0.2630 0.4494 0.8537
vn 0.3571 -0.3372 0.8711
vn 0.6566 -0.7144 0.2419
vn 0.8621 -0.3049 -0.4047
vn 0.7680 0.4817 -0.4221
vn 0.2593 0.5167 -0.8160
vn 0.3781 -0.4760 -0.7940
vn 0.1187 -0.9927 0.0220
vn -0.2593 -0.5167 0.8160
vn 0.4632 0.8098 0.3601
vn -0.0261 0.9996 -0.0139
vn -0.5400 0.4956 0.6803
vn 0.0560 0.4105 0.9102
vn 0.0766 -0.3816 0.9211
vn 0.5045 -0.7743 0.3820
vn 0.9117 -0.3749 -0.1680
vn 0.8910 0.4171 -0.1790
vn 0.5139 0.5040 -0.6942
vn 0.5400 -0.4956 -0.6803
vn 0.0260 -0.9996 0.0138
vn -0.5139 -0.5040 0.6942
vn 0.5458 -0.2547 -0.7983
vn 0.5757 0.0138 -0.8175
vn -0.6231 0.6058 -0.4947
vn -0.7131 0.6840 -0.1537
vn -0.5805 0.1754 0.7951
vn -0.5437 0.2784 0.7918
vn 0.6877 0.3322 -0.6456
vn -0.7461 0.5250 -0.4095
vn -0.6974 -0.1253 0.7056
vn 0.6616 0.5896 -0.4633
vn -0.7618 0.5043 -0.4067
vn -0.7314 -0.4442 0.5174
vn 0.7106 0.6836 -0.1667
vn -0.6280 0.5135 -0.5848
vn -0.8314 -0.5435 0.1158
vn 0.5196 0.8501 0.0859
vn -0.3534 0.3998 -0.8457
vn -0.6432 -0.6976 -0.3155
vn 0.3554 0.9167 0.1827
vn -0.1053 0.3322 -0.9373
vn -0.4005 -0.7156 -0.5723
vn 0.0095 -0.4799 0.8773
vn 0.1613 -0.6015 0.7824
vn 0.4731 -0.6342 0.6115
vn 0.6178 -0.6091 0.4973
vn 0.6051 -0.5886 0.5362
vn 0.4921 -0.6208 0.6102
vn 0.3494 -0.5114 0.7851
vn -0.5458 -0.2547 -0.7983
vn 0.7131 0.6840 -0.1537
vn 0.6231 0.6058 -0.4947
vn -0.5757 0.0138 -0.8175
vn 0.5437 0.2784 0.7918
vn 0.5805 0.1754 0.7951
vn 0.7461 0.5250 -0.4095
vn -0.6877 0.3322 -0.6456
vn 0.6974 -0.1253 0.7056
vn 0.7618 0.5043 -0.4067
vn -0.6616 0.5896 -0.4633
vn 0.7314 -0.4442 0.5174
vn 0.6280 0.5135 -0.5848
vn -0.7106 0.6836 -0.1667
vn 0.8314 -0.5435 0.1158
vn 0.3534 0.3998 -0.8457
vn -0.5196 0.8501 0.0859
vn 0.6432 -0.6976 -0.3155
vn 0.1053 0.3322 -0.9373
vn -0.3554 0.9167 0.1827
vn 0.4005 -0.7156 -0.5723
vn -0.1613 -0.6015 0.7824
vn -0.0095 -0.4799 0.8773
vn -0.4731 -0.6342 0.6115
vn -0.6178 -0.6091 0.4973
vn -0.6051 -0.5886 0.5362
vn -0.4921 -0.6208 0.6102
vn -0.3494 -0.5114 0.7851
vt 0.378175 0.577621
vt 0.389187 0.500000
vt 0.413344 0.500000
vt 0.409635 0.577621
vt 0.441094 0.577621
vt 0.437500 0.500000
vt 0.474339 0.577621
vt 0.472773 0.500000
vt 0.562500 0.500000
vt 0.562500 0.577621
vt 0.312695 0.577621
vt 0.323336 0.500000
vt 0.351718 0.500000
vt 0.345533 0.577621
vt 0.500000 0.500000
vt 0.437500 0.500000
vt 0.431048 0.500000
vt 0.279474 0.500000
vt 0.250000 0.500000
vt 0.281250 0.500000
vt 0.413344 0.500000
vt 0.389187 0.500000
vt 0.381466 0.500000
vt 0.406257 0.500000
vt 0.351718 0.500000
vt 0.319792 0.500000
vt 0.327731 0.500000
vt 0.343750 0.500000
vt 0.312439 0.500000
vt 0.295738 0.500000
vt 0.295738 0.500000
vt 0.562500 0.500000
vt 0.279143 0.500000
vt 0.250000 0.500000
vt 0.287325 0.500000
vt 0.295790 0.500000
vt 0.295790 0.500000
vt 0.287325 0.500000
vt 0.250000 0.577621
vt 0.250000 0.509521
vt 0.279143 0.500000
vt 0.280778 0.577621
vt 0.296308 0.500000
vt 0.312561 0.500000
vt 0.328497 0.500000
vt 0.329062 0.500000
vt 0.337675 0.500000
vt 0.351718 0.500000
vt 0.337675 0.500000
vt 0.312500 0.500000
vt 0.329062 0.500000
vt 0.500000 0.500000
vt 0.000000 0.000000
vt 0.375000 0.000000
vt 0.375000 0.250000
vt 0.625000 0.000000
vt 0.625000 0.250000
vt 0.375000 0.750000
vt 0.375000 1.000000
vt 0.625000 1.000000
vt 0.625000 0.750000
vt 0.375000 0.500000
vt 0.625000 0.500000
vt 0.125000 0.500000
vt 0.125000 0.750000
vt 0.875000 0.500000
vt 0.875000 0.750000
vt 0.750000 0.582848
vt 0.750000 0.624757
vt 0.875000 0.624751
vt 0.875000 0.582836
vt 0.712214 0.583241
vt 0.709679 0.624955
vt 0.707204 0.666667
vt 0.750000 0.666667
vt 0.697382 0.725815
vt 0.750000 0.724730
vt 0.875000 0.666667
vt 0.875000 0.725777
vt 0.442149 0.000000
vt 0.442149 0.083333
vt 0.375000 0.083333
vt 0.125000 0.666667
vt 0.208333 0.666667
vt 0.208333 0.750000
vt 0.375000 0.916667
vt 0.442149 0.916667
vt 0.442149 1.000000
vt 0.533574 0.916667
vt 0.533574 1.000000
vt 0.533574 0.000000
vt 0.533574 0.083333
vt 0.442149 0.166667
vt 0.375000 0.166667
vt 0.533574 0.166667
vt 0.625000 0.083333
vt 0.625000 0.166667
vt 0.625000 0.083333
vt 0.625000 0.166667
vt 0.791667 0.666667
vt 0.791667 0.750000
vt 0.791667 0.583333
vt 0.875000 0.583333
vt 0.791667 0.500000
vt 0.625000 0.416667
vt 0.625000 0.333333
vt 0.708333 0.583333
vt 0.708333 0.500000
vt 0.708333 0.666667
vt 0.625000 0.583333
vt 0.625000 0.666667
vt 0.625000 0.666667
vt 0.533574 0.500000
vt 0.533574 0.583333
vt 0.533574 0.666667
vt 0.442149 0.500000
vt 0.442149 0.583333
vt 0.442149 0.666667
vt 0.375000 0.583333
vt 0.375000 0.666667
vt 0.291667 0.500000
vt 0.291667 0.583333
vt 0.291667 0.666667
vt 0.442149 0.555556
vt 0.442149 0.416667
vt 0.319444 0.611111
vt 0.442149 0.694444
vt 0.347222 0.722222
vt 0.442149 0.527778
vt 0.442149 0.333333
vt 0.442149 0.722222
vt 0.263889 0.638889
vt 0.208333 0.500000
vt 0.319444 0.777778
vt 0.208333 0.583333
vt 0.125000 0.583333
vt 0.442149 0.250000
vt 0.375000 0.333333
vt 0.533574 0.250000
vt 0.533574 0.333333
vt 0.533575 0.416667
vt 0.442149 0.833333
vt 0.375000 0.833333
vt 0.442149 0.750000
vt 0.533574 0.750000
vt 0.533574 0.833333
vt 0.625000 0.833333
vt 0.625000 0.916667
vt 0.708333 0.750000
vt 0.291667 0.750000
vt 0.375000 0.416667
vt 0.750000 0.900000
vt 0.687500 0.900000
vt 0.721441 0.991310
vt 0.666198 0.993610
vt 0.625000 0.900000
vt 0.606093 0.995927
vt 0.562500 0.900000
vt 0.544993 0.999251
vt 0.494992 0.900000
vt 0.482283 1.001193
vt 0.442141 0.900000
vt 0.411081 1.001287
vt 0.406250 0.900000
vt 0.375000 0.900000
vt 0.350636 1.004169
vt 0.312500 0.900000
vt 0.282881 1.005139
vt 0.250000 0.900000
vt 0.406391 0.778784
vt 0.375000 0.800000
vt 0.442273 0.769605
vt 0.442700 0.671308
vt 0.407106 0.671057
vt 0.375000 0.700000
vt 0.444823 0.561235
vt 0.410247 0.564807
vt 0.442141 0.500000
vt 0.494992 0.500000
vt 0.495922 0.561019
vt 0.562500 0.560305
vt 0.634993 0.500000
vt 0.562500 0.683821
vt 0.495186 0.674214
vt 0.621015 0.517274
vt 0.623830 0.646353
vt 0.683518 0.515736
vt 0.686331 0.645902
vt 0.687500 0.500000
vt 0.687500 0.500000
vt 0.749201 0.517986
vt 0.749765 0.646562
vt 0.750000 0.500000
vt 0.495038 0.769489
vt 0.562500 0.769106
vt 0.624689 0.759143
vt 0.687173 0.756869
vt 0.749934 0.757054
vt 0.312500 0.700000
vt 0.250000 0.700000
vt 0.250000 0.800000
vt 0.312500 0.800000
vt 0.227273 0.078731
vt 0.272728 0.157461
vt 0.181819 0.157461
vt 0.318182 0.078731
vt 0.363637 0.157461
vt 0.318182 0.236191
vt 0.227273 0.236191
vt 0.136365 0.236191
vt 0.181819 0.314921
vt 0.272728 0.314921
vt 0.090910 0.314921
vt 0.363637 0.314921
vt 0.409092 0.236191
vt 0.454546 0.157461
vt 0.409092 0.078731
vt 0.500000 0.078731
vt 0.545455 0.157461
vt 0.500000 0.236191
vt 0.590909 0.236191
vt 0.545455 0.314921
vt 0.454546 0.314921
vt 0.409092 0.393651
vt 0.500000 0.393651
vt 0.590909 0.393651
vt 0.636364 0.314921
vt 0.636364 0.472382
vt 0.681818 0.393651
vt 0.454546 0.472382
vt 0.318182 0.393651
vt 0.227273 0.393651
vt 0.272728 0.472382
vt 0.136365 0.393651
vt 0.045455 0.393651
vt 0.090910 0.472382
vt 0.772727 0.393651
vt 0.863636 0.393651
vt 0.818182 0.472382
vt 0.909091 0.000000
vt 0.954545 0.078731
vt 0.863636 0.078731
vt 0.181819 0.000000
vt 0.136365 0.078731
vt 0.727273 0.000000
vt 0.772727 0.078731
vt 0.681818 0.078731
vt 0.545455 0.000000
vt 0.590909 0.078731
vt 0.363637 0.000000
vt 0.636364 0.157461
vt 0.681818 0.236191
vt 0.727273 0.157461
vt 0.772727 0.236191
vt 0.727273 0.314921
vt 0.818182 0.157461
vt 0.909091 0.157461
vt 0.863636 0.236191
vt 0.954545 0.236191
vt 0.909091 0.314921
vt 0.818182 0.314921
vt 0.045455 0.236191
vt 0.000000 0.314921
vt 1.000000 0.157461
vt 0.090910 0.157461
vt 0.000000 0.250000
vt 1.000000 0.000000
vt 1.000000 0.250000
vt 1.000000 0.500000
vt 1.000000 0.500000
vt 0.000000 0.500000
vt 0.000000 0.750000
vt 1.000000 0.750000
vt 0.000000 1.000000
vt 1.000000 1.000000
vt 0.634306 0.000000
vt 0.567153 0.000000
vt 0.634306 0.000000
vt 0.567153 0.000000
vt 0.634306 0.000000
vt 0.634306 0.000000
vt 0.634306 0.000000
vt 0.500000 0.000000
vt 0.600730 0.000000
vt 0.600730 0.000000
vt 0.567153 0.000000
vt 0.135702 0.859222
vt 0.864298 0.859222
vt 0.873586 0.500000
vt 0.864298 0.140778
vt 0.135702 0.140778
vt 0.126414 0.500000
vt 0.458333 0.000000
vt 0.458333 0.250000
vt 0.458333 0.750000
vt 0.458333 1.000000
vt 0.541667 0.000000
vt 0.541667 0.250000
vt 0.541667 0.750000
vt 0.541667 1.000000
vt 0.458333 0.500000
vt 0.541667 0.500000
s 1
f 4/1/1 21/2/2 53/3/3 51/4/4
f 3/5/5 51/4/4 53/3/3 15/6/6
f 2/7/7 14/8/8 11/9/9 1/10/10
f 5/11/11 32/12/12 35/13/13 27/14/14
f 13/15/15 16/16/16 7/17/17
f 33/18/18 20/19/19 10/19/20 24/20/21
f 54/21/22 22/22/23 8/23/24 52/24/25
f 36/25/26 34/26/27 9/27/28 28/28/29
f 18/29/30 25/30/31 39/31/32 38/29/33
f 11/9/9 14/8/8 13/15/15 12/32/34
f 44/33/35 43/34/36 20/19/19 33/18/18
f 53/3/3 21/2/2 22/22/23 54/21/22
f 46/35/37 26/36/38 40/37/39 49/38/40
f 6/39/41 19/40/42 31/41/43 23/42/44
f 34/26/27 33/18/18 55/43/45
f 14/8/8 15/6/6 16/16/16 13/15/15
f 5/11/11 23/42/44 31/41/43 32/12/12
f 22/22/23 36/25/26 28/28/29 8/23/24
f 25/30/31 18/29/30 32/12/12 31/41/43
f 17/44/46 26/36/38 33/18/18 34/26/27
f 46/35/37 25/30/31 31/41/43 44/33/35
f 18/29/30 29/45/47 35/13/13 32/12/12
f 30/46/48 17/44/46 34/26/27 36/25/26
f 47/47/49 30/46/48 36/25/26 45/48/50
f 50/49/51 48/50/52 37/44/53 42/51/54
f 48/50/52 49/38/55 40/37/56 37/44/53
f 47/47/49 29/45/47 41/45/57 50/49/58
f 29/45/47 18/29/30 38/29/33 41/45/57
f 26/36/38 17/44/46 37/44/59 40/37/39
f 17/44/46 30/46/48 42/51/60 37/44/59
f 30/46/48 47/47/49 50/49/58 42/51/60
f 38/29/61 39/31/62 49/38/55 48/50/52
f 41/45/63 38/29/61 48/50/52 50/49/51
f 29/45/47 47/47/49 45/48/50 35/13/13
f 26/36/38 46/35/37 44/33/35 33/18/18
f 25/30/31 46/35/37 49/38/40 39/31/32
f 31/41/43 19/40/42 43/34/36 44/33/35
f 22/22/23 45/48/50 36/25/26
f 21/2/2 45/48/50 22/22/23
f 45/48/50 21/2/2 35/13/13
f 15/6/6 53/3/3 54/21/22 16/16/16
f 4/1/1 27/14/14 35/13/13 21/2/2
f 16/16/16 54/21/22 52/24/25 7/17/17
f 55/43/45 33/18/18 24/20/21
f 55/43/45 9/27/28 34/26/27
f 12/32/34 13/15/15 63/52/64 67/32/65
f 58/53/66 57/53/67 63/53/64 65/53/66
f 59/53/68 58/53/66 65/53/66 69/53/68
f 60/53/69 59/53/68 69/53/68 66/53/69
f 61/53/70 60/53/69 66/53/69 64/53/70
f 62/53/71 61/53/70 64/53/70 68/53/72
f 10/19/20 62/53/71 68/53/72 24/20/21
f 65/53/66 63/53/64 13/53/15 7/53/17
f 69/53/68 65/53/66 7/53/17 52/53/25
f 66/53/69 69/53/68 52/53/25 8/53/24
f 64/53/70 66/53/69 8/53/24 28/53/29
f 67/32/65 63/52/64 57/15/67 56/32/73
f 68/53/72 64/53/70 28/53/29 9/53/28
f 9/53/28 55/43/45 24/20/21 68/53/72
f 3/5/5 15/6/6 14/8/8 2/7/7
f 73/1/74 115/4/75 117/3/76 86/2/77
f 72/5/78 82/6/79 117/3/76 115/4/75
f 71/7/80 70/10/81 78/9/82 81/8/83
f 74/11/84 92/14/85 100/13/86 97/12/87
f 80/15/88 75/17/89 83/16/90
f 98/18/91 89/20/92 10/19/20 20/19/19
f 118/21/93 116/24/94 76/23/95 87/22/96
f 101/25/97 93/28/98 77/27/99 99/26/100
f 85/29/101 103/29/102 104/31/103 90/30/104
f 78/9/82 79/32/105 80/15/88 81/8/83
f 108/33/106 98/18/91 20/19/19 43/34/36
f 117/3/76 118/21/93 87/22/96 86/2/77
f 110/35/107 113/38/108 105/37/109 91/36/110
f 6/39/41 88/42/111 96/41/112 19/40/42
f 99/26/100 119/43/113 98/18/91
f 81/8/83 80/15/88 83/16/90 82/6/79
f 74/11/84 97/12/87 96/41/112 88/42/111
f 87/22/96 76/23/95 93/28/98 101/25/97
f 90/30/104 96/41/112 97/12/87 85/29/101
f 84/44/114 99/26/100 98/18/91 91/36/110
f 110/35/107 108/33/106 96/41/112 90/30/104
f 85/29/101 97/12/87 100/13/86 94/45/115
f 95/46/116 101/25/97 99/26/100 84/44/114
f 111/47/117 109/48/118 101/25/97 95/46/116
f 114/49/119 107/51/120 102/44/121 112/50/122
f 112/50/122 102/44/121 105/37/123 113/38/124
f 111/47/117 114/49/125 106/45/126 94/45/115
f 94/45/115 106/45/126 103/29/102 85/29/101
f 91/36/110 105/37/109 102/44/127 84/44/114
f 84/44/114 102/44/127 107/51/128 95/46/116
f 95/46/116 107/51/128 114/49/125 111/47/117
f 103/29/129 112/50/122 113/38/124 104/31/130
f 106/45/131 114/49/119 112/50/122 103/29/129
f 94/45/115 100/13/86 109/48/118 111/47/117
f 91/36/110 98/18/91 108/33/106 110/35/107
f 90/30/104 104/31/103 113/38/108 110/35/107
f 96/41/112 108/33/106 43/34/36 19/40/42
f 87/22/96 101/25/97 109/48/118
f 86/2/77 87/22/96 109/48/118
f 109/48/118 100/13/86 86/2/77
f 82/6/79 83/16/90 118/21/93 117/3/76
f 73/1/74 86/2/77 100/13/86 92/14/85
f 83/16/90 75/17/89 116/24/94 118/21/93
f 119/43/113 89/20/92 98/18/91
f 119/43/113 99/26/100 77/27/99
f 79/32/105 124/32/132 120/52/133 80/15/88
f 58/53/66 122/53/66 120/53/133 57/53/67
f 59/53/68 126/53/68 122/53/66 58/53/66
f 60/53/69 123/53/69 126/53/68 59/53/68
f 61/53/70 121/53/70 123/53/69 60/53/69
f 62/53/71 125/53/134 121/53/70 61/53/70
f 10/19/20 89/20/92 125/53/134 62/53/71
f 122/53/66 75/53/89 80/53/88 120/53/133
f 126/53/68 116/53/94 75/53/89 122/53/66
f 123/53/69 76/53/95 116/53/94 126/53/68
f 121/53/70 93/53/98 76/53/95 123/53/69
f 124/32/132 56/32/73 57/15/67 120/52/133
f 125/53/134 77/53/99 93/53/98 121/53/70
f 77/53/99 125/53/134 89/20/92 119/43/113
f 72/5/78 71/7/80 81/8/83 82/6/79
f 130/53/135 133/53/136 128/53/137 127/53/138
f 131/53/139 130/53/135 127/53/138 129/53/140
f 130/53/135 131/53/139 132/53/141
f 132/53/141 134/53/142 133/53/136 130/53/135
f 133/53/136 135/53/143 138/53/144 128/53/137
f 134/53/142 137/53/145 135/53/143 133/53/136
f 135/53/143 136/53/146 139/53/147 138/53/144
f 137/53/145 146/53/148 136/53/146 135/53/143
f 142/53/149 140/53/150 139/53/147 136/53/146
f 143/53/151 141/53/152 140/53/150 142/53/149
f 144/53/153 142/53/149 136/53/146 146/53/148
f 145/53/154 143/53/151 142/53/149 144/53/153
f 148/53/155 145/53/154 144/53/153 147/53/156
f 147/53/156 144/53/153 146/53/148 149/53/157
f 151/53/158 148/53/155 147/53/156 150/53/159
f 150/53/159 147/53/156 149/53/157 152/53/160
f 154/53/161 151/53/158 150/53/159 153/53/162
f 153/53/162 150/53/159 152/53/160 155/53/163
f 156/53/164 155/53/163 152/53/160 157/53/165
f 129/53/140 156/53/164 157/53/165 131/53/139
f 131/53/139 157/53/165 158/53/166 132/53/141
f 157/53/165 152/53/160 149/53/157 158/53/166
f 132/53/141 158/53/166 137/53/145 134/53/142
f 158/53/166 149/53/157 146/53/148 137/53/145
f 151/53/158 154/53/161 159/53/167 160/53/168
f 160/53/168 159/53/167 141/53/152 143/53/151
f 160/53/168 148/53/155 151/53/158
f 148/53/155 160/53/168 143/53/151 145/53/154
f 164/53/169 166/53/170 162/53/171 161/53/172
f 165/53/173 164/53/169 161/53/172 163/53/174
f 168/53/175 167/53/176 164/53/169 165/53/173
f 167/53/176 169/53/177 166/53/170 164/53/169
f 171/53/178 170/53/179 167/53/176 168/53/175
f 170/53/179 173/53/180 169/53/177 167/53/176
f 170/53/181 171/53/182 283/53/183 172/53/184
f 171/53/185 277/53/186 174/53/187 170/53/188
f 176/53/189 171/53/190 170/53/191 175/53/192
f 1481/53/193 173/53/194 170/53/181 172/53/184
f 170/53/188 174/53/187 182/53/195 173/53/196
f 175/53/192 170/53/191 173/53/197 177/53/198
f 175/53/192 178/53/199 179/53/200 176/53/189
f 177/53/198 180/53/201 178/53/199 175/53/192
f 277/53/186 179/53/200 178/53/199 174/53/187
f 174/53/187 178/53/199 180/53/201 182/53/195
f 188/53/202 181/53/203 180/53/201 177/53/198
f 182/53/195 180/53/201 181/53/203 183/53/204
f 173/53/196 182/53/195 183/53/204 185/53/205
f 185/53/205 183/53/204 184/53/206 186/53/207
f 183/53/204 181/53/203 207/53/208 184/53/206
f 185/53/209 186/53/210 190/53/211 189/53/212
f 186/53/213 185/53/214 187/53/215 1494/53/216
f 188/53/202 185/53/217 186/53/218 1519/53/219
f 173/53/180 185/53/209 189/53/212 169/53/177
f 185/53/214 173/53/194 1481/53/193 187/53/215
f 177/53/198 173/53/197 185/53/217 188/53/202
f 189/53/212 190/53/211 193/53/220 191/53/221
f 169/53/177 189/53/212 191/53/221 166/53/170
f 191/53/221 193/53/220 194/53/222 192/53/223
f 166/53/170 191/53/221 192/53/223 162/53/171
f 193/53/220 195/53/224 196/53/225 194/53/222
f 190/53/211 198/53/226 195/53/224 193/53/220
f 195/53/224 197/53/227 1518/53/228 196/53/225
f 198/53/226 199/53/229 197/53/227 195/53/224
f 186/53/210 200/53/230 198/53/226 190/53/211
f 200/53/230 202/53/231 199/53/229 198/53/226
f 200/53/232 186/53/213 1494/53/216 201/53/233
f 186/53/207 184/53/206 204/53/234 200/53/235
f 1519/53/219 186/53/218 200/53/236 203/53/237
f 559/53/238 202/53/239 200/53/232 201/53/233
f 200/53/235 204/53/234 205/53/240 202/53/241
f 200/53/236 202/53/242 203/53/237
f 184/53/206 207/53/208 206/53/243 204/53/234
f 204/53/234 206/53/243 208/53/244 205/53/240
f 202/53/242 208/53/244 206/53/243 203/53/237
f 203/53/237 206/53/243 207/53/208 1519/53/219
f 210/53/245 211/53/246 209/53/247 208/53/244
f 205/53/240 208/53/244 209/53/247 218/53/248
f 212/53/249 210/53/245 208/53/244 202/53/242
f 213/53/250 211/53/246 210/53/245 212/53/249
f 212/53/249 202/53/242 216/53/251 213/53/250
f 215/53/252 1501/53/253 214/53/254 213/53/250
f 214/53/254 1506/53/255 211/53/246 213/53/250
f 213/53/250 216/53/251 215/53/252
f 216/53/256 215/53/257 220/53/258 219/53/259
f 215/53/260 216/53/261 217/53/262 1501/53/263
f 216/53/264 218/53/248 1505/53/265 215/53/266
f 202/53/231 216/53/256 219/53/259 199/53/229
f 216/53/261 202/53/239 559/53/238 217/53/262
f 202/53/241 205/53/240 218/53/248 216/53/264
f 199/53/229 219/53/259 221/53/267 197/53/227
f 219/53/259 220/53/258 223/53/268 221/53/267
f 197/53/227 221/53/267 222/53/269 1518/53/228
f 221/53/267 223/53/268 224/53/270 222/53/269
f 223/53/268 225/53/271 226/53/272 224/53/270
f 228/53/273 225/53/271 223/53/268 220/53/258
f 225/53/271 227/53/274 1517/53/275 226/53/272
f 229/53/276 227/53/274 225/53/271 228/53/273
f 232/53/277 229/53/276 228/53/273 230/53/278
f 230/53/278 228/53/273 220/53/258 231/53/279
f 231/53/280 1497/53/281 233/53/282 230/53/283
f 230/53/284 231/53/285 241/53/286 234/53/287
f 235/53/288 231/53/289 230/53/290
f 230/53/283 233/53/282 1510/53/291 232/53/292
f 232/53/293 230/53/284 234/53/287 245/53/294
f 237/53/295 235/53/288 230/53/290 232/53/296
f 231/53/289 235/53/288 236/53/297 1497/53/298
f 236/53/297 235/53/288 238/53/299 240/53/300
f 235/53/288 237/53/295 242/53/301 238/53/299
f 242/53/301 243/53/302 239/53/303 238/53/299
f 234/53/287 241/53/286 238/53/299 239/53/303
f 241/53/286 1508/53/304 240/53/300 238/53/299
f 237/53/295 232/53/296 243/53/302 242/53/301
f 245/53/294 234/53/287 239/53/303 243/53/302
f 246/53/305 245/53/294 243/53/302 244/53/306
f 232/53/296 251/53/307 244/53/306 243/53/302
f 248/53/308 232/53/293 245/53/294 246/53/305
f 249/53/309 248/53/308 246/53/305 247/53/310
f 247/53/310 246/53/305 244/53/306 270/53/311
f 249/53/312 253/53/313 252/53/314 248/53/315
f 248/53/316 250/53/317 1515/53/318 249/53/319
f 1516/53/320 251/53/307 248/53/321 249/53/322
f 1510/53/291 250/53/317 248/53/316 232/53/292
f 248/53/315 252/53/314 229/53/276 232/53/277
f 248/53/321 251/53/307 232/53/296
f 253/53/313 256/53/323 254/53/324 252/53/314
f 252/53/314 254/53/324 227/53/274 229/53/276
f 227/53/274 254/53/324 255/53/325 1517/53/275
f 254/53/324 256/53/323 257/53/326 255/53/325
f 256/53/323 258/53/327 259/53/328 257/53/326
f 261/53/329 258/53/327 256/53/323 253/53/313
f 258/53/327 260/53/330 282/53/331 259/53/328
f 262/53/332 260/53/330 258/53/327 261/53/329
f 263/53/333 261/53/329 253/53/313 249/53/312
f 264/53/334 262/53/332 261/53/329 263/53/333
f 249/53/319 1515/53/318 265/53/335 263/53/336
f 263/53/337 249/53/309 247/53/310 267/53/338
f 266/53/339 1516/53/320 249/53/322 263/53/340
f 263/53/336 265/53/335 285/53/341 264/53/342
f 264/53/343 263/53/337 267/53/338 268/53/344
f 272/53/345 266/53/339 263/53/340 264/53/346
f 267/53/338 247/53/310 270/53/311 269/53/347
f 268/53/344 267/53/338 269/53/347 271/53/348
f 1516/53/320 266/53/339 269/53/347 270/53/311
f 266/53/339 272/53/345 271/53/348 269/53/347
f 272/53/345 274/53/349 273/53/350 271/53/348
f 275/53/351 268/53/344 271/53/348 273/53/350
f 274/53/349 176/53/189 179/53/200 273/53/350
f 277/53/186 275/53/351 273/53/350 179/53/200
f 171/53/185 276/53/352 275/53/351 277/53/186
f 276/53/352 264/53/343 268/53/344 275/53/351
f 171/53/178 168/53/175 279/53/353 276/53/354
f 276/53/355 278/53/356 283/53/183 171/53/182
f 176/53/189 274/53/349 276/53/357 171/53/190
f 285/53/341 278/53/356 276/53/355 264/53/342
f 276/53/354 279/53/353 262/53/332 264/53/334
f 274/53/349 272/53/345 264/53/346 276/53/357
f 168/53/175 165/53/173 280/53/358 279/53/353
f 279/53/353 280/53/358 260/53/330 262/53/332
f 260/53/330 280/53/358 281/53/359 282/53/331
f 280/53/358 165/53/173 163/53/174 281/53/359
f 278/53/356 284/53/360 1484/53/361 283/53/183
f 285/53/341 286/53/362 284/53/360 278/53/356
f 286/53/362 285/53/341 265/53/335 287/53/363
f 290/53/364 289/53/365 286/53/362 287/53/363
f 286/53/362 288/53/366 1486/53/367 284/53/360
f 289/53/365 291/53/368 288/53/366 286/53/362
f 293/53/369 292/53/370 289/53/365 290/53/364
f 292/53/370 294/53/371 291/53/368 289/53/365
f 293/53/369 298/53/372 295/53/373 292/53/370
f 295/53/373 297/53/374 294/53/371 292/53/370
f 296/53/375 331/53/376 297/53/377 295/53/378
f 298/53/379 299/53/380 296/53/375 295/53/378
f 301/53/381 300/53/382 298/53/372 293/53/369
f 300/53/383 302/53/384 299/53/380 298/53/379
f 304/53/385 303/53/386 300/53/382 301/53/381
f 303/53/387 305/53/388 302/53/384 300/53/383
f 306/53/389 303/53/386 304/53/385 308/53/390
f 307/53/391 305/53/388 303/53/387 306/53/392
f 307/53/391 306/53/392 309/53/393 311/53/394
f 306/53/389 308/53/390 310/53/395 309/53/396
f 310/53/395 313/53/397 312/53/398 309/53/396
f 309/53/393 312/53/399 314/53/400 311/53/394
f 317/53/401 315/53/402 312/53/398 313/53/397
f 315/53/403 316/53/404 314/53/400 312/53/399
f 318/53/405 320/53/406 316/53/404 315/53/403
f 319/53/407 318/53/408 315/53/402 317/53/401
f 322/53/409 321/53/410 318/53/408 319/53/407
f 321/53/411 323/53/412 320/53/406 318/53/405
f 325/53/413 324/53/414 321/53/410 322/53/409
f 324/53/415 326/53/416 323/53/412 321/53/411
f 328/53/417 327/53/418 324/53/414 325/53/413
f 327/53/419 329/53/420 326/53/416 324/53/415
f 294/53/371 297/53/374 327/53/418 328/53/417
f 297/53/377 331/53/376 329/53/420 327/53/419
f 331/53/376 332/53/421 330/53/422 329/53/420
f 329/53/420 330/53/422 420/53/423 326/53/416
f 334/53/424 332/53/421 331/53/376 296/53/375
f 332/53/421 333/53/425 418/53/426 330/53/422
f 335/53/427 333/53/425 332/53/421 334/53/424
f 338/53/428 335/53/427 334/53/424 336/53/429
f 299/53/380 336/53/429 334/53/424 296/53/375
f 337/53/430 339/53/431 338/53/428 336/53/429
f 302/53/384 337/53/430 336/53/429 299/53/380
f 339/53/431 341/53/432 335/53/427 338/53/428
f 441/53/433 340/53/434 339/53/431 337/53/430
f 340/53/434 342/53/435 341/53/432 339/53/431
f 335/53/427 341/53/432 343/53/436 345/53/437
f 341/53/432 342/53/435 344/53/438 343/53/436
f 344/53/438 347/53/439 346/53/440 343/53/436
f 343/53/436 346/53/440 348/53/441 345/53/437
f 347/53/439 351/53/442 349/53/443 346/53/440
f 346/53/440 349/53/443 350/53/444 348/53/441
f 352/53/445 354/53/446 350/53/444 349/53/443
f 353/53/447 352/53/445 349/53/443 351/53/442
f 353/53/447 356/53/448 355/53/449 352/53/445
f 352/53/445 355/53/449 357/53/450 354/53/446
f 356/53/448 360/53/451 358/53/452 355/53/449
f 355/53/449 358/53/452 361/53/453 357/53/450
f 358/53/452 359/53/454 362/53/455 361/53/453
f 360/53/451 447/53/456 359/53/454 358/53/452
f 357/53/450 361/53/453 363/53/457 365/53/458
f 361/53/453 362/53/455 364/53/459 363/53/457
f 363/53/457 364/53/459 367/53/460 366/53/461
f 365/53/458 363/53/457 366/53/461 368/53/462
f 366/53/461 367/53/460 371/53/463 369/53/464
f 368/53/462 366/53/461 369/53/464 370/53/465
f 370/53/465 369/53/464 372/53/466 374/53/467
f 369/53/464 371/53/463 373/53/468 372/53/466
f 372/53/466 373/53/468 377/53/469 375/53/470
f 374/53/467 372/53/466 375/53/470
f 401/53/471 374/53/467 375/53/470 376/53/472
f 376/53/472 375/53/470 378/53/473 379/53/474
f 375/53/470 377/53/469 380/53/475 378/53/473
f 379/53/474 378/53/473 381/53/476 388/53/477
f 382/53/478 378/53/473 380/53/475 383/53/479
f 378/53/473 382/53/478 381/53/476
f 381/53/476 382/53/478 384/53/480 386/53/481
f 382/53/478 383/53/479 385/53/482 384/53/480
f 384/53/480 385/53/482 447/53/456 360/53/451
f 386/53/481 384/53/480 360/53/451 356/53/448
f 388/53/477 381/53/476 386/53/481 387/53/483
f 387/53/483 386/53/481 356/53/448 353/53/447
f 351/53/442 389/53/484 387/53/483 353/53/447
f 391/53/485 388/53/477 387/53/483 389/53/484
f 389/53/484 351/53/442 390/53/486
f 390/53/486 392/53/487 391/53/485 389/53/484
f 379/53/474 388/53/477 391/53/485 393/53/488
f 391/53/485 392/53/487 394/53/489 393/53/488
f 394/53/489 396/53/490 395/53/491 393/53/488
f 395/53/491 376/53/472 379/53/474 393/53/488
f 396/53/490 397/53/492 395/53/491
f 397/53/492 401/53/471 376/53/472 395/53/491
f 400/53/493 397/53/492 398/53/494 444/53/495
f 398/53/494 397/53/492 396/53/490 437/53/496
f 409/53/497 399/53/498 397/53/492 400/53/493
f 399/53/498 402/53/499 401/53/471 397/53/492
f 402/53/499 370/53/465 374/53/467 401/53/471
f 403/53/500 368/53/462 370/53/465 402/53/499
f 405/53/501 403/53/500 402/53/499 399/53/498
f 404/53/502 365/53/458 368/53/462 403/53/500
f 406/53/503 404/53/502 403/53/500 405/53/501
f 407/53/504 405/53/501 399/53/498 409/53/497
f 410/53/505 406/53/503 405/53/501 407/53/504
f 411/53/506 410/53/505 407/53/504 408/53/507
f 408/53/507 407/53/504 409/53/497 445/53/508
f 411/53/506 413/53/509 406/53/503 410/53/505
f 412/53/510 411/53/506 408/53/507 417/53/511
f 412/53/510 414/53/512 413/53/509 411/53/506
f 348/53/441 350/53/444 406/53/503 413/53/509
f 345/53/437 348/53/441 413/53/509 414/53/512
f 414/53/512 333/53/425 335/53/427 345/53/437
f 415/53/513 418/53/426 333/53/425 414/53/512
f 417/53/511 415/53/513 414/53/512 412/53/510
f 443/53/514 416/53/515 415/53/513 417/53/511
f 416/53/515 419/53/516 418/53/426 415/53/513
f 330/53/422 418/53/426 419/53/516 420/53/423
f 420/53/423 419/53/516 421/53/517 424/53/518
f 423/53/519 421/53/517 419/53/516 416/53/515
f 421/53/517 423/53/519 438/53/520 422/53/521
f 424/53/518 421/53/517 422/53/521 425/53/522
f 323/53/412 424/53/518 425/53/522 320/53/406
f 326/53/416 420/53/423 424/53/518 323/53/412
f 425/53/522 422/53/521 428/53/523 426/53/524
f 320/53/406 425/53/522 426/53/524 316/53/404
f 426/53/524 428/53/523 430/53/525 427/53/526
f 316/53/404 426/53/524 427/53/526 314/53/400
f 422/53/521 438/53/520 429/53/527 428/53/523
f 432/53/528 430/53/525 428/53/523 429/53/527
f 431/53/529 430/53/525 432/53/528 433/53/530
f 427/53/526 430/53/525 431/53/529 439/53/531
f 429/53/527 435/53/532 434/53/533 432/53/528
f 432/53/528 434/53/533 436/53/534 433/53/530
f 435/53/532 394/53/489 392/53/487 434/53/533
f 434/53/533 392/53/487 390/53/486 436/53/534
f 436/53/534 390/53/486 351/53/442 347/53/439
f 433/53/530 436/53/534 347/53/439 344/53/438
f 437/53/496 396/53/490 394/53/489 435/53/532
f 438/53/520 437/53/496 435/53/532 429/53/527
f 423/53/519 398/53/494 437/53/496 438/53/520
f 344/53/438 342/53/435 431/53/529 433/53/530
f 439/53/531 431/53/529 342/53/435 440/53/535
f 307/53/391 311/53/394 439/53/531 440/53/535
f 314/53/400 427/53/526 439/53/531 311/53/394
f 440/53/535 441/53/433 305/53/388 307/53/391
f 342/53/435 340/53/434 441/53/433 440/53/535
f 305/53/388 441/53/433 337/53/430 302/53/384
f 442/53/536 423/53/519 416/53/515 443/53/514
f 444/53/495 398/53/494 423/53/519 442/53/536
f 443/53/514 445/53/508 444/53/495 442/53/536
f 445/53/508 409/53/497 400/53/493 444/53/495
f 417/53/511 408/53/507 445/53/508 443/53/514
f 350/53/444 354/53/446 404/53/502 406/53/503
f 354/53/446 357/53/450 365/53/458 404/53/502
f 383/53/479 456/53/537 446/53/538 385/53/482
f 385/53/482 446/53/538 448/53/539 447/53/456
f 447/53/456 448/53/539 449/53/540 359/53/454
f 448/53/539 450/53/541 452/53/542 449/53/540
f 446/53/538 453/53/543 450/53/541 448/53/539
f 450/53/544 451/53/545 482/53/546 452/53/547
f 453/53/548 454/53/549 451/53/545 450/53/544
f 455/53/550 457/53/551 454/53/549 453/53/548
f 456/53/537 455/53/552 453/53/543 446/53/538
f 459/53/553 458/53/554 455/53/552 456/53/537
f 458/53/555 460/53/556 457/53/551 455/53/550
f 462/53/557 461/53/558 458/53/554 459/53/553
f 461/53/559 464/53/560 460/53/556 458/53/555
f 524/53/561 463/53/562 461/53/558 462/53/557
f 463/53/563 466/53/564 464/53/560 461/53/559
f 466/53/564 467/53/565 465/53/566 464/53/560
f 464/53/560 465/53/566 491/53/567 460/53/556
f 468/53/568 469/53/569 467/53/565 466/53/564
f 471/53/570 468/53/568 466/53/564 463/53/563
f 470/53/571 515/53/572 469/53/569 468/53/568
f 473/53/573 470/53/571 468/53/568 471/53/570
f 474/53/574 473/53/575 471/53/576 472/53/577
f 472/53/577 471/53/576 463/53/562 524/53/561
f 476/53/578 475/53/579 473/53/575 474/53/574
f 475/53/580 478/53/581 470/53/571 473/53/573
f 523/53/582 477/53/583 475/53/579 476/53/578
f 477/53/584 480/53/585 478/53/581 475/53/580
f 480/53/585 481/53/586 479/53/587 478/53/581
f 478/53/581 479/53/587 515/53/572 470/53/571
f 452/53/547 482/53/546 480/53/585 477/53/584
f 482/53/546 483/53/588 481/53/586 480/53/585
f 451/53/545 485/53/589 483/53/588 482/53/546
f 484/53/590 483/53/588 485/53/589 486/53/591
f 520/53/592 481/53/586 483/53/588 484/53/590
f 486/53/591 485/53/589 487/53/593 488/53/594
f 454/53/549 487/53/593 485/53/589 451/53/545
f 488/53/594 487/53/593 489/53/595 490/53/596
f 457/53/551 489/53/595 487/53/593 454/53/549
f 490/53/596 489/53/595 491/53/567 492/53/597
f 460/53/556 491/53/567 489/53/595 457/53/551
f 492/53/597 491/53/567 465/53/566 493/53/598
f 492/53/597 494/53/599 495/53/600 490/53/596
f 493/53/598 496/53/601 494/53/599 492/53/597
f 498/53/602 495/53/600 494/53/599 497/53/603
f 497/53/603 494/53/599 496/53/601 499/53/604
f 500/53/605 498/53/602 497/53/603
f 500/53/605 497/53/603 499/53/604
f 500/53/605 501/53/606 507/53/607
f 500/53/605 502/53/608 501/53/606
f 500/53/605 508/53/609 502/53/608
f 500/53/605 505/53/610 503/53/611
f 500/53/605 503/53/611 504/53/612
f 500/53/605 504/53/612 506/53/613
f 500/53/605 507/53/607 505/53/610
f 500/53/605 506/53/613 498/53/602
f 500/53/605 499/53/604 508/53/609
f 499/53/604 496/53/601 509/53/614 508/53/609
f 508/53/609 509/53/614 510/53/615 502/53/608
f 511/53/616 509/53/614 496/53/601 493/53/598
f 512/53/617 510/53/615 509/53/614 511/53/616
f 493/53/598 465/53/566 467/53/565 511/53/616
f 511/53/616 467/53/565 469/53/569 512/53/617
f 513/53/618 516/53/619 510/53/615 512/53/617
f 512/53/617 469/53/569 515/53/572 513/53/618
f 514/53/620 517/53/621 516/53/619 513/53/618
f 513/53/618 515/53/572 479/53/587 514/53/620
f 502/53/608 510/53/615 516/53/619 501/53/606
f 501/53/606 516/53/619 517/53/621 507/53/607
f 507/53/607 517/53/621 518/53/622 505/53/610
f 520/53/592 518/53/622 517/53/621 514/53/620
f 505/53/610 518/53/622 519/53/623 503/53/611
f 484/53/590 519/53/623 518/53/622 520/53/592
f 514/53/620 479/53/587 481/53/586 520/53/592
f 503/53/611 519/53/623 521/53/624 504/53/612
f 486/53/591 521/53/624 519/53/623 484/53/590
f 504/53/612 521/53/624 522/53/625 506/53/613
f 488/53/594 522/53/625 521/53/624 486/53/591
f 506/53/613 522/53/625 495/53/600 498/53/602
f 490/53/596 495/53/600 522/53/625 488/53/594
f 449/53/540 452/53/542 477/53/583 523/53/582
f 359/53/454 449/53/540 523/53/582 362/53/455
f 362/53/455 523/53/582 476/53/578 364/53/459
f 364/53/459 476/53/578 474/53/574 367/53/460
f 367/53/460 474/53/574 472/53/577 371/53/463
f 371/53/463 472/53/577 524/53/561 373/53/468
f 373/53/468 524/53/561 462/53/557 377/53/469
f 377/53/469 462/53/557 459/53/553 380/53/475
f 380/53/475 459/53/553 456/53/537 383/53/479
f 525/53/626 328/53/417 325/53/413 527/53/627
f 291/53/368 294/53/371 328/53/417 525/53/626
f 288/53/366 291/53/368 525/53/626 526/53/628
f 526/53/628 525/53/626 527/53/627 528/53/629
f 527/53/627 529/53/630 530/53/631 528/53/629
f 322/53/409 529/53/630 527/53/627 325/53/413
f 529/53/630 531/53/632 1458/53/633 530/53/631
f 529/53/630 532/53/634 533/53/635 531/53/632
f 319/53/407 532/53/634 529/53/630 322/53/409
f 534/53/636 535/53/637 533/53/635 532/53/634
f 317/53/401 534/53/636 532/53/634 319/53/407
f 536/53/638 538/53/639 535/53/637 534/53/636
f 534/53/636 317/53/401 313/53/397 536/53/638
f 310/53/395 539/53/640 536/53/638 313/53/397
f 540/53/641 541/53/642 537/53/643 536/53/638
f 537/53/643 1452/53/644 538/53/639 536/53/638
f 536/53/638 539/53/640 540/53/641
f 540/53/645 539/53/640 542/53/646
f 540/53/645 542/53/646 543/53/647 541/53/648
f 544/53/649 543/53/647 542/53/646 539/53/640
f 544/53/649 547/53/650 545/53/651 543/53/647
f 541/53/648 543/53/647 545/53/651 546/53/652
f 546/53/652 545/53/651 547/53/650
f 548/53/653 546/53/654 547/53/650
f 549/53/655 807/53/656 548/53/653 547/53/650
f 549/53/655 547/53/650 550/53/657 552/53/658
f 550/53/657 547/53/650 544/53/649 551/53/659
f 1497/53/281 553/53/660 552/53/658 550/53/657 233/53/282
f 233/53/282 550/53/657 551/53/659 1510/53/291
f 1501/53/263 217/53/262 554/53/661 552/53/658 553/53/660
f 549/53/655 552/53/658 554/53/661 555/53/662
f 217/53/262 559/53/238 556/53/663 554/53/661
f 554/53/661 556/53/663 557/53/664 555/53/662
f 557/53/664 556/53/663 560/53/665 561/53/666
f 560/53/665 556/53/663 558/53/667 562/53/668
f 556/53/663 559/53/238 201/53/233 558/53/667
f 563/53/669 565/53/670 561/53/666 560/53/665
f 564/53/671 563/53/669 560/53/665 562/53/668
f 566/53/672 563/53/669 564/53/671 569/53/673
f 566/53/672 568/53/674 565/53/670 563/53/669
f 567/53/675 566/53/676 569/53/677 570/53/678
f 567/53/675 602/53/679 568/53/680 566/53/676
f 564/53/671 572/53/681 571/53/682 569/53/673
f 569/53/677 571/53/683 573/53/684 570/53/678
f 572/53/681 575/53/685 574/53/686 571/53/682
f 571/53/683 574/53/687 576/53/688 573/53/684
f 575/53/685 578/53/689 577/53/690 574/53/686
f 574/53/687 577/53/691 579/53/692 576/53/688
f 577/53/690 578/53/689 581/53/693 580/53/694
f 579/53/692 577/53/691 580/53/695 582/53/696
f 581/53/693 584/53/697 583/53/698 580/53/694
f 580/53/695 583/53/699 585/53/700 582/53/696
f 584/53/697 587/53/701 586/53/702 583/53/698
f 583/53/699 586/53/703 588/53/704 585/53/700
f 587/53/701 590/53/705 589/53/706 586/53/702
f 586/53/703 589/53/707 591/53/708 588/53/704
f 590/53/705 593/53/709 592/53/710 589/53/706
f 589/53/707 592/53/711 594/53/712 591/53/708
f 593/53/709 597/53/713 595/53/714 592/53/710
f 592/53/711 595/53/715 596/53/716 594/53/712
f 595/53/715 598/53/717 600/53/718 596/53/716
f 597/53/713 599/53/719 598/53/720 595/53/714
f 565/53/670 568/53/674 598/53/720 599/53/719
f 568/53/680 602/53/679 600/53/718 598/53/717
f 596/53/716 600/53/718 601/53/721 774/53/722
f 600/53/718 602/53/679 603/53/723 601/53/721
f 567/53/675 604/53/724 603/53/723 602/53/679
f 603/53/723 604/53/724 606/53/725 605/53/726
f 601/53/721 603/53/723 605/53/726 607/53/727
f 609/53/728 608/53/729 605/53/726 606/53/725
f 605/53/726 608/53/729 610/53/730 607/53/727
f 608/53/729 609/53/728 612/53/731 611/53/732
f 610/53/730 608/53/729 611/53/732 613/53/733
f 611/53/732 612/53/731 616/53/734 614/53/735
f 613/53/733 611/53/732 614/53/735 615/53/736
f 614/53/735 617/53/737 619/53/738 615/53/736
f 617/53/737 614/53/735 616/53/734
f 617/53/737 618/53/739 620/53/740 619/53/738
f 616/53/734 742/53/741 618/53/739 617/53/737
f 623/53/742 621/53/743 619/53/738 620/53/740
f 621/53/743 622/53/744 615/53/736 619/53/738
f 622/53/744 621/53/743 624/53/745 625/53/746
f 621/53/743 623/53/742 626/53/747 624/53/745
f 625/53/746 624/53/745 627/53/748
f 624/53/745 626/53/747 631/53/749 627/53/748
f 630/53/750 760/53/751 628/53/752 627/53/748
f 628/53/752 779/53/753 625/53/746 627/53/748
f 758/53/754 630/53/750 627/53/748 629/53/755
f 629/53/755 627/53/748 631/53/749 632/53/756
f 631/53/749 626/53/747 635/53/757 633/53/758
f 632/53/756 631/53/749 633/53/758 634/53/759
f 634/53/759 633/53/758 636/53/760 638/53/761
f 633/53/758 635/53/757 636/53/760
f 636/53/760 635/53/757 664/53/762 637/53/763
f 638/53/761 636/53/760 637/53/763 639/53/764
f 642/53/765 634/53/759 638/53/761 640/53/766
f 640/53/766 638/53/761 639/53/764 641/53/767
f 643/53/768 640/53/766 641/53/767 644/53/769
f 645/53/770 642/53/765 640/53/766 643/53/768
f 646/53/771 643/53/768 644/53/769 648/53/772
f 647/53/773 645/53/770 643/53/768 646/53/771
f 651/53/774 647/53/773 646/53/771 649/53/775
f 649/53/775 646/53/771 648/53/772 650/53/776
f 652/53/777 649/53/775 650/53/776 654/53/778
f 653/53/779 651/53/774 649/53/775 652/53/777
f 657/53/780 653/53/779 652/53/777 655/53/781
f 655/53/781 652/53/777 654/53/778 656/53/782
f 658/53/783 655/53/781 656/53/782 660/53/784
f 659/53/785 657/53/780 655/53/781 658/53/783
f 661/53/786 659/53/785 658/53/783
f 658/53/783 660/53/784 662/53/787 661/53/786
f 626/53/747 623/53/742 661/53/786 635/53/757
f 623/53/742 620/53/740 659/53/785 661/53/786
f 635/53/757 661/53/786 662/53/787 664/53/762
f 664/53/762 662/53/787 663/53/788 665/53/789
f 662/53/787 660/53/784 741/53/790 663/53/788
f 637/53/763 664/53/762 665/53/789 666/53/791
f 666/53/791 665/53/789 667/53/792 668/53/793
f 665/53/789 663/53/788 669/53/794 667/53/792
f 668/53/795 667/53/796 670/53/797 672/53/798
f 667/53/796 669/53/799 673/53/800 670/53/797
f 672/53/798 670/53/797 671/53/801 702/53/802
f 670/53/797 673/53/800 674/53/803 671/53/801
f 669/53/799 676/53/804 675/53/805 673/53/800
f 673/53/800 675/53/805 677/53/806 674/53/803
f 676/53/804 679/53/807 678/53/808 675/53/805
f 675/53/805 678/53/808 680/53/809 677/53/806
f 679/53/807 682/53/810 681/53/811 678/53/808
f 678/53/808 681/53/811 683/53/812 680/53/809
f 682/53/810 685/53/813 684/53/814 681/53/811
f 681/53/811 684/53/814 686/53/815 683/53/812
f 685/53/813 688/53/816 687/53/817 684/53/814
f 684/53/814 687/53/817 689/53/818 686/53/815
f 688/53/816 693/53/819 690/53/820 687/53/817
f 687/53/817 690/53/820 691/53/821 689/53/818
f 690/53/820 692/53/822 701/53/823 691/53/821
f 693/53/819 695/53/824 692/53/822 690/53/820
f 694/53/825 696/53/826 695/53/827 693/53/828
f 737/53/829 694/53/825 693/53/828 688/53/830
f 696/53/826 698/53/831 697/53/832 695/53/827
f 695/53/824 697/53/833 699/53/834 692/53/822
f 698/53/831 666/53/791 668/53/793 697/53/832
f 697/53/833 668/53/795 672/53/798 699/53/834
f 699/53/834 672/53/798 702/53/802 700/53/835
f 692/53/822 699/53/834 700/53/835 701/53/823
f 703/53/836 704/53/837 701/53/823 700/53/835
f 705/53/838 703/53/836 700/53/835 702/53/802
f 704/53/837 703/53/836 706/53/839 707/53/840
f 703/53/836 705/53/838 708/53/841 706/53/839
f 709/53/842 710/53/843 707/53/840 706/53/839
f 711/53/844 709/53/842 706/53/839 708/53/841
f 712/53/845 710/53/843 709/53/842
f 712/53/845 709/53/842 711/53/844
f 712/53/845 717/53/846 710/53/843
f 712/53/845 713/53/847 715/53/848
f 712/53/845 714/53/849 713/53/847
f 712/53/845 716/53/850 714/53/849
f 712/53/845 715/53/848 717/53/846
f 712/53/845 719/53/851 716/53/850
f 712/53/845 718/53/852 720/53/853
f 712/53/845 711/53/844 718/53/852
f 712/53/845 720/53/853 719/53/851
f 719/53/851 720/53/853 721/53/854 722/53/855
f 720/53/853 718/53/852 723/53/856 721/53/854
f 724/53/857 725/53/858 722/53/855 721/53/854
f 726/53/859 724/53/857 721/53/854 723/53/856
f 725/53/858 724/53/857 674/53/803 677/53/806
f 724/53/857 726/53/859 671/53/801 674/53/803
f 705/53/838 726/53/859 723/53/856 708/53/841
f 726/53/859 705/53/838 702/53/802 671/53/801
f 725/53/858 727/53/860 729/53/861 722/53/855
f 727/53/860 725/53/858 677/53/806 680/53/809
f 727/53/860 728/53/862 730/53/863 729/53/861
f 728/53/862 727/53/860 680/53/809 683/53/812
f 714/53/849 716/53/850 729/53/861 730/53/863
f 716/53/850 719/53/851 722/53/855 729/53/861
f 713/53/847 714/53/849 730/53/863 731/53/864
f 728/53/862 733/53/865 731/53/864 730/53/863
f 715/53/848 713/53/847 731/53/864 732/53/866
f 733/53/865 734/53/867 732/53/866 731/53/864
f 733/53/865 728/53/862 683/53/812 686/53/815
f 734/53/867 733/53/865 686/53/815 689/53/818
f 734/53/867 735/53/868 736/53/869 732/53/866
f 735/53/868 734/53/867 689/53/818 691/53/821
f 735/53/868 704/53/837 707/53/840 736/53/869
f 704/53/837 735/53/868 691/53/821 701/53/823
f 717/53/846 715/53/848 732/53/866 736/53/869
f 710/53/843 717/53/846 736/53/869 707/53/840
f 718/53/852 711/53/844 708/53/841 723/53/856
f 641/53/767 639/53/764 698/53/831 696/53/826
f 639/53/764 637/53/763 666/53/791 698/53/831
f 644/53/769 641/53/767 696/53/826 694/53/825
f 648/53/772 644/53/769 694/53/825 737/53/829
f 738/53/870 737/53/829 688/53/830 685/53/871
f 650/53/776 648/53/772 737/53/829 738/53/870
f 739/53/872 738/53/870 685/53/871 682/53/873
f 654/53/778 650/53/776 738/53/870 739/53/872
f 740/53/874 739/53/872 682/53/873 679/53/875
f 656/53/782 654/53/778 739/53/872 740/53/874
f 741/53/790 740/53/874 679/53/875 676/53/876
f 660/53/784 656/53/782 740/53/874 741/53/790
f 663/53/788 741/53/790 676/53/876 669/53/794
f 620/53/740 618/53/739 657/53/780 659/53/785
f 618/53/739 742/53/741 653/53/779 657/53/780
f 742/53/741 743/53/877 651/53/774 653/53/779
f 742/53/741 616/53/734 745/53/878 743/53/877
f 743/53/877 744/53/879 647/53/773 651/53/774
f 743/53/877 745/53/878 747/53/880 744/53/879
f 612/53/731 746/53/881 745/53/878 616/53/734
f 746/53/881 748/53/882 747/53/880 745/53/878
f 748/53/882 750/53/883 749/53/884 747/53/880
f 747/53/880 749/53/884 753/53/885 744/53/879
f 755/53/886 752/53/887 749/53/884 750/53/883
f 752/53/887 756/53/888 751/53/889 749/53/884
f 749/53/884 751/53/889 754/53/890 753/53/885
f 744/53/879 753/53/885 645/53/770 647/53/773
f 753/53/885 754/53/890 642/53/765 645/53/770
f 754/53/890 632/53/756 634/53/759 642/53/765
f 751/53/889 629/53/755 632/53/756 754/53/890
f 755/53/886 757/53/891 756/53/888 752/53/887
f 757/53/891 759/53/892 758/53/754 756/53/888
f 756/53/888 758/53/754 629/53/755 751/53/889
f 759/53/892 760/53/751 630/53/750 758/53/754
f 762/53/893 761/53/894 759/53/892 757/53/891
f 761/53/894 763/53/895 760/53/751 759/53/892
f 761/53/894 762/53/893 765/53/896 764/53/897
f 763/53/895 761/53/894 764/53/897 766/53/898
f 764/53/897 765/53/896 768/53/899 767/53/900
f 766/53/898 764/53/897 767/53/900 770/53/901
f 780/53/902 769/53/903 767/53/900 768/53/899
f 769/53/903 772/53/904 770/53/901 767/53/900
f 770/53/901 771/53/905 777/53/906 766/53/898
f 772/53/904 773/53/907 771/53/905 770/53/901
f 591/53/708 594/53/712 773/53/907 772/53/904
f 588/53/704 591/53/708 772/53/904 769/53/903
f 773/53/907 774/53/722 775/53/908 771/53/905
f 594/53/712 596/53/716 774/53/722 773/53/907
f 774/53/722 601/53/721 607/53/727 775/53/908
f 771/53/905 775/53/908 776/53/909 777/53/906
f 610/53/730 776/53/909 775/53/908 607/53/727
f 776/53/909 610/53/730 613/53/733 778/53/910
f 777/53/906 776/53/909 778/53/910 779/53/753
f 778/53/910 613/53/733 615/53/736 622/53/744
f 779/53/753 778/53/910 622/53/744 625/53/746
f 766/53/898 777/53/906 779/53/753 628/53/752
f 585/53/700 588/53/704 769/53/903 780/53/902
f 781/53/911 780/53/902 768/53/899 782/53/912
f 582/53/696 585/53/700 780/53/902 781/53/911
f 784/53/913 783/53/914 781/53/911 782/53/912
f 783/53/914 579/53/692 582/53/696 781/53/911
f 787/53/915 785/53/916 783/53/914 784/53/913
f 576/53/688 579/53/692 783/53/914 785/53/916
f 786/53/917 785/53/916 787/53/915 788/53/918
f 573/53/684 576/53/688 785/53/916 786/53/917
f 788/53/918 787/53/915 784/53/913 790/53/919
f 795/53/920 786/53/917 788/53/918 789/53/921
f 789/53/921 788/53/918 790/53/919 606/53/725
f 784/53/913 792/53/922 791/53/923 790/53/919
f 790/53/919 791/53/923 609/53/728 606/53/725
f 609/53/728 791/53/923 746/53/881 612/53/731
f 791/53/923 792/53/922 748/53/882 746/53/881
f 793/53/924 792/53/922 784/53/913 782/53/912
f 792/53/922 793/53/924 750/53/883 748/53/882
f 765/53/896 793/53/924 782/53/912 768/53/899
f 762/53/893 794/53/925 793/53/924 765/53/896
f 794/53/925 755/53/886 750/53/883 793/53/924
f 794/53/925 762/53/893 757/53/891 755/53/886
f 606/53/725 604/53/724 795/53/920 789/53/921
f 570/53/678 573/53/684 786/53/917 795/53/920
f 604/53/724 567/53/675 570/53/678 795/53/920
f 760/53/751 763/53/895 766/53/898 628/53/752
f 565/53/670 599/53/719 796/53/926 561/53/666
f 798/53/927 796/53/926 599/53/719 597/53/713
f 800/53/928 796/53/926 797/53/929 801/53/930
f 797/53/929 796/53/926 799/53/931 810/53/932
f 796/53/926 798/53/927 818/53/933 799/53/931
f 796/53/926 800/53/928 561/53/666
f 800/53/934 802/53/935 561/53/666
f 800/53/934 801/53/936 803/53/937 802/53/935
f 557/53/664 561/53/666 802/53/935 803/53/937
f 557/53/664 803/53/937 804/53/938 555/53/662
f 801/53/936 805/53/939 804/53/938 803/53/937
f 805/53/939 555/53/662 804/53/938
f 805/53/940 801/53/930 797/53/929 806/53/941
f 806/53/941 555/53/662 805/53/940
f 807/53/656 806/53/941 808/53/942 809/53/943
f 549/53/655 555/53/662 806/53/941 807/53/656
f 806/53/941 797/53/929 810/53/932 808/53/942
f 809/53/943 808/53/942 811/53/944 813/53/945
f 808/53/942 810/53/932 814/53/946 811/53/944
f 811/53/944 814/53/946 815/53/947 812/53/948
f 813/53/945 811/53/944 812/53/948 1456/53/949
f 810/53/932 799/53/931 816/53/950 814/53/946
f 814/53/946 816/53/950 817/53/951 815/53/947
f 816/53/950 818/53/933 820/53/952 817/53/951
f 799/53/931 818/53/933 816/53/950
f 798/53/927 1471/53/953 819/53/954 818/53/933
f 818/53/933 819/53/954 821/53/955 820/53/952
f 820/53/952 821/53/955 824/53/956 822/53/957
f 817/53/951 820/53/952 822/53/957 825/53/958
f 825/53/958 822/53/957 823/53/959 826/53/960
f 822/53/957 824/53/956 876/53/961 823/53/959
f 825/53/958 826/53/960 827/53/962 815/53/947
f 815/53/947 817/53/951 825/53/958
f 827/53/962 826/53/960 828/53/963 831/53/964
f 826/53/960 823/53/959 830/53/965 828/53/963
f 828/53/963 830/53/965 878/53/966 829/53/967
f 831/53/964 828/53/963 829/53/967 832/53/968
f 835/53/969 827/53/962 831/53/964 833/53/970
f 833/53/970 831/53/964 832/53/968 834/53/971
f 836/53/972 833/53/970 834/53/971 838/53/973
f 837/53/974 835/53/969 833/53/970 836/53/972
f 837/53/974 836/53/972 839/53/975 841/53/976
f 836/53/972 838/53/973 840/53/977 839/53/975
f 839/53/975 840/53/977 844/53/978 842/53/979
f 841/53/976 839/53/975 842/53/979 843/53/980
f 843/53/980 842/53/979 845/53/981 847/53/982
f 842/53/979 844/53/978 846/53/983 845/53/981
f 845/53/981 846/53/983 849/53/984 848/53/985
f 847/53/982 845/53/981 848/53/985 850/53/986
f 848/53/985 849/53/984 853/53/987 851/53/988
f 850/53/986 848/53/985 851/53/988 852/53/989
f 852/53/989 851/53/988 854/53/990 855/53/991
f 851/53/988 853/53/987 856/53/992 854/53/990
f 855/53/991 854/53/990 857/53/993 859/53/994
f 854/53/990 856/53/992 858/53/995 857/53/993
f 857/53/993 858/53/995 861/53/996 860/53/997
f 859/53/994 857/53/993 860/53/997 862/53/998
f 860/53/997 861/53/996 864/53/999 863/53/1000
f 862/53/998 860/53/997 863/53/1000 865/53/1001
f 866/53/1002 863/53/1000 864/53/999 867/53/1003
f 868/53/1004 865/53/1001 863/53/1000 866/53/1002
f 869/53/1005 866/53/1002 867/53/1003 870/53/1006
f 871/53/1007 868/53/1004 866/53/1002 869/53/1005
f 872/53/1008 869/53/1005 870/53/1006 874/53/1009
f 873/53/1010 871/53/1007 869/53/1005 872/53/1008
f 876/53/961 873/53/1010 872/53/1008 875/53/1011
f 875/53/1011 872/53/1008 874/53/1009 877/53/1012
f 823/53/959 876/53/961 875/53/1011 830/53/965
f 830/53/965 875/53/1011 877/53/1012 878/53/966
f 877/53/1012 874/53/1009 880/53/1013 879/53/1014
f 878/53/966 877/53/1012 879/53/1014 881/53/1015
f 879/53/1014 880/53/1013 1126/53/1016 882/53/1017
f 881/53/1015 879/53/1014 884/53/1018 885/53/1019
f 883/53/1020 879/53/1014 882/53/1017
f 883/53/1021 884/53/1018 879/53/1014
f 883/53/1021 887/53/1022 885/53/1019 884/53/1018
f 889/53/1023 886/53/1024 885/53/1019 887/53/1022
f 1428/53/1025 881/53/1015 885/53/1019 886/53/1024
f 889/53/1026 887/53/1027 888/53/1028 890/53/1029
f 887/53/1027 883/53/1020 924/53/1030 888/53/1028
f 894/53/1031 891/53/1032 889/53/1026 890/53/1029
f 889/53/1023 891/53/1033 895/53/1034 886/53/1024
f 892/53/1035 891/53/1032 893/53/1036
f 892/53/1035 895/53/1034 891/53/1033
f 893/53/1036 891/53/1032 894/53/1031
f 892/53/1035 1428/53/1025 886/53/1024 895/53/1034
f 896/53/1037 1146/53/1038 893/53/1036 894/53/1031
f 894/53/1031 897/53/1039 900/53/1040 896/53/1037
f 890/53/1029 899/53/1041 897/53/1039 894/53/1031
f 899/53/1041 928/53/1042 898/53/1043 897/53/1039
f 897/53/1039 898/53/1043 901/53/1044 900/53/1040
f 900/53/1040 901/53/1044 904/53/1045 902/53/1046
f 896/53/1037 900/53/1040 902/53/1046 903/53/1047
f 903/53/1047 902/53/1046 905/53/1048 907/53/1049
f 902/53/1046 904/53/1045 906/53/1050 905/53/1048
f 905/53/1048 906/53/1050 909/53/1051 908/53/1052
f 907/53/1049 905/53/1048 908/53/1052 910/53/1053
f 908/53/1052 909/53/1051 912/53/1054 911/53/1055
f 910/53/1053 908/53/1052 911/53/1055 913/53/1056
f 911/53/1055 912/53/1054 916/53/1057 914/53/1058
f 913/53/1056 911/53/1055 914/53/1058 915/53/1059
f 915/53/1059 914/53/1058 917/53/1060 919/53/1061
f 914/53/1058 916/53/1057 918/53/1062 917/53/1060
f 917/53/1060 918/53/1062 922/53/1063 920/53/1064
f 919/53/1061 917/53/1060 920/53/1064 921/53/1065
f 921/53/1065 920/53/1064 923/53/1066 924/53/1030
f 920/53/1064 922/53/1063 925/53/1067 923/53/1066
f 924/53/1030 923/53/1066 926/53/1068 888/53/1028
f 923/53/1066 925/53/1067 927/53/1069 926/53/1068
f 888/53/1028 926/53/1068 899/53/1041 890/53/1029
f 926/53/1068 927/53/1069 928/53/1042 899/53/1041
f 928/53/1042 927/53/1069 929/53/1070 932/53/1071
f 927/53/1069 925/53/1067 931/53/1072 929/53/1070
f 934/53/1073 932/53/1071 929/53/1070 930/53/1074
f 930/53/1074 929/53/1070 931/53/1072 982/53/1075
f 937/53/1076 933/53/1077 932/53/1071
f 961/53/1078 936/53/1079 932/53/1071 933/53/1077
f 932/53/1071 934/53/1073 937/53/1080
f 898/53/1043 928/53/1042 932/53/1071 935/53/1081
f 936/53/1079 962/53/1082 935/53/1081 932/53/1071
f 933/53/1077 937/53/1076 939/53/1083
f 939/53/1083 937/53/1076 938/53/1084 941/53/1085
f 937/53/1080 934/53/1073 930/53/1074 938/53/1086
f 942/53/1087 961/53/1078 933/53/1077 939/53/1083
f 959/53/1088 942/53/1087 939/53/1083 940/53/1089
f 940/53/1089 939/53/1083 943/53/1090 946/53/1091
f 939/53/1083 941/53/1085 945/53/1092 943/53/1090
f 946/53/1091 943/53/1090 944/53/1093 947/53/1094
f 943/53/1090 945/53/1092 1012/53/1095 944/53/1093
f 950/53/1096 940/53/1089 946/53/1091 948/53/1097
f 948/53/1097 946/53/1091 947/53/1094 949/53/1098
f 948/53/1097 949/53/1098 953/53/1099 951/53/1100
f 951/53/1100 950/53/1096 948/53/1097
f 956/53/1101 955/53/1102 951/53/1100 952/53/1103
f 968/53/1104 952/53/1103 951/53/1100 954/53/1105
f 954/53/1105 951/53/1100 953/53/1099 998/53/1106
f 955/53/1102 957/53/1107 950/53/1096 951/53/1100
f 956/53/1101 958/53/1108 957/53/1107 955/53/1102
f 958/53/1108 960/53/1109 959/53/1088 957/53/1107
f 957/53/1107 959/53/1088 940/53/1089 950/53/1096
f 960/53/1109 961/53/1078 942/53/1087 959/53/1088
f 963/53/1110 962/53/1082 960/53/1109 958/53/1108
f 962/53/1082 936/53/1079 961/53/1078 960/53/1109
f 962/53/1082 963/53/1110 965/53/1111 935/53/1081
f 964/53/1112 963/53/1110 958/53/1108 956/53/1101
f 963/53/1110 964/53/1112 966/53/1113 965/53/1111
f 901/53/1044 898/53/1043 935/53/1081 965/53/1111
f 904/53/1045 901/53/1044 965/53/1111 966/53/1113
f 906/53/1050 904/53/1045 966/53/1113 967/53/1114
f 964/53/1112 956/53/1101 952/53/1103 966/53/1113
f 967/53/1114 966/53/1113 952/53/1103 968/53/1104
f 969/53/1115 967/53/1114 968/53/1104 970/53/1116
f 909/53/1051 906/53/1050 967/53/1114 969/53/1115
f 971/53/1117 969/53/1115 970/53/1116 972/53/1118
f 912/53/1054 909/53/1051 969/53/1115 971/53/1117
f 973/53/1119 971/53/1117 972/53/1118 974/53/1120
f 916/53/1057 912/53/1054 971/53/1117 973/53/1119
f 918/53/1062 916/53/1057 973/53/1119 975/53/1121
f 975/53/1121 973/53/1119 974/53/1120 976/53/1122
f 978/53/1123 975/53/1121 976/53/1122
f 922/53/1063 918/53/1062 975/53/1121 977/53/1124
f 977/53/1124 975/53/1121 979/53/1125 980/53/1126
f 979/53/1125 975/53/1121 978/53/1127
f 980/53/1126 979/53/1125 978/53/1127 981/53/1128
f 981/53/1128 983/53/1129 982/53/1075 980/53/1126
f 931/53/1072 977/53/1124 980/53/1126 982/53/1075
f 983/53/1129 938/53/1086 930/53/1074 982/53/1075
f 938/53/1084 983/53/1130 984/53/1131 941/53/1085
f 983/53/1130 981/53/1132 986/53/1133 984/53/1131
f 984/53/1131 986/53/1133 987/53/1134 985/53/1135
f 941/53/1085 984/53/1131 985/53/1135 945/53/1092
f 981/53/1132 978/53/1123 988/53/1136 986/53/1133
f 986/53/1133 988/53/1136 990/53/1137 987/53/1134
f 988/53/1136 978/53/1123 976/53/1122
f 976/53/1122 974/53/1120 989/53/1138 988/53/1136
f 988/53/1136 989/53/1138 992/53/1139 990/53/1137
f 987/53/1134 990/53/1137 991/53/1140 1018/53/1141
f 990/53/1137 992/53/1139 993/53/1142 991/53/1140
f 989/53/1138 994/53/1143 992/53/1139
f 992/53/1139 994/53/1143 995/53/1144 993/53/1142
f 994/53/1143 996/53/1145 997/53/1146 995/53/1144
f 972/53/1118 970/53/1116 996/53/1145 994/53/1143
f 974/53/1120 972/53/1118 994/53/1143 989/53/1138
f 996/53/1145 954/53/1105 998/53/1106 997/53/1146
f 970/53/1116 968/53/1104 954/53/1105 996/53/1145
f 997/53/1146 998/53/1106 1001/53/1147 999/53/1148
f 999/53/1148 995/53/1144 997/53/1146
f 999/53/1148 1001/53/1147 1002/53/1149 1000/53/1150
f 995/53/1144 999/53/1148 1000/53/1150 1028/53/1151
f 1001/53/1147 1003/53/1152 1004/53/1153 1002/53/1149
f 998/53/1106 953/53/1099 1003/53/1152 1001/53/1147
f 953/53/1099 949/53/1098 1005/53/1154 1003/53/1152
f 1003/53/1152 1005/53/1154 1006/53/1155 1004/53/1153
f 1005/53/1154 1007/53/1156 1008/53/1157 1006/53/1155
f 949/53/1098 947/53/1094 1007/53/1156 1005/53/1154
f 947/53/1094 944/53/1093 1009/53/1158 1007/53/1156
f 1007/53/1156 1009/53/1158 1010/53/1159 1008/53/1157
f 1009/53/1158 1011/53/1160 1013/53/1161 1010/53/1159
f 944/53/1093 1012/53/1095 1011/53/1160 1009/53/1158
f 1012/53/1095 1015/53/1162 1014/53/1163 1011/53/1160
f 1011/53/1160 1014/53/1163 1016/53/1164 1013/53/1161
f 1015/53/1162 1018/53/1141 1017/53/1165 1014/53/1163
f 1014/53/1163 1017/53/1165 1019/53/1166 1016/53/1164
f 1018/53/1141 991/53/1140 1017/53/1165
f 1017/53/1165 991/53/1140 1021/53/1167 1019/53/1166
f 1019/53/1166 1021/53/1167 1022/53/1168 1020/53/1169
f 1016/53/1164 1019/53/1166 1020/53/1169 1056/53/1170
f 1024/53/1171 1025/53/1172 1022/53/1168 1021/53/1167
f 991/53/1140 993/53/1142 1023/53/1173 1021/53/1167
f 1021/53/1167 1023/53/1173 1024/53/1171
f 1023/53/1173 1028/53/1151 1026/53/1174 1024/53/1171
f 1024/53/1171 1026/53/1174 1027/53/1175 1025/53/1172
f 1026/53/1174 1029/53/1176 1030/53/1177 1027/53/1175
f 1028/53/1151 1000/53/1150 1029/53/1176 1026/53/1174
f 1029/53/1176 1031/53/1178 1032/53/1179 1030/53/1177
f 1000/53/1150 1002/53/1149 1031/53/1178 1029/53/1176
f 1031/53/1178 1033/53/1180 1034/53/1181 1032/53/1179
f 1002/53/1149 1004/53/1153 1033/53/1180 1031/53/1178
f 1004/53/1153 1006/53/1155 1035/53/1182 1033/53/1180
f 1033/53/1180 1035/53/1182 1036/53/1183 1034/53/1181
f 1035/53/1182 1008/53/1157 1037/53/1184 1036/53/1183
f 1006/53/1155 1008/53/1157 1035/53/1182
f 1036/53/1183 1037/53/1184 1040/53/1185 1038/53/1186
f 1034/53/1181 1036/53/1183 1038/53/1186 1041/53/1187
f 1038/53/1186 1040/53/1185 1065/53/1188 1039/53/1189
f 1041/53/1187 1038/53/1186 1039/53/1189 1042/53/1190
f 1032/53/1179 1034/53/1181 1041/53/1187 1043/53/1191
f 1043/53/1191 1041/53/1187 1042/53/1190 1044/53/1192
f 1045/53/1193 1043/53/1191 1044/53/1192 1046/53/1194
f 1030/53/1177 1032/53/1179 1043/53/1191 1045/53/1193
f 1047/53/1195 1045/53/1193 1046/53/1194 1048/53/1196
f 1027/53/1175 1030/53/1177 1045/53/1193 1047/53/1195
f 1049/53/1197 1047/53/1195 1048/53/1196 1050/53/1198
f 1025/53/1172 1027/53/1175 1047/53/1195 1049/53/1197
f 1022/53/1168 1025/53/1172 1049/53/1197 1051/53/1199
f 1051/53/1199 1049/53/1197 1050/53/1198 1052/53/1200
f 1053/53/1201 1051/53/1199 1052/53/1200 1054/53/1202
f 1020/53/1169 1022/53/1168 1051/53/1199 1053/53/1201
f 1056/53/1170 1020/53/1169 1053/53/1201 1055/53/1203
f 1055/53/1203 1053/53/1201 1054/53/1202 1057/53/1204
f 1059/53/1205 1056/53/1170 1055/53/1203 1058/53/1206
f 1058/53/1206 1055/53/1203 1057/53/1204 1060/53/1207
f 1063/53/1208 1059/53/1205 1058/53/1206 1061/53/1209
f 1061/53/1209 1058/53/1206 1060/53/1207 1062/53/1210
f 1040/53/1185 1061/53/1209 1062/53/1210 1065/53/1188
f 1037/53/1184 1063/53/1208 1061/53/1209 1040/53/1185
f 1008/53/1157 1010/53/1159 1063/53/1208 1037/53/1184
f 1010/53/1159 1013/53/1161 1059/53/1205 1063/53/1208
f 1065/53/1188 1062/53/1210 1064/53/1211 1066/53/1212
f 1062/53/1210 1060/53/1207 1096/53/1213 1064/53/1211
f 1039/53/1189 1065/53/1188 1066/53/1212 1067/53/1214
f 1066/53/1212 1068/53/1215 1069/53/1216 1067/53/1214
f 1064/53/1211 1070/53/1217 1068/53/1215 1066/53/1212
f 1069/53/1216 1068/53/1215 1071/53/1218 1072/53/1219
f 1068/53/1215 1070/53/1217 1073/53/1220 1071/53/1218
f 1072/53/1219 1071/53/1218 1074/53/1221 1075/53/1222
f 1071/53/1218 1073/53/1220 1076/53/1223 1074/53/1221
f 1075/53/1222 1074/53/1221 1077/53/1224 1078/53/1225
f 1074/53/1221 1076/53/1223 1079/53/1226 1077/53/1224
f 1078/53/1225 1077/53/1224 1080/53/1227
f 1077/53/1224 1079/53/1226 1080/53/1227
f 1087/53/1228 1081/53/1229 1080/53/1227
f 1081/53/1229 1078/53/1225 1080/53/1227
f 1088/53/1230 1082/53/1231 1080/53/1227
f 1082/53/1231 1083/53/1232 1080/53/1227
f 1083/53/1232 1087/53/1228 1080/53/1227
f 1086/53/1233 1084/53/1234 1080/53/1227
f 1084/53/1234 1085/53/1235 1080/53/1227
f 1085/53/1235 1088/53/1230 1080/53/1227
f 1079/53/1226 1089/53/1236 1080/53/1227
f 1089/53/1236 1086/53/1233 1080/53/1227
f 1076/53/1223 1090/53/1237 1089/53/1236 1079/53/1226
f 1090/53/1237 1091/53/1238 1086/53/1233 1089/53/1236
f 1073/53/1220 1092/53/1239 1090/53/1237 1076/53/1223
f 1092/53/1239 1093/53/1240 1091/53/1238 1090/53/1237
f 1070/53/1217 1094/53/1241 1092/53/1239 1073/53/1220
f 1094/53/1241 1095/53/1242 1093/53/1240 1092/53/1239
f 1096/53/1213 1094/53/1241 1070/53/1217 1064/53/1211
f 1097/53/1243 1095/53/1242 1094/53/1241 1096/53/1213
f 1060/53/1207 1057/53/1204 1097/53/1243 1096/53/1213
f 1057/53/1204 1054/53/1202 1098/53/1244 1097/53/1243
f 1098/53/1244 1100/53/1245 1095/53/1242 1097/53/1243
f 1054/53/1202 1052/53/1200 1099/53/1246 1098/53/1244
f 1099/53/1246 1101/53/1247 1100/53/1245 1098/53/1244
f 1100/53/1245 1101/53/1247 1103/53/1248 1102/53/1249
f 1095/53/1242 1100/53/1245 1102/53/1249 1093/53/1240
f 1102/53/1249 1103/53/1248 1105/53/1250 1104/53/1251
f 1093/53/1240 1102/53/1249 1104/53/1251 1091/53/1238
f 1104/53/1251 1105/53/1250 1085/53/1235 1084/53/1234
f 1091/53/1238 1104/53/1251 1084/53/1234 1086/53/1233
f 1105/53/1250 1106/53/1252 1088/53/1230 1085/53/1235
f 1103/53/1248 1108/53/1253 1106/53/1252 1105/53/1250
f 1106/53/1252 1107/53/1254 1082/53/1231 1088/53/1230
f 1108/53/1253 1109/53/1255 1107/53/1254 1106/53/1252
f 1110/53/1256 1111/53/1257 1109/53/1255 1108/53/1253
f 1101/53/1247 1110/53/1256 1108/53/1253 1103/53/1248
f 1113/53/1258 1111/53/1257 1110/53/1256 1112/53/1259
f 1112/53/1259 1110/53/1256 1101/53/1247 1099/53/1246
f 1052/53/1200 1050/53/1198 1112/53/1259 1099/53/1246
f 1050/53/1198 1048/53/1196 1113/53/1258 1112/53/1259
f 1048/53/1196 1046/53/1194 1114/53/1260 1113/53/1258
f 1114/53/1260 1116/53/1261 1111/53/1257 1113/53/1258
f 1046/53/1194 1044/53/1192 1115/53/1262 1114/53/1260
f 1115/53/1262 1117/53/1263 1116/53/1261 1114/53/1260
f 1116/53/1261 1117/53/1263 1119/53/1264 1118/53/1265
f 1111/53/1257 1116/53/1261 1118/53/1265 1109/53/1255
f 1118/53/1265 1119/53/1264 1121/53/1266 1120/53/1267
f 1109/53/1255 1118/53/1265 1120/53/1267 1107/53/1254
f 1120/53/1267 1121/53/1266 1087/53/1228 1083/53/1232
f 1107/53/1254 1120/53/1267 1083/53/1232 1082/53/1231
f 1121/53/1266 1122/53/1268 1081/53/1229 1087/53/1228
f 1119/53/1264 1123/53/1269 1122/53/1268 1121/53/1266
f 1122/53/1268 1075/53/1222 1078/53/1225 1081/53/1229
f 1123/53/1269 1072/53/1219 1075/53/1222 1122/53/1268
f 1117/53/1263 1124/53/1270 1123/53/1269 1119/53/1264
f 1124/53/1270 1069/53/1216 1072/53/1219 1123/53/1269
f 1125/53/1271 1124/53/1270 1117/53/1263 1115/53/1262
f 1067/53/1214 1069/53/1216 1124/53/1270 1125/53/1271
f 1044/53/1192 1042/53/1190 1125/53/1271 1115/53/1262
f 1042/53/1190 1039/53/1189 1067/53/1214 1125/53/1271
f 1013/53/1161 1016/53/1164 1056/53/1170 1059/53/1205
f 993/53/1142 995/53/1144 1028/53/1151 1023/53/1173
f 985/53/1135 987/53/1134 1018/53/1141 1015/53/1162
f 945/53/1092 985/53/1135 1015/53/1162 1012/53/1095
f 925/53/1067 922/53/1063 977/53/1124 931/53/1072
f 882/53/1017 1126/53/1016 921/53/1065 924/53/1030
f 924/53/1030 883/53/1020 882/53/1017
f 1126/53/1016 1127/53/1272 919/53/1061 921/53/1065
f 880/53/1013 1128/53/1273 1126/53/1016
f 1126/53/1016 1128/53/1273 1129/53/1274 1127/53/1272
f 874/53/1009 1128/53/1273 880/53/1013
f 1129/53/1275 1128/53/1276 1130/53/1277 1131/53/1278
f 1128/53/1276 874/53/1009 1130/53/1277
f 874/53/1009 870/53/1006 1131/53/1278 1130/53/1277
f 1131/53/1278 870/53/1006 1134/53/1279 1132/53/1280
f 1133/53/1281 1129/53/1275 1131/53/1278 1132/53/1280
f 1133/53/1281 1132/53/1280 1134/53/1279
f 867/53/1003 1135/53/1282 1134/53/1279 870/53/1006
f 1135/53/1282 1137/53/1283 1136/53/1284 1134/53/1279
f 1133/53/1285 1134/53/1279 1136/53/1284
f 1136/53/1284 1137/53/1283 1139/53/1286 1138/53/1287
f 1138/53/1287 1133/53/1285 1136/53/1284
f 1127/53/1272 1138/53/1287 915/53/1059 919/53/1061
f 1138/53/1287 1139/53/1286 913/53/1056 915/53/1059
f 1129/53/1274 1133/53/1285 1138/53/1287 1127/53/1272
f 1139/53/1286 1140/53/1288 910/53/1053 913/53/1056
f 1137/53/1283 1141/53/1289 1140/53/1288 1139/53/1286
f 1140/53/1288 1142/53/1290 907/53/1049 910/53/1053
f 1141/53/1289 1143/53/1291 1142/53/1290 1140/53/1288
f 1142/53/1290 1144/53/1292 903/53/1047 907/53/1049
f 1143/53/1291 1145/53/1293 1144/53/1292 1142/53/1290
f 1145/53/1293 1147/53/1294 1146/53/1038 1144/53/1292
f 1144/53/1292 1146/53/1038 896/53/1037 903/53/1047
f 1147/53/1294 892/53/1035 893/53/1036 1146/53/1038
f 1147/53/1294 1148/53/1295 832/53/968 892/53/1035
f 1145/53/1293 1149/53/1296 1148/53/1295 1147/53/1294
f 832/53/968 1148/53/1295 1149/53/1296 834/53/971
f 1150/53/1297 1149/53/1296 1145/53/1293 1152/53/1298
f 838/53/973 834/53/971 1149/53/1296 1150/53/1297
f 1150/53/1297 1152/53/1298 1153/53/1299 1151/53/1300
f 838/53/973 1150/53/1297 1151/53/1300 840/53/977
f 1152/53/1298 1154/53/1301 1155/53/1302 1153/53/1299
f 1152/53/1298 1145/53/1293 1143/53/1291 1154/53/1301
f 1154/53/1301 1156/53/1303 1157/53/1304 1155/53/1302
f 1154/53/1301 1143/53/1291 1141/53/1289 1156/53/1303
f 1156/53/1303 1158/53/1305 1159/53/1306 1157/53/1304
f 1156/53/1303 1141/53/1289 1137/53/1283 1158/53/1305
f 1158/53/1305 1160/53/1307 1161/53/1308 1159/53/1306
f 1158/53/1305 1137/53/1283 1135/53/1282 1160/53/1307
f 1160/53/1307 864/53/999 861/53/996 1161/53/1308
f 1160/53/1307 1135/53/1282 867/53/1003 864/53/999
f 1161/53/1308 1162/53/1309 1163/53/1310 1159/53/1306
f 861/53/996 858/53/995 1162/53/1309 1161/53/1308
f 1164/53/1311 1163/53/1310 1162/53/1309
f 1166/53/1312 1165/53/1313 1162/53/1309 858/53/995
f 1164/53/1314 1162/53/1309 1165/53/1313
f 1164/53/1314 1165/53/1313 1166/53/1312 1168/53/1315
f 856/53/992 1167/53/1316 1166/53/1312 858/53/995
f 1168/53/1315 1166/53/1312 1167/53/1316 1170/53/1317
f 1168/53/1318 1169/53/1319 1200/53/1320 1164/53/1311
f 1172/53/1321 1169/53/1319 1168/53/1318 1170/53/1322
f 856/53/992 1171/53/1323 1170/53/1322
f 1171/53/1323 1172/53/1321 1170/53/1322
f 1170/53/1317 1167/53/1316 856/53/992
f 1176/53/1324 1174/53/1325 1172/53/1321 1171/53/1323
f 1174/53/1325 1175/53/1326 1173/53/1327 1172/53/1321
f 1172/53/1321 1173/53/1327 1202/53/1328 1169/53/1319
f 1175/53/1326 1174/53/1325 1177/53/1329
f 1177/53/1329 1174/53/1325 1176/53/1324
f 1177/53/1330 1179/53/1331 1180/53/1332 1178/53/1333
f 1178/53/1334 1213/53/1335 1175/53/1326 1177/53/1329
f 1177/53/1330 1176/53/1324 1179/53/1331
f 1182/53/1336 1180/53/1332 1179/53/1331 1176/53/1324
f 1426/53/1337 1178/53/1333 1180/53/1332 1181/53/1338
f 1183/53/1339 1181/53/1338 1180/53/1332 1182/53/1336
f 1182/53/1336 849/53/984 846/53/983 1183/53/1339
f 849/53/984 1182/53/1336 1176/53/1324 853/53/987
f 1184/53/1340 1188/53/1341 1181/53/1338 1183/53/1339
f 1184/53/1340 1183/53/1339 846/53/983 844/53/978
f 1185/53/1342 1190/53/1343 1187/53/1344 1184/53/1340
f 1185/53/1342 1184/53/1340 844/53/978 1427/53/1345
f 1184/53/1340 1187/53/1344 1186/53/1346
f 1184/53/1340 1186/53/1347 1188/53/1341
f 1426/53/1337 1181/53/1338 1188/53/1341 1186/53/1347
f 1191/53/1348 1189/53/1349 1187/53/1344 1190/53/1343
f 1187/53/1344 1189/53/1349 1186/53/1346
f 1153/53/1299 1192/53/1350 1190/53/1343 1185/53/1342
f 1192/53/1350 1193/53/1351 1191/53/1348 1190/53/1343
f 1155/53/1302 1194/53/1352 1192/53/1350 1153/53/1299
f 1194/53/1352 1195/53/1353 1193/53/1351 1192/53/1350
f 1196/53/1354 1197/53/1355 1195/53/1353 1194/53/1352
f 1157/53/1304 1196/53/1354 1194/53/1352 1155/53/1302
f 1198/53/1356 1199/53/1357 1197/53/1355 1196/53/1354
f 1159/53/1306 1198/53/1356 1196/53/1354 1157/53/1304
f 1200/53/1320 1201/53/1358 1199/53/1357 1198/53/1356
f 1163/53/1310 1200/53/1320 1198/53/1356 1159/53/1306
f 1200/53/1320 1163/53/1310 1164/53/1311
f 1169/53/1319 1202/53/1328 1201/53/1358 1200/53/1320
f 1199/53/1357 1201/53/1358 1203/53/1359 1205/53/1360
f 1201/53/1358 1202/53/1328 1206/53/1361 1203/53/1359
f 1205/53/1360 1203/53/1359 1204/53/1362 1228/53/1363
f 1203/53/1359 1206/53/1361 1207/53/1364 1204/53/1362
f 1206/53/1361 1208/53/1365 1209/53/1366 1207/53/1364
f 1202/53/1328 1173/53/1327 1208/53/1365 1206/53/1361
f 1173/53/1327 1175/53/1326 1210/53/1367 1208/53/1365
f 1208/53/1365 1210/53/1367 1211/53/1368 1209/53/1366
f 1175/53/1326 1213/53/1335 1212/53/1369 1210/53/1367
f 1210/53/1367 1212/53/1369 1214/53/1370 1211/53/1368
f 1213/53/1335 1217/53/1371 1215/53/1372 1212/53/1369
f 1212/53/1369 1215/53/1372 1216/53/1373 1214/53/1370
f 1215/53/1372 1218/53/1374 1219/53/1375 1216/53/1373
f 1217/53/1371 1189/53/1349 1218/53/1374 1215/53/1372
f 1189/53/1349 1191/53/1348 1220/53/1376 1218/53/1374
f 1218/53/1374 1220/53/1376 1221/53/1377 1219/53/1375
f 1220/53/1376 1222/53/1378 1223/53/1379 1221/53/1377
f 1191/53/1348 1193/53/1351 1222/53/1378 1220/53/1376
f 1193/53/1351 1195/53/1353 1224/53/1380 1222/53/1378
f 1222/53/1378 1224/53/1380 1225/53/1381 1223/53/1379
f 1224/53/1380 1226/53/1382 1227/53/1383 1225/53/1381
f 1195/53/1353 1197/53/1355 1226/53/1382 1224/53/1380
f 1226/53/1382 1205/53/1360 1228/53/1363 1227/53/1383
f 1197/53/1355 1199/53/1357 1205/53/1360 1226/53/1382
f 1227/53/1383 1229/53/1384 1232/53/1385 1225/53/1381
f 1228/53/1363 1231/53/1386 1229/53/1384 1227/53/1383
f 1231/53/1386 1274/53/1387 1230/53/1388 1229/53/1384
f 1229/53/1384 1230/53/1388 1233/53/1389 1232/53/1385
f 1232/53/1385 1233/53/1389 1235/53/1390 1234/53/1391
f 1225/53/1381 1232/53/1385 1234/53/1391 1223/53/1379
f 1223/53/1379 1234/53/1391 1236/53/1392 1221/53/1377
f 1237/53/1393 1234/53/1391 1235/53/1390 1238/53/1394
f 1239/53/1395 1236/53/1392 1234/53/1391 1237/53/1393
f 1237/53/1393 1238/53/1394 1240/53/1396 1239/53/1395
f 1239/53/1395 1240/53/1396 1242/53/1397 1241/53/1398
f 1241/53/1398 1244/53/1399 1236/53/1392 1239/53/1395
f 1241/53/1398 1242/53/1397 1425/53/1400 1243/53/1401
f 1243/53/1401 1245/53/1402 1244/53/1399 1241/53/1398
f 1221/53/1377 1236/53/1392 1244/53/1399 1219/53/1375
f 1219/53/1375 1244/53/1399 1245/53/1402 1216/53/1373
f 1249/53/1403 1245/53/1402 1246/53/1404
f 1425/53/1400 1246/53/1404 1245/53/1402 1243/53/1401
f 1245/53/1402 1249/53/1405 1247/53/1406
f 1247/53/1406 1415/53/1407 1248/53/1408 1245/53/1402
f 1216/53/1373 1245/53/1402 1248/53/1408 1214/53/1370
f 1246/53/1404 1251/53/1409 1249/53/1403
f 1251/53/1409 1253/53/1410 1250/53/1411 1249/53/1403
f 1249/53/1405 1250/53/1412 1415/53/1407 1247/53/1406
f 1254/53/1413 1251/53/1409 1246/53/1404 1425/53/1400
f 1268/53/1414 1252/53/1415 1251/53/1409 1254/53/1413
f 1252/53/1415 1258/53/1416 1255/53/1417 1251/53/1409
f 1251/53/1409 1255/53/1417 1257/53/1418 1253/53/1410
f 1258/53/1416 1259/53/1419 1256/53/1420 1255/53/1417
f 1255/53/1417 1256/53/1420 1287/53/1421 1257/53/1418
f 1262/53/1422 1260/53/1423 1258/53/1416 1252/53/1415
f 1260/53/1423 1261/53/1424 1259/53/1419 1258/53/1416
f 1260/53/1423 1263/53/1425 1264/53/1426 1261/53/1424
f 1263/53/1425 1260/53/1423 1262/53/1422
f 1238/53/1394 1235/53/1390 1263/53/1425 1266/53/1427
f 1233/53/1389 1265/53/1428 1263/53/1425 1235/53/1390
f 1265/53/1428 1269/53/1429 1264/53/1426 1263/53/1425
f 1266/53/1427 1263/53/1425 1262/53/1422 1267/53/1430
f 1238/53/1394 1266/53/1427 1267/53/1430 1240/53/1396
f 1240/53/1396 1267/53/1430 1268/53/1414 1242/53/1397
f 1267/53/1430 1262/53/1422 1252/53/1415 1268/53/1414
f 1242/53/1397 1268/53/1414 1254/53/1413 1425/53/1400
f 1270/53/1431 1271/53/1432 1269/53/1429 1265/53/1428
f 1230/53/1388 1270/53/1431 1265/53/1428 1233/53/1389
f 1272/53/1433 1273/53/1434 1271/53/1432 1270/53/1431
f 1274/53/1387 1272/53/1433 1270/53/1431 1230/53/1388
f 1276/53/1435 1277/53/1436 1273/53/1434 1272/53/1433
f 1424/53/1437 1275/53/1438 1272/53/1433 1274/53/1387
f 1275/53/1438 1276/53/1435 1272/53/1433
f 1280/53/1439 1278/53/1440 1276/53/1435 1275/53/1438
f 1278/53/1440 1279/53/1441 1277/53/1436 1276/53/1435
f 1281/53/1442 1283/53/1443 1279/53/1441 1278/53/1440
f 1282/53/1444 1281/53/1442 1278/53/1440 1280/53/1439
f 1285/53/1445 1284/53/1446 1281/53/1442 1282/53/1444
f 1284/53/1446 1286/53/1447 1283/53/1443 1281/53/1442
f 1253/53/1410 1257/53/1418 1284/53/1446 1285/53/1445
f 1257/53/1418 1287/53/1421 1286/53/1447 1284/53/1446
f 1287/53/1421 1290/53/1448 1288/53/1449 1286/53/1447
f 1286/53/1447 1288/53/1449 1291/53/1450 1283/53/1443
f 1288/53/1449 1289/53/1451 1292/53/1452 1291/53/1450
f 1290/53/1448 1324/53/1453 1289/53/1451 1288/53/1449
f 1283/53/1443 1291/53/1450 1279/53/1441
f 1291/53/1450 1292/53/1452 1294/53/1454 1279/53/1441
f 1292/53/1452 1293/53/1455 1295/53/1456 1294/53/1454
f 1289/53/1451 1326/53/1457 1293/53/1455 1292/53/1452
f 1297/53/1458 1294/53/1454 1295/53/1456 1298/53/1459
f 1279/53/1441 1294/53/1454 1296/53/1460 1277/53/1436
f 1294/53/1454 1297/53/1458 1296/53/1460
f 1296/53/1460 1297/53/1458 1299/53/1461 1301/53/1462
f 1297/53/1458 1298/53/1459 1300/53/1463 1299/53/1461
f 1299/53/1461 1300/53/1463 1303/53/1464 1302/53/1465
f 1301/53/1462 1299/53/1461 1302/53/1465 1304/53/1466
f 1302/53/1465 1303/53/1464 1306/53/1467 1305/53/1468
f 1304/53/1466 1302/53/1465 1305/53/1468 1307/53/1469
f 1305/53/1468 1306/53/1467 1310/53/1470 1308/53/1471
f 1307/53/1469 1305/53/1468 1308/53/1471 1309/53/1472
f 1309/53/1472 1308/53/1471 1311/53/1473 1313/53/1474
f 1308/53/1471 1310/53/1470 1312/53/1475 1311/53/1473
f 1311/53/1473 1312/53/1475 1315/53/1476 1314/53/1477
f 1313/53/1474 1311/53/1473 1314/53/1477
f 1314/53/1477 1315/53/1476 1323/53/1478 1316/53/1479
f 1317/53/1480 1314/53/1477 1316/53/1479 1319/53/1481
f 1318/53/1482 1313/53/1474 1314/53/1477 1317/53/1480
f 1261/53/1424 1318/53/1482 1317/53/1480 1259/53/1419
f 1259/53/1419 1317/53/1480 1319/53/1481 1256/53/1420
f 1319/53/1481 1316/53/1479 1324/53/1453 1290/53/1448
f 1256/53/1420 1319/53/1481 1290/53/1448 1287/53/1421
f 1320/53/1483 1309/53/1472 1313/53/1474 1318/53/1482
f 1264/53/1426 1320/53/1483 1318/53/1482 1261/53/1424
f 1269/53/1429 1321/53/1484 1320/53/1483 1264/53/1426
f 1321/53/1484 1307/53/1469 1309/53/1472 1320/53/1483
f 1322/53/1485 1304/53/1466 1307/53/1469 1321/53/1484
f 1271/53/1432 1322/53/1485 1321/53/1484 1269/53/1429
f 1273/53/1434 1301/53/1462 1304/53/1466 1322/53/1485
f 1322/53/1485 1271/53/1432 1273/53/1434
f 1316/53/1479 1323/53/1478 1325/53/1486 1324/53/1453
f 1324/53/1453 1325/53/1486 1326/53/1457 1289/53/1451
f 1323/53/1478 1329/53/1487 1327/53/1488 1325/53/1486
f 1325/53/1486 1327/53/1488 1330/53/1489 1326/53/1457
f 1329/53/1487 1351/53/1490 1328/53/1491 1327/53/1488
f 1327/53/1488 1328/53/1491 1331/53/1492 1330/53/1489
f 1326/53/1457 1330/53/1489 1332/53/1493 1293/53/1455
f 1330/53/1489 1331/53/1492 1333/53/1494 1332/53/1493
f 1293/53/1455 1332/53/1493 1334/53/1495 1295/53/1456
f 1332/53/1493 1333/53/1494 1335/53/1496 1334/53/1495
f 1334/53/1495 1335/53/1496 1337/53/1497 1336/53/1498
f 1295/53/1456 1334/53/1495 1336/53/1498 1298/53/1459
f 1298/53/1459 1336/53/1498 1338/53/1499 1300/53/1463
f 1336/53/1498 1337/53/1497 1339/53/1500 1338/53/1499
f 1338/53/1499 1339/53/1500 1341/53/1501 1340/53/1502
f 1300/53/1463 1338/53/1499 1340/53/1502 1303/53/1464
f 1340/53/1502 1341/53/1501 1343/53/1503 1342/53/1504
f 1303/53/1464 1340/53/1502 1342/53/1504 1306/53/1467
f 1342/53/1504 1343/53/1503 1345/53/1505 1344/53/1506
f 1306/53/1467 1342/53/1504 1344/53/1506 1310/53/1470
f 1310/53/1470 1344/53/1506 1346/53/1507 1312/53/1475
f 1344/53/1506 1345/53/1505 1347/53/1508 1346/53/1507
f 1346/53/1507 1347/53/1508 1349/53/1509 1348/53/1510
f 1312/53/1475 1346/53/1507 1348/53/1510 1315/53/1476
f 1315/53/1476 1348/53/1510 1329/53/1487 1323/53/1478
f 1348/53/1510 1349/53/1509 1351/53/1490 1329/53/1487
f 1349/53/1509 1350/53/1511 1352/53/1512 1351/53/1490
f 1347/53/1508 1403/53/1513 1350/53/1511 1349/53/1509
f 1351/53/1490 1352/53/1512 1353/53/1514 1328/53/1491
f 1353/53/1514 1352/53/1512 1354/53/1515 1356/53/1516
f 1352/53/1512 1350/53/1511 1355/53/1517 1354/53/1515
f 1355/53/1517 1358/53/1518 1357/53/1519 1354/53/1515
f 1354/53/1515 1357/53/1519 1359/53/1520 1356/53/1516
f 1358/53/1518 1361/53/1521 1360/53/1522 1357/53/1519
f 1357/53/1519 1360/53/1522 1362/53/1523 1359/53/1520
f 1361/53/1521 1364/53/1524 1363/53/1525 1360/53/1522
f 1360/53/1522 1363/53/1525 1365/53/1526 1362/53/1523
f 1364/53/1524 1366/53/1527 1363/53/1525
f 1363/53/1525 1366/53/1527 1365/53/1526
f 1374/53/1528 1366/53/1527 1367/53/1529
f 1367/53/1529 1366/53/1527 1372/53/1530
f 1375/53/1531 1366/53/1527 1368/53/1532
f 1368/53/1532 1366/53/1527 1369/53/1533
f 1369/53/1533 1366/53/1527 1374/53/1528
f 1373/53/1534 1366/53/1527 1370/53/1535
f 1370/53/1535 1366/53/1527 1371/53/1536
f 1371/53/1536 1366/53/1527 1375/53/1531
f 1372/53/1530 1366/53/1527 1364/53/1524
f 1365/53/1526 1366/53/1527 1373/53/1534
f 1376/53/1537 1375/53/1531 1368/53/1532 1377/53/1538
f 1378/53/1539 1371/53/1536 1375/53/1531 1376/53/1537
f 1379/53/1540 1376/53/1537 1377/53/1538 1380/53/1541
f 1381/53/1542 1378/53/1539 1376/53/1537 1379/53/1540
f 1382/53/1543 1379/53/1540 1380/53/1541 1383/53/1544
f 1384/53/1545 1381/53/1542 1379/53/1540 1382/53/1543
f 1387/53/1546 1385/53/1547 1382/53/1543 1383/53/1544
f 1385/53/1547 1386/53/1548 1384/53/1545 1382/53/1543
f 1335/53/1496 1386/53/1548 1385/53/1547 1337/53/1497
f 1337/53/1497 1385/53/1547 1387/53/1546 1339/53/1500
f 1339/53/1500 1387/53/1546 1388/53/1549 1341/53/1501
f 1388/53/1549 1387/53/1546 1383/53/1544 1390/53/1550
f 1341/53/1501 1388/53/1549 1389/53/1551 1343/53/1503
f 1389/53/1551 1388/53/1549 1390/53/1550 1391/53/1552
f 1390/53/1550 1392/53/1553 1393/53/1554 1391/53/1552
f 1383/53/1544 1380/53/1541 1392/53/1553 1390/53/1550
f 1392/53/1553 1394/53/1555 1395/53/1556 1393/53/1554
f 1380/53/1541 1377/53/1538 1394/53/1555 1392/53/1553
f 1394/53/1555 1369/53/1533 1374/53/1528 1395/53/1556
f 1377/53/1538 1368/53/1532 1369/53/1533 1394/53/1555
f 1395/53/1556 1374/53/1528 1367/53/1529 1396/53/1557
f 1393/53/1554 1395/53/1556 1396/53/1557 1398/53/1558
f 1396/53/1557 1367/53/1529 1372/53/1530 1397/53/1559
f 1398/53/1558 1396/53/1557 1397/53/1559 1399/53/1560
f 1391/53/1552 1393/53/1554 1398/53/1558 1400/53/1561
f 1400/53/1561 1398/53/1558 1399/53/1560 1401/53/1562
f 1402/53/1563 1389/53/1551 1391/53/1552 1400/53/1561
f 1403/53/1513 1402/53/1563 1400/53/1561 1401/53/1562
f 1343/53/1503 1389/53/1551 1402/53/1563 1345/53/1505
f 1345/53/1505 1402/53/1563 1403/53/1513 1347/53/1508
f 1350/53/1511 1403/53/1513 1401/53/1562 1355/53/1517
f 1401/53/1562 1399/53/1560 1358/53/1518 1355/53/1517
f 1399/53/1560 1397/53/1559 1361/53/1521 1358/53/1518
f 1397/53/1559 1372/53/1530 1364/53/1524 1361/53/1521
f 1333/53/1494 1404/53/1564 1386/53/1548 1335/53/1496
f 1386/53/1548 1404/53/1564 1406/53/1565 1384/53/1545
f 1331/53/1492 1405/53/1566 1404/53/1564 1333/53/1494
f 1404/53/1564 1405/53/1566 1407/53/1567 1406/53/1565
f 1406/53/1565 1408/53/1568 1381/53/1542 1384/53/1545
f 1407/53/1567 1409/53/1569 1408/53/1568 1406/53/1565
f 1408/53/1568 1410/53/1570 1378/53/1539 1381/53/1542
f 1409/53/1569 1411/53/1571 1410/53/1570 1408/53/1568
f 1410/53/1570 1370/53/1535 1371/53/1536 1378/53/1539
f 1411/53/1571 1373/53/1534 1370/53/1535 1410/53/1570
f 1362/53/1523 1365/53/1526 1373/53/1534 1411/53/1571
f 1359/53/1520 1362/53/1523 1411/53/1571 1409/53/1569
f 1356/53/1516 1359/53/1520 1409/53/1569 1407/53/1567
f 1405/53/1566 1353/53/1514 1356/53/1516 1407/53/1567
f 1328/53/1491 1353/53/1514 1405/53/1566 1331/53/1492
f 1277/53/1436 1296/53/1460 1301/53/1462 1273/53/1434
f 1250/53/1411 1253/53/1410 1285/53/1445 1412/53/1572
f 1412/53/1572 1285/53/1445 1282/53/1444 1413/53/1573
f 1412/53/1574 1414/53/1575 1415/53/1407 1250/53/1412
f 1413/53/1576 1416/53/1577 1414/53/1575 1412/53/1574
f 1415/53/1407 1414/53/1575 1417/53/1578 1248/53/1408
f 1417/53/1578 1414/53/1575 1416/53/1577 1418/53/1579
f 1214/53/1370 1248/53/1408 1417/53/1578 1211/53/1368
f 1211/53/1368 1417/53/1578 1418/53/1579 1209/53/1366
f 1209/53/1366 1418/53/1579 1419/53/1580 1207/53/1364
f 1418/53/1579 1416/53/1577 1423/53/1581 1419/53/1580
f 1422/53/1582 1420/53/1583 1419/53/1580
f 1419/53/1580 1420/53/1583 1424/53/1437 1421/53/1584
f 1207/53/1364 1419/53/1580 1421/53/1584 1204/53/1362
f 1423/53/1581 1422/53/1585 1419/53/1580
f 1416/53/1577 1413/53/1576 1422/53/1585 1423/53/1581
f 1280/53/1439 1420/53/1583 1422/53/1582
f 1413/53/1573 1282/53/1444 1280/53/1439 1422/53/1582
f 1204/53/1362 1421/53/1584 1231/53/1386 1228/53/1363
f 1421/53/1584 1424/53/1437 1274/53/1387 1231/53/1386
f 1420/53/1583 1280/53/1439 1275/53/1438 1424/53/1437
f 1189/53/1349 1217/53/1371 1426/53/1586 1186/53/1346
f 1426/53/1586 1217/53/1371 1213/53/1335 1178/53/1334
f 1153/53/1299 1185/53/1342 1427/53/1345 1151/53/1300
f 844/53/978 840/53/977 1151/53/1300 1427/53/1345
f 853/53/987 1176/53/1324 1171/53/1323 856/53/992
f 892/53/1035 832/53/968 829/53/967 1428/53/1025
f 881/53/1015 1428/53/1025 829/53/967 878/53/966
f 824/53/956 1429/53/1587 873/53/1010 876/53/961
f 1429/53/1587 1431/53/1588 871/53/1007 873/53/1010
f 821/53/955 1430/53/1589 1429/53/1587 824/53/956
f 1430/53/1589 1432/53/1590 1431/53/1588 1429/53/1587
f 1431/53/1588 1433/53/1591 868/53/1004 871/53/1007
f 1432/53/1590 1433/53/1591 1431/53/1588
f 1433/53/1591 1435/53/1592 865/53/1001 868/53/1004
f 1466/53/1593 1434/53/1594 1433/53/1591 1432/53/1590
f 1434/53/1594 1436/53/1595 1435/53/1592 1433/53/1591
f 1437/53/1596 862/53/998 865/53/1001 1435/53/1592
f 1438/53/1597 1437/53/1596 1435/53/1592 1436/53/1595
f 1440/53/1598 859/53/994 862/53/998 1437/53/1596
f 1457/53/1599 1439/53/1600 1437/53/1596 1438/53/1597
f 1439/53/1600 1440/53/1598 1437/53/1596
f 1441/53/1601 855/53/991 859/53/994 1440/53/1598
f 1442/53/1602 1441/53/1601 1440/53/1598 1439/53/1600
f 1444/53/1603 1443/53/1604 1441/53/1601 1442/53/1602
f 1443/53/1604 852/53/989 855/53/991 1441/53/1601
f 1446/53/1605 1445/53/1606 1443/53/1604 1444/53/1603
f 1445/53/1606 850/53/986 852/53/989 1443/53/1604
f 1447/53/1607 847/53/982 850/53/986 1445/53/1606
f 1448/53/1608 1447/53/1607 1445/53/1606 1446/53/1605
f 1447/53/1607 1449/53/1609 843/53/980 847/53/982
f 1449/53/1609 1447/53/1607 1448/53/1608
f 1450/53/1610 841/53/976 843/53/980 1449/53/1609
f 1453/53/1611 1450/53/1610 1449/53/1609 1451/53/1612
f 1451/53/1612 1449/53/1609 1448/53/1608 1454/53/1613
f 1452/53/644 1451/53/1612 1454/53/1613 538/53/639
f 1455/53/1614 1453/53/1611 1451/53/1612 1452/53/644
f 1454/53/1613 1448/53/1608 1446/53/1605 535/53/637
f 538/53/639 1454/53/1613 535/53/637
f 813/53/945 1456/53/949 1450/53/1610 1453/53/1611
f 809/53/943 813/53/945 1453/53/1611 1455/53/1614
f 807/53/656 809/53/943 1455/53/1614 548/53/653
f 548/53/653 1455/53/1614 1452/53/644 537/53/643
f 1456/53/949 837/53/974 841/53/976 1450/53/1610
f 1456/53/949 812/53/948 835/53/969 837/53/974
f 535/53/637 1446/53/1605 1444/53/1603 533/53/635
f 533/53/635 1444/53/1603 1442/53/1602 531/53/632
f 531/53/632 1442/53/1602 1439/53/1600 1457/53/1599
f 1458/53/633 1457/53/1599 1438/53/1597 1459/53/1615
f 531/53/632 1457/53/1599 1458/53/633
f 530/53/631 1458/53/633 1459/53/1615 1460/53/1616
f 1459/53/1615 1438/53/1597 1436/53/1595 1461/53/1617
f 1460/53/1616 1459/53/1615 1461/53/1617 1462/53/1618
f 1463/53/1619 1461/53/1617 1436/53/1595 1434/53/1594
f 1464/53/1620 1462/53/1618 1461/53/1617 1463/53/1619
f 1465/53/1621 1463/53/1619 1434/53/1594 1466/53/1593
f 1467/53/1622 1464/53/1620 1463/53/1619 1465/53/1621
f 1468/53/1623 1465/53/1621 1466/53/1593
f 1469/53/1624 1467/53/1622 1465/53/1621 1468/53/1623
f 1468/53/1623 1466/53/1593 1432/53/1590 1430/53/1589
f 819/53/954 1468/53/1623 1430/53/1589 821/53/955
f 1469/53/1624 1468/53/1623 819/53/954 1471/53/953
f 1470/53/1625 1472/53/1626 1467/53/1622 1469/53/1624
f 590/53/705 587/53/701 1470/53/1625 1469/53/1624
f 593/53/709 590/53/705 1469/53/1624 1471/53/953
f 597/53/713 593/53/709 1471/53/953 798/53/927
f 1474/53/1627 1472/53/1626 1470/53/1625 1473/53/1628
f 1473/53/1628 1470/53/1625 587/53/701 584/53/697
f 1476/53/1629 1474/53/1627 1473/53/1628 1475/53/1630
f 1475/53/1630 1473/53/1628 584/53/697 581/53/693
f 1477/53/1631 1479/53/1632 1476/53/1629 1475/53/1630
f 578/53/689 1477/53/1631 1475/53/1630 581/53/693
f 575/53/685 1478/53/1633 1477/53/1631 578/53/689
f 1478/53/1633 1480/53/1634 1479/53/1632 1477/53/1631
f 1479/53/1632 1480/53/1634 187/53/215 1481/53/193
f 1481/53/193 172/53/184 1482/53/1635 1479/53/1632
f 1479/53/1632 1482/53/1635 1483/53/1636 1476/53/1629
f 172/53/184 283/53/183 1484/53/361 1482/53/1635
f 1482/53/1635 1484/53/361 1485/53/1637 1483/53/1636
f 284/53/360 1486/53/367 1485/53/1637 1484/53/361
f 1485/53/1637 1486/53/367 1488/53/1638 1487/53/1639
f 1485/53/1637 1487/53/1639 1490/53/1640 1483/53/1636
f 1487/53/1639 1488/53/1638 1492/53/1641 1489/53/1642
f 1487/53/1639 1489/53/1642 1491/53/1643 1490/53/1640
f 1483/53/1636 1490/53/1640 1474/53/1627 1476/53/1629
f 1490/53/1640 1491/53/1643 1472/53/1626 1474/53/1627
f 1472/53/1626 1491/53/1643 1464/53/1620 1467/53/1622
f 1491/53/1643 1489/53/1642 1462/53/1618 1464/53/1620
f 1492/53/1641 1460/53/1616 1462/53/1618 1489/53/1642
f 1488/53/1638 526/53/628 528/53/629 1492/53/1641
f 528/53/629 530/53/631 1460/53/1616 1492/53/1641
f 1486/53/367 288/53/366 526/53/628 1488/53/1638
f 1478/53/1633 1495/53/1644 1493/53/1645 1480/53/1634
f 1480/53/1634 1493/53/1645 1494/53/216 187/53/215
f 201/53/233 1494/53/216 1493/53/1645 558/53/667
f 558/53/667 1493/53/1645 1495/53/1644 562/53/668
f 562/53/668 1495/53/1644 572/53/681 564/53/671
f 1495/53/1644 1478/53/1633 575/53/685 572/53/681
f 812/53/948 815/53/947 827/53/962 835/53/969
f 1498/53/1646 553/53/1647 1496/53/1648 1507/53/1649
f 1496/53/1648 553/53/1647 1497/53/298 236/53/297
f 1497/53/1650 1499/53/1651 553/53/1652
f 1497/53/1653 553/53/1647 1498/53/1646 1508/53/304
f 1501/53/1654 553/53/1652 1499/53/1651
f 1502/53/1655 1503/53/1656 1500/53/1657 553/53/1658
f 1500/53/1657 214/53/254 1501/53/253 553/53/1658
f 1501/53/1659 1504/53/1660 1502/53/1655 553/53/1658
f 1504/53/1660 1506/53/255 1503/53/1656 1502/53/1655
f 215/53/266 1505/53/265 1504/53/1660 1501/53/1659
f 1505/53/265 211/53/246 1506/53/255 1504/53/1660
f 1500/53/1657 1503/53/1656 1506/53/255 214/53/254
f 218/53/248 209/53/247 211/53/246 1505/53/265
f 215/53/257 1501/53/1654 1499/53/1651 220/53/258
f 231/53/279 220/53/258 1499/53/1651 1497/53/1650
f 1508/53/304 1498/53/1646 1507/53/1649 240/53/300
f 231/53/285 1497/53/1653 1508/53/304 241/53/286
f 1496/53/1648 236/53/297 240/53/300 1507/53/1649
f 544/53/649 539/53/640 1511/53/1661 551/53/659
f 1511/53/1661 1512/53/1662 1509/53/1663 551/53/659
f 551/53/659 1509/53/1663 250/53/317 1510/53/291
f 308/53/390 1511/53/1661 539/53/640 310/53/395
f 304/53/385 1512/53/1662 1511/53/1661 308/53/390
f 1509/53/1663 1512/53/1662 1513/53/1664 1514/53/1665
f 1512/53/1662 304/53/385 301/53/381 1513/53/1664
f 290/53/364 287/53/363 1514/53/1665 1513/53/1664
f 1513/53/1664 301/53/381 293/53/369 290/53/364
f 287/53/363 265/53/335 1515/53/318 1514/53/1665
f 250/53/317 1509/53/1663 1514/53/1665 1515/53/318
f 546/53/654 548/53/653 537/53/643 541/53/642
f 251/53/307 1516/53/320 270/53/311 244/53/306
f 1519/53/219 207/53/208 181/53/203 188/53/202
f 1520/53/1666 1523/53/1667 1525/53/1668 1521/53/1669
f 1520/53/1666 1521/53/1669 1653/53/1670 1522/53/1671
f 1522/53/1671 1526/53/1672 1523/53/1667 1520/53/1666
f 1523/53/1667 1524/53/1673 1561/53/1674 1525/53/1668
f 1526/53/1672 1527/53/1675 1524/53/1673 1523/53/1667
f 1529/53/1676 1528/53/1677 1526/53/1672 1522/53/1671
f 1528/53/1677 1530/53/1678 1527/53/1675 1526/53/1672
f 1529/53/1676 1532/53/1679 1531/53/1680 1528/53/1677
f 1528/53/1677 1531/53/1680 1533/53/1681 1530/53/1678
f 1532/53/1679 1536/53/1682 1534/53/1683 1531/53/1680
f 1531/53/1680 1534/53/1683 1535/53/1684 1533/53/1681
f 1534/53/1683 1537/53/1685 1538/53/1686 1535/53/1684
f 1536/53/1682 1539/53/1687 1537/53/1685 1534/53/1683
f 1537/53/1685 1540/53/1688 1542/53/1689 1538/53/1686
f 1539/53/1687 1541/53/1690 1540/53/1688 1537/53/1685
f 1541/53/1690 1544/53/1691 1543/53/1692 1540/53/1688
f 1540/53/1688 1543/53/1692 1545/53/1693 1542/53/1689
f 1544/53/1691 1547/53/1694 1546/53/1695 1543/53/1692
f 1543/53/1692 1546/53/1695 1548/53/1696 1545/53/1693
f 1551/53/1697 1549/53/1698 1546/53/1695 1547/53/1694
f 1550/53/1699 1548/53/1696 1546/53/1695 1549/53/1698
f 1549/53/1698 1552/53/1700 1554/53/1701 1550/53/1699
f 1553/53/1702 1552/53/1700 1549/53/1698 1551/53/1697
f 1556/53/1703 1555/53/1704 1552/53/1700 1553/53/1702
f 1555/53/1704 1557/53/1705 1554/53/1701 1552/53/1700
f 1559/53/1706 1558/53/1707 1555/53/1704 1556/53/1703
f 1558/53/1707 1560/53/1708 1557/53/1705 1555/53/1704
f 1521/53/1669 1525/53/1668 1558/53/1707 1559/53/1706
f 1525/53/1668 1561/53/1674 1560/53/1708 1558/53/1707
f 1561/53/1674 1565/53/1709 1562/53/1710 1560/53/1708
f 1560/53/1708 1562/53/1710 1564/53/1711 1557/53/1705
f 1562/53/1712 1566/53/1713 1568/53/1714 1563/53/1715
f 1562/53/1710 1563/53/1716 1650/53/1717 1564/53/1711
f 1565/53/1718 1567/53/1719 1566/53/1713 1562/53/1712
f 1567/53/1719 1571/53/1720 1569/53/1721 1566/53/1713
f 1566/53/1713 1569/53/1721 1572/53/1722 1568/53/1714
f 1571/53/1723 1598/53/1724 1570/53/1725 1569/53/1726
f 1569/53/1726 1570/53/1725 1573/53/1727 1572/53/1727
f 1574/53/1728 1572/53/1727 1573/53/1727 1575/53/1729
f 1577/53/1730 1568/53/1714 1572/53/1722 1574/53/1731
f 1576/53/1732 1574/53/1728 1575/53/1729 1611/53/1733
f 1579/53/1734 1577/53/1730 1574/53/1731 1576/53/1735
f 1578/53/1736 1563/53/1715 1568/53/1714 1577/53/1730
f 1580/53/1737 1578/53/1736 1577/53/1730 1579/53/1734
f 1582/53/1738 1580/53/1737 1579/53/1734 1581/53/1739
f 1581/53/1739 1579/53/1734 1576/53/1735 1583/53/1740
f 1585/53/1741 1582/53/1738 1581/53/1739 1584/53/1742
f 1584/53/1742 1581/53/1739 1583/53/1740 1586/53/1743
f 1588/53/1744 1585/53/1741 1584/53/1742 1587/53/1745
f 1587/53/1745 1584/53/1742 1586/53/1743 1589/53/1746
f 1588/53/1744 1587/53/1745 1590/53/1747 1591/53/1748
f 1587/53/1745 1589/53/1746 1592/53/1749 1590/53/1747
f 1591/53/1748 1590/53/1747 1593/53/1750 1594/53/1751
f 1590/53/1747 1592/53/1749 1595/53/1752 1593/53/1750
f 1594/53/1751 1593/53/1750 1567/53/1719 1565/53/1718
f 1593/53/1750 1595/53/1752 1571/53/1720 1567/53/1719
f 1595/53/1753 1596/53/1754 1598/53/1724 1571/53/1723
f 1592/53/1755 1597/53/1756 1596/53/1754 1595/53/1753
f 1597/53/1757 1601/53/1758 1599/53/1759 1596/53/1760
f 1596/53/1760 1599/53/1759 1602/53/1761 1598/53/1762
f 1599/53/1759 1600/53/1763 1603/53/1764 1602/53/1761
f 1601/53/1758 1621/53/1765 1600/53/1763 1599/53/1759
f 1598/53/1762 1602/53/1761 1604/53/1766 1570/53/1767
f 1602/53/1761 1603/53/1764 1605/53/1768 1604/53/1766
f 1570/53/1767 1604/53/1766 1606/53/1769 1573/53/1770
f 1604/53/1766 1605/53/1768 1607/53/1771 1606/53/1769
f 1608/53/1772 1606/53/1769 1607/53/1771 1609/53/1773
f 1575/53/1774 1573/53/1770 1606/53/1769 1608/53/1772
f 1611/53/1775 1575/53/1774 1608/53/1772 1610/53/1776
f 1610/53/1776 1608/53/1772 1609/53/1773 1612/53/1777
f 1616/53/1778 1611/53/1775 1610/53/1776 1613/53/1779
f 1613/53/1779 1610/53/1776 1612/53/1777 1614/53/1780
f 1615/53/1781 1613/53/1779 1614/53/1780 1623/53/1782
f 1617/53/1783 1616/53/1778 1613/53/1779 1615/53/1781
f 1583/53/1784 1576/53/1732 1611/53/1733 1616/53/1785
f 1586/53/1786 1583/53/1784 1616/53/1785 1617/53/1787
f 1589/53/1788 1586/53/1786 1617/53/1787 1618/53/1788
f 1618/53/1789 1617/53/1783 1615/53/1781 1619/53/1790
f 1589/53/1788 1618/53/1788 1597/53/1756 1592/53/1755
f 1618/53/1789 1619/53/1790 1601/53/1758 1597/53/1757
f 1619/53/1790 1615/53/1781 1623/53/1782 1620/53/1791
f 1619/53/1790 1620/53/1791 1621/53/1765 1601/53/1758
f 1640/53/1792 1621/53/1765 1620/53/1791 1622/53/1793
f 1624/53/1794 1622/53/1793 1620/53/1791 1623/53/1782
f 1626/53/1795 1624/53/1794 1623/53/1782 1614/53/1780
f 1624/53/1796 1626/53/1797 1627/53/1798 1625/53/1799
f 1622/53/1800 1624/53/1796 1625/53/1799 1642/53/1800
f 1626/53/1797 1628/53/1801 1629/53/1802 1627/53/1798
f 1628/53/1803 1626/53/1795 1614/53/1780 1612/53/1777
f 1628/53/1801 1630/53/1804 1631/53/1805 1629/53/1802
f 1630/53/1806 1628/53/1803 1612/53/1777 1609/53/1773
f 1630/53/1804 1632/53/1807 1633/53/1807 1631/53/1805
f 1632/53/1808 1630/53/1806 1609/53/1773 1607/53/1771
f 1634/53/1809 1635/53/1810 1633/53/1807 1632/53/1807
f 1632/53/1808 1607/53/1771 1605/53/1768 1634/53/1811
f 1636/53/1812 1637/53/1813 1635/53/1810 1634/53/1809
f 1634/53/1811 1605/53/1768 1603/53/1764 1636/53/1814
f 1638/53/1815 1639/53/1816 1637/53/1813 1636/53/1812
f 1636/53/1814 1603/53/1764 1600/53/1763 1638/53/1817
f 1640/53/1818 1641/53/1819 1639/53/1816 1638/53/1815
f 1638/53/1817 1600/53/1763 1621/53/1765 1640/53/1792
f 1622/53/1800 1642/53/1800 1641/53/1819 1640/53/1818
f 1594/53/1820 1565/53/1821 1527/53/1675 1643/53/1822
f 1643/53/1822 1644/53/1823 1591/53/1824 1594/53/1820
f 1645/53/1825 1646/53/1826 1644/53/1823 1643/53/1822
f 1530/53/1678 1645/53/1825 1643/53/1822 1527/53/1675
f 1530/53/1678 1533/53/1681 1647/53/1827 1645/53/1825
f 1645/53/1825 1647/53/1827 1648/53/1828 1646/53/1826
f 1647/53/1827 1582/53/1829 1585/53/1830 1648/53/1828
f 1582/53/1829 1647/53/1827 1533/53/1681 1580/53/1831
f 1648/53/1828 1585/53/1830 1588/53/1832 1646/53/1826
f 1644/53/1823 1646/53/1826 1588/53/1832 1591/53/1824
f 1535/53/1684 1538/53/1686 1580/53/1833 1533/53/1681
f 1538/53/1686 1542/53/1689 1578/53/1834 1580/53/1833
f 1542/53/1689 1545/53/1693 1649/53/1835 1578/53/1834
f 1578/53/1834 1649/53/1835 1650/53/1717 1563/53/1716
f 1649/53/1835 1548/53/1696 1550/53/1699 1650/53/1717
f 1545/53/1693 1548/53/1696 1649/53/1835
f 1564/53/1711 1650/53/1717 1550/53/1699 1554/53/1701
f 1524/53/1673 1527/53/1675 1565/53/1709 1561/53/1674
f 1557/53/1705 1564/53/1711 1554/53/1701
f 1521/53/1669 1559/53/1706 1651/53/1836 1653/53/1670
f 1653/53/1670 1651/53/1836 1652/53/1837 1654/53/1838
f 1522/53/1671 1653/53/1670 1654/53/1838 1529/53/1676
f 1655/53/1839 1654/53/1838 1652/53/1837 1656/53/1840
f 1532/53/1679 1529/53/1676 1654/53/1838 1655/53/1839
f 1539/53/1687 1655/53/1839 1656/53/1840 1541/53/1690
f 1536/53/1682 1532/53/1679 1655/53/1839 1539/53/1687
f 1657/53/1841 1659/53/1842 1685/53/1843 1658/53/1844
f 1657/53/1841 1658/53/1844 1699/53/1845 1660/53/1846
f 1657/53/1841 1661/53/1847 1663/53/1848 1659/53/1842
f 1657/53/1841 1660/53/1846 1664/53/1849 1661/53/1847
f 1661/53/1847 1662/53/1850 1675/53/1851 1663/53/1848
f 1661/53/1847 1664/53/1849 1665/53/1852 1662/53/1850
f 1660/53/1846 1667/53/1853 1666/53/1854 1664/53/1849
f 1664/53/1849 1666/53/1854 1668/53/1855 1665/53/1852
f 1667/53/1853 1670/53/1856 1669/53/1857 1666/53/1854
f 1666/53/1854 1669/53/1857 1668/53/1855
f 1671/53/1858 1669/53/1857 1670/53/1856 1673/53/1859
f 1674/53/1860 1668/53/1855 1669/53/1857 1671/53/1858
f 1671/53/1858 1672/53/1861 1676/53/1862 1674/53/1860
f 1673/53/1859 1683/53/1863 1672/53/1861 1671/53/1858
f 1665/53/1852 1668/53/1855 1674/53/1860
f 1662/53/1850 1665/53/1852 1674/53/1860 1675/53/1851
f 1675/53/1851 1674/53/1860 1676/53/1862 1678/53/1864
f 1678/53/1864 1676/53/1862 1677/53/1865 1679/53/1866
f 1672/53/1861 1702/53/1867 1677/53/1865 1676/53/1862
f 1680/53/1868 1678/53/1864 1679/53/1866 1681/53/1869
f 1663/53/1848 1675/53/1851 1678/53/1864 1680/53/1868
f 1659/53/1842 1663/53/1848 1680/53/1868 1682/53/1870
f 1702/53/1867 1672/53/1861 1680/53/1868 1681/53/1869
f 1683/53/1863 1682/53/1870 1680/53/1868 1672/53/1861
f 1659/53/1842 1682/53/1870 1684/53/1871 1685/53/1843
f 1683/53/1863 1687/53/1872 1684/53/1871 1682/53/1870
f 1685/53/1843 1684/53/1871 1688/53/1873 1690/53/1874
f 1701/53/1875 1686/53/1876 1684/53/1871 1687/53/1872
f 1684/53/1871 1686/53/1876 1689/53/1877 1688/53/1873
f 1688/53/1873 1689/53/1877 1692/53/1878 1691/53/1879
f 1690/53/1874 1688/53/1873 1691/53/1879 1693/53/1880
f 1687/53/1872 1691/53/1879 1692/53/1878 1701/53/1875
f 1695/53/1881 1693/53/1880 1691/53/1879 1687/53/1872
f 1694/53/1882 1693/53/1880 1696/53/1883
f 1700/53/1884 1690/53/1874 1693/53/1880 1694/53/1882
f 1693/53/1880 1695/53/1881 1698/53/1885 1696/53/1883
f 1699/53/1845 1694/53/1882 1696/53/1883 1697/53/1886
f 1697/53/1886 1696/53/1883 1698/53/1885
f 1667/53/1853 1697/53/1886 1698/53/1885 1670/53/1856
f 1695/53/1881 1673/53/1859 1670/53/1856 1698/53/1885
f 1660/53/1846 1699/53/1845 1697/53/1886 1667/53/1853
f 1658/53/1844 1700/53/1884 1694/53/1882 1699/53/1845
f 1673/53/1859 1695/53/1881 1687/53/1872 1683/53/1863
f 1658/53/1844 1685/53/1843 1690/53/1874 1700/53/1884
f 1689/53/1877 1686/53/1876 1701/53/1875 1692/53/1878
f 1679/53/1866 1677/53/1865 1702/53/1867 1681/53/1869
f 1703/54/1887 1704/55/1887 1713/55/1887 1707/54/1887
f 1703/54/1887 1705/56/1887 1718/57/1887 1704/55/1887
f 1708/58/1888 1703/59/1889 1705/60/1890 1710/61/1891
f 1706/58/1892 1719/61/1893 1705/60/1890 1703/59/1889
f 1706/58/1892 1703/59/1889 1707/59/1894 1715/58/1895
f 1708/58/1888 1711/58/1896 1707/59/1894 1703/59/1889
f 1709/62/1897 1712/62/1898 1711/58/1896 1708/58/1888
f 1709/62/1897 1708/58/1888 1710/61/1891 1720/63/1899
f 1713/64/1900 1707/65/1894 1711/58/1896 1712/62/1898
f 1704/55/1901 1713/55/1900 1712/62/1898 1709/62/1897
f 1713/64/1900 1714/62/1902 1715/58/1895 1707/65/1894
f 1704/55/1901 1716/62/1903 1714/62/1902 1713/55/1900
f 1716/62/1903 1706/58/1892 1715/58/1895 1714/62/1902
f 1704/55/1901 1718/57/1904 1717/63/1905 1716/62/1903
f 1716/62/1903 1717/63/1905 1719/61/1893 1706/58/1892
f 1717/63/1905 1718/66/1904 1705/67/1890 1719/61/1893
f 1720/63/1899 1710/61/1891 1705/67/1890 1718/66/1904
f 1704/55/1901 1709/62/1897 1720/63/1899 1718/57/1904
f 1721/53/1846 1724/53/1846 1725/53/1906 1722/53/1906
f 1723/53/1907 1726/53/1907 1724/53/1846 1721/53/1846
f 1729/53/1908 1727/53/1908 1726/53/1907 1723/53/1907
f 1730/53/1909 1728/53/1909 1727/53/1908 1729/53/1908
f 1731/53/1910 1732/53/1910 1728/53/1909 1730/53/1909
f 1722/53/1906 1725/53/1906 1732/53/1910 1731/53/1910
f 1734/66/1887 1736/66/1911 1735/67/1911 1733/67/1887
f 1738/63/1912 1737/61/1912 1735/67/1911 1736/66/1911
f 1739/61/1913 1737/61/1912 1738/63/1912 1740/63/1913
f 1744/68/1914 1745/69/1915 1742/70/1916 1741/71/1917
f 1743/68/1918 1741/71/1917 1742/70/1916 1760/69/1919
f 1746/72/1920 1747/73/1921 1745/69/1915 1744/68/1914
f 1747/73/1921 1748/74/1922 1750/75/1923 1745/69/1915
f 1748/74/1922 1749/76/1924 1752/77/1925 1750/75/1923
f 1745/69/1915 1750/75/1923 1751/78/1926 1742/70/1916
f 1750/75/1923 1752/77/1925 1753/79/1927 1751/78/1926
f 1755/75/1928 1751/78/1926 1753/79/1927 1754/77/1929
f 1757/74/1930 1755/75/1928 1754/77/1929 1756/76/1931
f 1758/73/1932 1760/69/1919 1755/75/1928 1757/74/1930
f 1759/72/1933 1743/68/1918 1760/69/1919 1758/73/1932
f 1760/69/1919 1742/70/1916 1751/78/1926 1755/75/1928
f 1761/54/1934 1764/80/1935 1767/81/1936 1762/82/1937
f 1762/83/1937 1817/84/1938 1763/85/1939 1761/65/1934
f 1763/86/1939 1765/87/1940 1764/88/1935 1761/59/1934
f 1765/87/1940 1842/89/1941 1766/90/1942 1764/88/1935
f 1764/80/1935 1766/91/1942 1769/92/1936 1767/81/1936
f 1762/82/1937 1767/81/1936 1768/93/1936 1818/94/1937
f 1767/81/1936 1769/92/1936 1770/95/1936 1768/93/1936
f 1766/91/1942 1772/56/1936 1771/96/1936 1769/92/1936
f 1769/92/1936 1771/96/1936 1773/97/1936 1770/95/1936
f 1771/96/1936 1772/56/1936 1775/56/1943 1774/98/1943
f 1773/97/1936 1771/96/1936 1774/98/1943 1776/99/1943
f 1777/100/1944 1774/78/1943 1775/67/1943 1778/101/1944
f 1779/102/1944 1776/103/1943 1774/78/1943 1777/100/1944
f 1777/100/1936 1778/101/1936 1781/101/1936 1780/100/1936
f 1779/102/1936 1777/100/1936 1780/100/1936 1782/102/1936
f 1784/104/1945 1779/102/1936 1782/102/1936 1783/104/1946
f 1786/105/1947 1784/106/1945 1783/106/1946 1785/105/1948
f 1789/107/1949 1786/108/1947 1785/108/1948 1787/107/1949
f 1790/109/1949 1789/107/1949 1787/107/1949 1788/109/1949
f 1792/63/1950 1786/108/1947 1789/107/1944 1791/110/1951
f 1791/110/1951 1789/107/1944 1790/109/1944 1793/111/1951
f 1794/110/1949 1795/63/1952 1792/63/1950 1791/110/1951
f 1796/112/1949 1794/110/1949 1791/110/1951 1793/111/1951
f 1798/113/1948 1795/63/1952 1794/110/1949 1797/114/1949
f 1797/114/1949 1794/110/1949 1796/112/1949 1799/115/1949
f 1801/116/1948 1798/113/1948 1797/114/1949 1800/117/1949
f 1800/117/1949 1797/114/1949 1799/115/1949 1802/118/1949
f 1804/62/1953 1801/116/1948 1800/117/1949 1803/119/1938
f 1803/119/1938 1800/117/1949 1802/118/1949 1805/120/1938
f 1807/121/1954 1804/62/1953 1803/119/1938 1806/122/1937
f 1806/122/1937 1803/119/1938 1805/120/1938 1808/123/1937
f 1809/124/1937 1810/125/1955 1807/121/1954 1806/126/1937
f 1811/127/1937 1809/124/1937 1806/126/1937 1808/128/1937
f 1810/125/1955 1809/124/1937 1812/129/1938 1813/130/1956
f 1809/124/1937 1811/127/1937 1814/131/1938 1812/129/1938
f 1812/129/1938 1815/132/1938 1816/133/1953 1813/130/1956
f 1814/131/1938 1817/134/1938 1815/132/1938 1812/129/1938
f 1819/64/1954 1816/133/1953 1815/135/1938 1818/136/1937
f 1818/136/1937 1815/135/1938 1817/84/1938 1762/83/1937
f 1818/94/1937 1768/93/1936 1820/137/1946 1819/55/1954
f 1819/55/1954 1820/137/1946 1813/130/1956 1816/138/1953
f 1768/93/1936 1770/95/1936 1821/139/1946 1820/137/1946
f 1820/137/1946 1821/139/1946 1823/140/1957 1813/130/1956
f 1821/139/1946 1822/57/1958 1824/106/1959 1823/140/1957
f 1770/95/1936 1773/97/1936 1822/57/1958 1821/139/1946
f 1813/130/1956 1823/140/1957 1825/141/1957 1810/125/1955
f 1823/140/1957 1824/106/1959 1826/105/1959 1825/141/1957
f 1810/125/1955 1825/141/1957 1798/113/1948 1801/116/1948
f 1825/141/1957 1826/105/1959 1795/63/1952 1798/113/1948
f 1795/63/1952 1826/105/1959 1786/105/1947 1792/63/1950
f 1826/105/1959 1824/106/1959 1784/106/1945 1786/105/1947
f 1824/106/1959 1822/57/1958 1827/57/1960 1784/106/1945
f 1822/57/1958 1773/97/1936 1776/99/1943 1827/57/1960
f 1784/104/1945 1827/66/1960 1776/103/1943 1779/102/1944
f 1765/87/1940 1763/86/1939 1817/134/1938 1814/131/1938
f 1811/127/1937 1828/142/1961 1765/87/1940 1814/131/1938
f 1828/142/1961 1811/127/1937 1808/128/1937 1829/143/1934
f 1832/58/1939 1831/144/1962 1828/142/1961 1829/143/1934
f 1831/144/1962 1833/145/1963 1830/146/1941 1828/142/1961
f 1828/142/1961 1830/146/1941 1842/89/1941 1765/87/1940
f 1805/120/1938 1802/118/1949 1831/144/1962 1832/58/1939
f 1802/118/1949 1799/115/1949 1833/145/1963 1831/144/1962
f 1833/145/1963 1834/61/1949 1836/61/1964 1835/145/1965
f 1799/115/1949 1796/112/1949 1834/61/1949 1833/145/1963
f 1830/146/1941 1833/145/1963 1835/145/1965 1837/146/1941
f 1835/145/1965 1836/61/1964 1838/147/1966 1837/146/1941
f 1837/146/1941 1838/147/1966 1840/148/1966 1839/89/1941
f 1842/89/1941 1830/146/1941 1837/146/1941 1839/89/1941
f 1839/89/1941 1840/148/1966 1843/60/1967 1841/90/1968
f 1766/90/1942 1842/89/1941 1839/89/1941 1841/90/1968
f 1772/56/1936 1766/91/1942 1841/91/1968 1843/56/1967
f 1772/56/1936 1843/56/1967 1844/56/1969 1775/56/1943
f 1843/60/1967 1840/148/1966 1845/148/1970 1844/60/1969
f 1778/101/1944 1775/67/1943 1844/67/1969 1845/101/1970
f 1840/148/1966 1838/147/1966 1846/147/1971 1845/148/1970
f 1845/148/1970 1846/147/1971 1848/147/1962 1847/148/1935
f 1778/101/1936 1845/101/1970 1847/101/1935 1781/101/1936
f 1846/149/1971 1850/149/1949 1849/149/1949 1848/149/1962
f 1850/149/1949 1790/109/1949 1788/109/1949 1849/149/1949
f 1851/61/1951 1850/149/1944 1846/149/1971 1852/61/1972
f 1793/111/1951 1790/109/1944 1850/149/1944 1851/61/1951
f 1834/61/1949 1796/112/1949 1793/111/1951 1851/61/1951
f 1836/61/1964 1834/61/1949 1851/61/1951 1852/61/1972
f 1838/147/1966 1836/61/1964 1852/61/1972 1846/147/1971
f 1808/123/1937 1805/120/1938 1832/58/1939 1829/150/1934
f 1807/151/1954 1810/125/1955 1801/116/1948 1804/62/1953
f 1853/53/1973 1856/53/1973 1857/53/1974 1854/53/1975
f 1855/53/1976 1858/53/1977 1856/53/1973 1853/53/1973
f 1861/53/1978 1859/53/1979 1858/53/1977 1855/53/1976
f 1862/53/1980 1860/53/1980 1859/53/1979 1861/53/1978
f 1863/53/1981 1864/53/1982 1860/53/1980 1862/53/1980
f 1854/53/1975 1857/53/1974 1864/53/1982 1863/53/1981
f 1866/53/1983 1875/53/1984 1874/53/1985 1873/53/1986 1867/53/1987 1865/53/1988
f 1865/53/1988 1868/53/1989 1869/53/1990 1866/53/1983
f 1867/53/1987 1870/53/1991 1868/53/1989 1865/53/1988
f 1868/53/1989 1870/53/1991 1871/53/1992 1872/53/1993 1876/53/1994 1869/53/1990
f 1873/53/1986 1871/53/1992 1870/53/1991 1867/53/1987
f 1874/53/1985 1872/53/1993 1871/53/1992 1873/53/1986
f 1875/53/1984 1876/53/1994 1872/53/1993 1874/53/1985
f 1866/53/1983 1869/53/1990 1876/53/1994 1875/53/1984
f 1877/144/1995 1878/145/1996 1881/145/1997 1880/144/1998
f 1877/144/1995 1879/142/1999 1884/146/2000 1878/145/1996
f 1879/142/1999 1877/144/1995 1880/144/1998 1882/142/2001
f 1880/144/1998 1881/145/1997 1883/146/2002 1882/142/2001
f 1884/146/2000 1879/142/1999 1882/142/2001 1883/146/2002
f 1878/145/1996 1884/146/2000 1883/146/2002 1881/145/1997
f 1885/144/2003 1886/145/2004 1889/145/2005 1888/144/2006
f 1885/144/2003 1887/142/2007 1892/146/2008 1886/145/2004
f 1887/142/2007 1885/144/2003 1888/144/2006 1890/142/2009
f 1888/144/2006 1889/145/2005 1891/146/2010 1890/142/2009
f 1892/146/2008 1887/142/2007 1890/142/2009 1891/146/2010
f 1886/145/2004 1892/146/2008 1891/146/2010 1889/145/2005
f 1894/53/2011 1903/53/2012 1902/53/2013 1901/53/2014 1895/53/2015 1893/53/2016
f 1893/53/2016 1896/53/2017 1897/53/2018 1894/53/2011
f 1895/53/2015 1898/53/2019 1896/53/2017 1893/53/2016
f 1896/53/2017 1898/53/2019 1899/53/2020 1900/53/2021 1904/53/2022 1897/53/2018
f 1901/53/2014 1899/53/2020 1898/53/2019 1895/53/2015
f 1902/53/2013 1900/53/2021 1899/53/2020 1901/53/2014
f 1903/53/2012 1904/53/2022 1900/53/2021 1902/53/2013
f 1894/53/2011 1897/53/2018 1904/53/2022 1903/53/2012
f 1906/53/2023 1915/53/2024 1914/53/2025 1913/53/2026 1907/53/2027 1905/53/2028
f 1905/53/2028 1908/53/2029 1909/53/2030 1906/53/2023
f 1907/53/2027 1910/53/2031 1908/53/2029 1905/53/2028
f 1913/53/2026 1911/53/2032 1910/53/2031 1907/53/2027
f 1914/53/2025 1912/53/2033 1911/53/2032 1913/53/2026
f 1915/53/2024 1916/53/2034 1912/53/2033 1914/53/2025
f 1906/53/2023 1909/53/2030 1916/53/2034 1915/53/2024
f 1918/53/2035 1927/53/2036 1926/53/2037 1925/53/2038 1919/53/2039 1917/53/2040
f 1917/53/2040 1920/53/2041 1921/53/2042 1918/53/2035
f 1919/53/2039 1922/53/2043 1920/53/2041 1917/53/2040
f 1920/53/2041 1922/53/2043 1923/53/2044 1924/53/2045 1928/53/2046 1921/53/2042
f 1925/53/2038 1923/53/2044 1922/53/2043 1919/53/2039
f 1926/53/2037 1924/53/2045 1923/53/2044 1925/53/2038
f 1927/53/2036 1928/53/2046 1924/53/2045 1926/53/2037
f 1918/53/2035 1921/53/2042 1928/53/2046 1927/53/2036
f 1929/144/2047 1930/145/2048 1933/145/2049 1932/144/2050
f 1929/144/2047 1931/142/2051 1936/146/2052 1930/145/2048
f 1931/142/2051 1929/144/2047 1932/144/2050 1934/142/2053
f 1932/144/2050 1933/145/2049 1935/146/2054 1934/142/2053
f 1936/146/2052 1931/142/2051 1934/142/2053 1935/146/2054
f 1930/145/2048 1936/146/2052 1935/146/2054 1933/145/2049
f 1937/144/2055 1938/145/2056 1941/145/2057 1940/144/2058
f 1937/144/2055 1939/142/2059 1944/146/2060 1938/145/2056
f 1939/142/2059 1937/144/2055 1940/144/2058 1942/142/2061
f 1940/144/2058 1941/145/2057 1943/146/2062 1942/142/2061
f 1944/146/2060 1939/142/2059 1942/142/2061 1943/146/2062
f 1938/145/2056 1944/146/2060 1943/146/2062 1941/145/2057
f 1946/53/2063 1955/53/2064 1954/53/2065 1953/53/2066 1947/53/2067 1945/53/2068
f 1945/53/2068 1948/53/2069 1949/53/2070 1946/53/2063
f 1947/53/2067 1950/53/2071 1948/53/2069 1945/53/2068
f 1948/53/2069 1950/53/2071 1951/53/2072 1952/53/2073 1956/53/2074 1949/53/2070
f 1953/53/2066 1951/53/2072 1950/53/2071 1947/53/2067
f 1954/53/2065 1952/53/2073 1951/53/2072 1953/53/2066
f 1955/53/2064 1956/53/2074 1952/53/2073 1954/53/2065
f 1946/53/2063 1949/53/2070 1956/53/2074 1955/53/2064
f 1958/125/1948 1961/125/1948 1960/142/1962 1957/142/1962
f 1957/142/1962 1960/142/1962 1962/87/1935 1959/87/1935
f 1959/87/1935 1962/87/1935 1963/130/1946 1964/130/1946
f 1964/130/1946 1963/130/1946 1961/125/1948 1958/125/1948
f 1966/53/2075 1975/53/2076 1974/53/2077 1973/53/2078 1967/53/2079 1965/53/2080
f 1965/53/2080 1968/53/2081 1969/53/2082 1966/53/2075
f 1967/53/2079 1970/53/2083 1968/53/2081 1965/53/2080
f 1973/53/2078 1971/53/2084 1970/53/2083 1967/53/2079
f 1974/53/2077 1972/53/2085 1971/53/2084 1973/53/2078
f 1975/53/2076 1976/53/2086 1972/53/2085 1974/53/2077
f 1966/53/2075 1969/53/2082 1976/53/2086 1975/53/2076
f 1978/53/2087 1987/53/2088 1986/53/2089 1985/53/2090 1979/53/2091 1977/53/2092
f 1977/53/2092 1980/53/2093 1981/53/2094 1978/53/2087
f 1979/53/2091 1982/53/2095 1980/53/2093 1977/53/2092
f 1980/53/2093 1982/53/2095 1983/53/2096 1984/53/2097 1988/53/2098 1981/53/2094
f 1985/53/2090 1983/53/2096 1982/53/2095 1979/53/2091
f 1986/53/2089 1984/53/2097 1983/53/2096 1985/53/2090
f 1987/53/2088 1988/53/2098 1984/53/2097 1986/53/2089
f 1978/53/2087 1981/53/2094 1988/53/2098 1987/53/2088
f 1989/144/2099 1990/145/2100 1993/145/2101 1992/144/2102
f 1989/144/2099 1991/142/2103 1996/146/2104 1990/145/2100
f 1991/142/2103 1989/144/2099 1992/144/2102 1994/142/2105
f 1992/144/2102 1993/145/2101 1995/146/2106 1994/142/2105
f 1996/146/2104 1991/142/2103 1994/142/2105 1995/146/2106
f 1990/145/2100 1996/146/2104 1995/146/2106 1993/145/2101
f 1997/144/2107 1998/145/2108 2001/145/2109 2000/144/2110
f 1997/144/2107 1999/142/2111 2004/146/2112 1998/145/2108
f 1999/142/2111 1997/144/2107 2000/144/2110 2002/142/2113
f 2000/144/2110 2001/145/2109 2003/146/2114 2002/142/2113
f 2004/146/2112 1999/142/2111 2002/142/2113 2003/146/2114
f 1998/145/2108 2004/146/2112 2003/146/2114 2001/145/2109
f 2006/53/2115 2015/53/2116 2014/53/2117 2013/53/2118 2007/53/2119 2005/53/2120
f 2005/53/2120 2008/53/2121 2009/53/2122 2006/53/2115
f 2007/53/2119 2010/53/2123 2008/53/2121 2005/53/2120
f 2008/53/2121 2010/53/2123 2011/53/2124 2012/53/2125 2016/53/2126 2009/53/2122
f 2013/53/2118 2011/53/2124 2010/53/2123 2007/53/2119
f 2014/53/2117 2012/53/2125 2011/53/2124 2013/53/2118
f 2015/53/2116 2016/53/2126 2012/53/2125 2014/53/2117
f 2006/53/2115 2009/53/2122 2016/53/2126 2015/53/2116
f 2018/125/2127 2021/125/2128 2020/142/2129 2017/142/2130
f 2017/142/2130 2020/142/2129 2022/87/2131 2019/87/2132
f 2019/87/2132 2022/87/2131 2023/130/2133 2024/130/2134
f 2024/130/2134 2023/130/2133 2021/125/2128 2018/125/2127
f 2026/53/2075 2035/53/2076 2034/53/2077 2033/53/2078 2027/53/2079 2025/53/2080
f 2025/53/2080 2028/53/2081 2029/53/2135 2026/53/2075
f 2027/53/2079 2030/53/2083 2028/53/2081 2025/53/2080
f 2033/53/2078 2031/53/2084 2030/53/2083 2027/53/2079
f 2034/53/2077 2032/53/2085 2031/53/2084 2033/53/2078
f 2035/53/2076 2036/53/2086 2032/53/2085 2034/53/2077
f 2026/53/2075 2029/53/2135 2036/53/2086 2035/53/2076
f 2038/53/2087 2047/53/2088 2046/53/2089 2045/53/2090 2039/53/2091 2037/53/2092
f 2037/53/2092 2040/53/2093 2041/53/2094 2038/53/2087
f 2039/53/2091 2042/53/2095 2040/53/2093 2037/53/2092
f 2040/53/2093 2042/53/2095 2043/53/2136 2044/53/2097 2048/53/2098 2041/53/2094
f 2045/53/2090 2043/53/2136 2042/53/2095 2039/53/2091
f 2046/53/2089 2044/53/2097 2043/53/2136 2045/53/2090
f 2047/53/2088 2048/53/2098 2044/53/2097 2046/53/2089
f 2038/53/2087 2041/53/2094 2048/53/2098 2047/53/2088
f 2049/144/2137 2050/145/2138 2053/145/2101 2052/144/2139
f 2049/144/2137 2051/142/2103 2056/146/2104 2050/145/2138
f 2051/142/2103 2049/144/2137 2052/144/2139 2054/142/2105
f 2052/144/2139 2053/145/2101 2055/146/2140 2054/142/2105
f 2056/146/2104 2051/142/2103 2054/142/2105 2055/146/2140
f 2050/145/2138 2056/146/2104 2055/146/2140 2053/145/2101
f 2057/144/2107 2058/145/2108 2061/145/2109 2060/144/2110
f 2057/144/2107 2059/142/2111 2064/146/2112 2058/145/2108
f 2059/142/2111 2057/144/2107 2060/144/2110 2062/142/2113
f 2060/144/2110 2061/145/2109 2063/146/2141 2062/142/2113
f 2064/146/2112 2059/142/2111 2062/142/2113 2063/146/2141
f 2058/145/2108 2064/146/2112 2063/146/2141 2061/145/2109
f 2066/53/2115 2075/53/2142 2074/53/2117 2073/53/2118 2067/53/2119 2065/53/2120
f 2065/53/2120 2068/53/2121 2069/53/2143 2066/53/2115
f 2067/53/2119 2070/53/2123 2068/53/2121 2065/53/2120
f 2068/53/2121 2070/53/2123 2071/53/2124 2072/53/2125 2076/53/2126 2069/53/2143
f 2073/53/2118 2071/53/2124 2070/53/2123 2067/53/2119
f 2074/53/2117 2072/53/2125 2071/53/2124 2073/53/2118
f 2075/53/2142 2076/53/2126 2072/53/2125 2074/53/2117
f 2066/53/2115 2069/53/2143 2076/53/2126 2075/53/2142
f 2078/125/2144 2081/125/2144 2080/142/2145 2077/142/2145
f 2077/142/2145 2080/142/2145 2082/87/2146 2079/87/2146
f 2079/87/2146 2082/87/2146 2083/130/2147 2084/130/2147
f 2084/130/2147 2083/130/2147 2081/125/2144 2078/125/2144
f 2086/53/2075 2095/53/2076 2094/53/2077 2093/53/2078 2087/53/2079 2085/53/2080
f 2085/53/2080 2088/53/2081 2089/53/2135 2086/53/2075
f 2087/53/2079 2090/53/2083 2088/53/2081 2085/53/2080
f 2093/53/2078 2091/53/2084 2090/53/2083 2087/53/2079
f 2094/53/2077 2092/53/2085 2091/53/2084 2093/53/2078
f 2095/53/2076 2096/53/2086 2092/53/2085 2094/53/2077
f 2086/53/2075 2089/53/2135 2096/53/2086 2095/53/2076
f 2098/53/2087 2107/53/2148 2106/53/2089 2105/53/2090 2099/53/2091 2097/53/2092
f 2097/53/2092 2100/53/2093 2101/53/2094 2098/53/2087
f 2099/53/2091 2102/53/2095 2100/53/2093 2097/53/2092
f 2100/53/2093 2102/53/2095 2103/53/2096 2104/53/2097 2108/53/2098 2101/53/2094
f 2105/53/2090 2103/53/2096 2102/53/2095 2099/53/2091
f 2106/53/2089 2104/53/2097 2103/53/2096 2105/53/2090
f 2107/53/2148 2108/53/2098 2104/53/2097 2106/53/2089
f 2098/53/2087 2101/53/2094 2108/53/2098 2107/53/2148
f 2109/144/2099 2110/145/2138 2113/145/2101 2112/144/2102
f 2109/144/2099 2111/142/2103 2116/146/2104 2110/145/2138
f 2111/142/2103 2109/144/2099 2112/144/2102 2114/142/2149
f 2112/144/2102 2113/145/2101 2115/146/2140 2114/142/2149
f 2116/146/2104 2111/142/2103 2114/142/2149 2115/146/2140
f 2110/145/2138 2116/146/2104 2115/146/2140 2113/145/2101
f 2117/144/2107 2118/145/2108 2121/145/2109 2120/144/2150
f 2117/144/2107 2119/142/2111 2124/146/2112 2118/145/2108
f 2119/142/2111 2117/144/2107 2120/144/2150 2122/142/2113
f 2120/144/2150 2121/145/2109 2123/146/2141 2122/142/2113
f 2124/146/2112 2119/142/2111 2122/142/2113 2123/146/2141
f 2118/145/2108 2124/146/2112 2123/146/2141 2121/145/2109
f 2126/53/2115 2135/53/2142 2134/53/2117 2133/53/2151 2127/53/2119 2125/53/2120
f 2125/53/2120 2128/53/2121 2129/53/2122 2126/53/2115
f 2127/53/2119 2130/53/2123 2128/53/2121 2125/53/2120
f 2128/53/2121 2130/53/2123 2131/53/2124 2132/53/2125 2136/53/2126 2129/53/2122
f 2133/53/2151 2131/53/2124 2130/53/2123 2127/53/2119
f 2134/53/2117 2132/53/2125 2131/53/2124 2133/53/2151
f 2135/53/2142 2136/53/2126 2132/53/2125 2134/53/2117
f 2126/53/2115 2129/53/2122 2136/53/2126 2135/53/2142
f 2138/125/2152 2141/125/2153 2140/142/2154 2137/142/2155
f 2137/142/2155 2140/142/2154 2142/87/2156 2139/87/2157
f 2139/87/2157 2142/87/2156 2143/130/2158 2144/130/2159
f 2144/130/2159 2143/130/2158 2141/125/2153 2138/125/2152
f 2146/53/2160 2150/53/1938 2149/53/2161 2145/53/2162
f 2145/53/2162 2148/53/2163 2175/53/2164 2146/53/2160
f 2145/53/2162 2149/53/2161 2151/53/1937 2147/53/2165
f 2147/53/2165 2158/53/2166 2148/53/2163 2145/53/2162
f 2150/53/2167 2180/53/2167 2181/53/2167 2182/53/2167 2153/53/2167 2152/53/2167 2151/53/2167 2149/53/2167
f 2147/53/2165 2151/53/1937 2152/53/1936 2154/53/2168
f 2154/53/2168 2152/53/1936 2153/53/1943 2155/53/2169
f 2155/53/2169 2157/53/2170 2156/53/2171 2154/53/2168
f 2154/53/2168 2156/53/2171 2158/53/2166 2147/53/2165
f 2157/53/2170 2160/53/2172 2159/53/2173 2156/53/2171
f 2156/53/2171 2159/53/2173 2161/53/2174 2158/53/2166
f 2162/53/2175 2159/53/2173 2160/53/2172 2163/53/2176
f 2164/53/2177 2161/53/2174 2159/53/2173 2162/53/2175
f 2163/53/2176 2166/53/1943 2165/53/1936 2162/53/2175
f 2162/53/2175 2165/53/1936 2167/53/1937 2164/53/2177
f 2169/53/1957 2168/53/1957 2167/53/1957 2165/53/1957 2166/53/1957 2189/53/1957 2190/53/1957 2191/53/1957
f 2164/53/2177 2167/53/1937 2168/53/2161 2170/53/2178
f 2170/53/2178 2168/53/2161 2169/53/1938 2171/53/2179
f 2171/53/2179 2173/53/2180 2172/53/2181 2170/53/2178
f 2170/53/2178 2172/53/2181 2161/53/2174 2164/53/2177
f 2148/53/2163 2172/53/2181 2173/53/2180 2175/53/2164
f 2158/53/2166 2161/53/2174 2172/53/2181 2148/53/2163
f 2192/53/2182 2174/53/2183 2173/53/2180 2171/53/2179
f 2175/53/2164 2173/53/2180 2174/53/2183 2176/53/2184
f 2146/53/2160 2175/53/2164 2176/53/2184 2178/53/2185
f 2178/53/2185 2176/53/2184 2177/53/2186 2179/53/2187
f 2176/53/2184 2174/53/2183 2186/53/2188 2177/53/2186
f 2178/53/2185 2180/53/1949 2150/53/1938 2146/53/2160
f 2179/53/2187 2181/53/1951 2180/53/1949 2178/53/2185
f 2183/53/2189 2182/53/1944 2181/53/1951 2179/53/2187
f 2155/53/2169 2153/53/1943 2182/53/1944 2183/53/2189
f 2179/53/2187 2177/53/2186 2184/53/2190 2183/53/2189
f 2183/53/2189 2184/53/2190 2157/53/2170 2155/53/2169
f 2177/53/2186 2186/53/2188 2185/53/2191 2184/53/2190
f 2184/53/2190 2185/53/2191 2160/53/2172 2157/53/2170
f 2187/53/2192 2185/53/2191 2186/53/2188 2188/53/2193
f 2163/53/2176 2160/53/2172 2185/53/2191 2187/53/2192
f 2188/53/2193 2190/53/1951 2189/53/1944 2187/53/2192
f 2187/53/2192 2189/53/1944 2166/53/1943 2163/53/2176
f 2192/53/2182 2191/53/1949 2190/53/1951 2188/53/2193
f 2171/53/2179 2169/53/1938 2191/53/1949 2192/53/2182
f 2188/53/2193 2186/53/2188 2174/53/2183 2192/53/2182
f 2193/53/2194 2197/53/2195 2198/53/2195 2194/53/2196
f 2194/53/2196 2224/53/2197 2196/53/2198 2193/53/2194
f 2195/53/2199 2199/53/2195 2197/53/2195 2193/53/2194
f 2193/53/2194 2196/53/2198 2210/53/2200 2195/53/2199
f 2197/53/2201 2200/53/2201 2201/53/2202 2198/53/2202
f 2199/53/2203 2202/53/2203 2200/53/2201 2197/53/2201
f 2205/53/2204 2203/53/2204 2202/53/2203 2199/53/2203
f 2206/53/2205 2204/53/2205 2203/53/2204 2205/53/2204
f 2207/53/2206 2205/53/2195 2199/53/2195 2195/53/2199
f 2208/53/2207 2206/53/2195 2205/53/2195 2207/53/2206
f 2195/53/2199 2210/53/2200 2209/53/2208 2207/53/2206
f 2207/53/2206 2209/53/2208 2211/53/2209 2208/53/2207
f 2208/53/2207 2211/53/2209 2212/53/2210 2214/53/2211
f 2214/53/2211 2212/53/2210 2213/53/2212 2215/53/2213
f 2214/53/2211 2216/53/2195 2206/53/2195 2208/53/2207
f 2215/53/2213 2217/53/2195 2216/53/2195 2214/53/2211
f 2216/53/2214 2218/53/2214 2204/53/2205 2206/53/2205
f 2217/53/2215 2219/53/2215 2218/53/2214 2216/53/2214
f 2221/53/2216 2220/53/2216 2219/53/2215 2217/53/2215
f 2198/53/2202 2201/53/2202 2220/53/2216 2221/53/2216
f 2222/53/2217 2221/53/2195 2217/53/2195 2215/53/2213
f 2194/53/2196 2198/53/2195 2221/53/2195 2222/53/2217
f 2215/53/2213 2213/53/2212 2223/53/2218 2222/53/2217
f 2222/53/2217 2223/53/2218 2224/53/2197 2194/53/2196
f 2225/54/2219 2226/55/2220 2238/55/2221 2229/54/2222
f 2225/54/2219 2227/56/2223 2243/57/2224 2226/55/2220
f 2228/58/2225 2244/61/2226 2227/60/2223 2225/59/2219
f 2228/58/2225 2225/59/2219 2230/59/2227 2231/58/2228
f 2225/54/2219 2229/54/2222 2232/54/2229 2230/54/2227
f 2231/58/2228 2230/59/2227 2232/59/2229 2233/58/2230
f 2233/58/2230 2232/65/2229 2229/65/2222 2234/58/2231
f 2234/58/2231 2228/58/2225 2231/58/2228 2233/58/2230
f 2236/62/2232 2228/58/2225 2234/58/2231 2235/62/2233
f 2234/58/2231 2229/65/2222 2238/64/2221 2235/62/2233
f 2236/62/2232 2235/62/2233 2237/62/2234 2241/62/2235
f 2239/64/2236 2237/62/2234 2235/62/2233 2238/64/2221
f 2238/55/2221 2226/55/2220 2240/55/2237 2239/55/2236
f 2240/55/2237 2241/62/2235 2237/62/2234 2239/55/2236
f 2226/55/2220 2236/62/2232 2241/62/2235 2240/55/2237
f 2226/55/2220 2243/57/2224 2242/63/2238 2236/62/2232
f 2236/62/2232 2242/63/2238 2244/61/2226 2228/58/2225
f 2242/63/2238 2243/66/2224 2227/67/2223 2244/61/2226
f 2246/58/2239 2245/59/2240 2248/59/2241 2249/58/2242
f 2246/58/2239 2252/58/2243 2247/59/2244 2245/59/2240
f 2245/59/2240 2247/59/2244 2250/59/2245 2248/59/2241
f 2249/58/2242 2248/59/2241 2250/59/2245 2251/58/2246
f 2247/59/2244 2252/58/2243 2251/58/2246 2250/59/2245
f 2252/58/2243 2246/58/2239 2249/58/2242 2251/58/2246
f 2254/58/2247 2253/59/2248 2256/59/2248 2257/58/2247
f 2253/59/2248 2255/59/2249 2258/59/2249 2256/59/2248
f 2255/59/2249 2260/58/2250 2259/58/2250 2258/59/2249
f 2260/58/2250 2254/58/2247 2257/58/2247 2259/58/2250
f 2262/53/2251 2265/53/2252 2264/53/2253 2261/53/2254
f 2261/53/2254 2264/53/2253 2266/53/2255 2263/53/2256
f 2265/53/2252 2272/53/2257 2268/53/2258 2267/53/2259 2266/53/2255 2264/53/2253
f 2263/53/2256 2266/53/2255 2267/53/2259 2269/53/2260
f 2269/53/2260 2267/53/2259 2268/53/2258 2270/53/2261
f 2270/53/2261 2268/53/2258 2272/53/2257 2271/53/2262
f 2271/53/2262 2272/53/2257 2265/53/2252 2262/53/2251
f 2274/53/2263 2277/53/2252 2276/53/2253 2273/53/2254
f 2273/53/2254 2276/53/2253 2278/53/2255 2275/53/2264
f 2277/53/2252 2284/53/2257 2280/53/2258 2279/53/2259 2278/53/2255 2276/53/2253
f 2275/53/2264 2278/53/2255 2279/53/2259 2281/53/2260
f 2281/53/2260 2279/53/2259 2280/53/2258 2282/53/2261
f 2282/53/2261 2280/53/2258 2284/53/2257 2283/53/2262
f 2283/53/2262 2284/53/2257 2277/53/2252 2274/53/2263
f 2286/53/2263 2289/53/2252 2288/53/2253 2285/53/2254
f 2285/53/2254 2288/53/2253 2290/53/2255 2287/53/2264
f 2289/53/2252 2296/53/2257 2292/53/2258 2291/53/2259 2290/53/2255 2288/53/2253
f 2287/53/2264 2290/53/2255 2291/53/2259 2293/53/2260
f 2293/53/2260 2291/53/2259 2292/53/2258 2294/53/2261
f 2294/53/2261 2292/53/2258 2296/53/2257 2295/53/2262
f 2295/53/2262 2296/53/2257 2289/53/2252 2286/53/2263
f 2298/53/2263 2301/53/2252 2300/53/2253 2297/53/2254
f 2297/53/2254 2300/53/2253 2302/53/2255 2299/53/2264
f 2301/53/2252 2308/53/2257 2304/53/2258 2303/53/2259 2302/53/2255 2300/53/2253
f 2299/53/2264 2302/53/2255 2303/53/2259 2305/53/2260
f 2305/53/2260 2303/53/2259 2304/53/2258 2306/53/2261
f 2306/53/2261 2304/53/2258 2308/53/2257 2307/53/2265
f 2307/53/2265 2308/53/2257 2301/53/2252 2298/53/2263
f 2310/53/2266 2313/53/2267 2312/53/2268 2309/53/2269
f 2309/53/2269 2312/53/2268 2314/53/2270 2311/53/2271
f 2313/53/2267 2320/53/2272 2316/53/2273 2315/53/2274 2314/53/2270 2312/53/2268
f 2311/53/2271 2314/53/2270 2315/53/2274 2317/53/2275
f 2317/53/2275 2315/53/2274 2316/53/2273 2318/53/2276
f 2318/53/2276 2316/53/2273 2320/53/2272 2319/53/2277
f 2319/53/2277 2320/53/2272 2313/53/2267 2310/53/2266
f 2321/53/1846 2322/53/1907 2325/53/1907 2324/53/1846
f 2323/53/1906 2321/53/1846 2324/53/1846 2326/53/1906
f 2329/53/1910 2323/53/1906 2326/53/1906 2327/53/1910
f 2330/53/1909 2329/53/1910 2327/53/1910 2328/53/1909
f 2331/53/1908 2330/53/1909 2328/53/1909 2332/53/1908
f 2322/53/1907 2331/53/1908 2332/53/1908 2325/53/1907
f 2334/66/1913 2333/67/1913 2335/67/1912 2336/66/1912
f 2338/63/1911 2336/66/1912 2335/67/1912 2337/61/1911
f 2339/61/1887 2340/63/1887 2338/63/1911 2337/61/1911
f 2341/54/2278 2342/82/2279 2347/81/2280 2344/80/2281
f 2342/83/2279 2341/65/2278 2343/85/2282 2397/84/2283
f 2343/86/2282 2341/59/2278 2344/88/2281 2345/87/2284
f 2345/87/2284 2344/88/2281 2346/90/2285 2422/89/2286
f 2344/80/2281 2347/81/2280 2349/92/2280 2346/91/2285
f 2342/82/2279 2398/94/2279 2348/93/2280 2347/81/2280
f 2347/81/2280 2348/93/2280 2350/95/2280 2349/92/2280
f 2346/91/2285 2349/92/2280 2351/96/2280 2352/56/2280
f 2349/92/2280 2350/95/2280 2353/97/2280 2351/96/2280
f 2351/96/2280 2354/98/2287 2355/56/2287 2352/56/2280
f 2353/97/2280 2356/99/2287 2354/98/2287 2351/96/2280
f 2357/100/2288 2358/101/2288 2355/67/2287 2354/78/2287
f 2359/102/2289 2357/100/2288 2354/78/2287 2356/103/2287
f 2357/100/2280 2360/100/2280 2361/101/2280 2358/101/2280
f 2359/102/2280 2362/102/2280 2360/100/2280 2357/100/2280
f 2364/104/2290 2363/104/2291 2362/102/2280 2359/102/2280
f 2366/105/2292 2365/105/2293 2363/106/2291 2364/106/2290
f 2369/107/2294 2367/107/2294 2365/108/2293 2366/108/2292
f 2370/109/2294 2368/109/2294 2367/107/2294 2369/107/2294
f 2372/63/2295 2371/110/2296 2369/107/2289 2366/108/2292
f 2371/110/2296 2373/111/2297 2370/109/2289 2369/107/2289
f 2374/110/2294 2371/110/2296 2372/63/2295 2375/63/2298
f 2376/112/2294 2373/111/2297 2371/110/2296 2374/110/2294
f 2378/113/2293 2377/114/2294 2374/110/2294 2375/63/2298
f 2377/114/2294 2379/115/2294 2376/112/2294 2374/110/2294
f 2381/116/2293 2380/117/2294 2377/114/2294 2378/113/2293
f 2380/117/2294 2382/118/2294 2379/115/2294 2377/114/2294
f 2384/62/2299 2383/119/2283 2380/117/2294 2381/116/2293
f 2383/119/2283 2385/120/2283 2382/118/2294 2380/117/2294
f 2387/121/2300 2386/122/2279 2383/119/2283 2384/62/2299
f 2386/122/2279 2388/123/2279 2385/120/2283 2383/119/2283
f 2389/124/2279 2386/126/2279 2387/121/2300 2390/125/2301
f 2391/127/2279 2388/128/2279 2386/126/2279 2389/124/2279
f 2390/125/2301 2393/130/2302 2392/129/2283 2389/124/2279
f 2389/124/2279 2392/129/2283 2394/131/2283 2391/127/2279
f 2392/129/2283 2393/130/2302 2396/133/2299 2395/132/2283
f 2394/131/2283 2392/129/2283 2395/132/2283 2397/134/2283
f 2399/64/2303 2398/136/2279 2395/135/2283 2396/133/2299
f 2398/136/2279 2342/83/2279 2397/84/2283 2395/135/2283
f 2398/94/2279 2399/55/2303 2400/137/2291 2348/93/2280
f 2399/55/2303 2396/138/2299 2393/130/2302 2400/137/2291
f 2348/93/2280 2400/137/2291 2401/139/2291 2350/95/2280
f 2400/137/2291 2393/130/2302 2403/140/1957 2401/139/2291
f 2401/139/2291 2403/140/1957 2404/106/2304 2402/57/2305
f 2350/95/2280 2401/139/2291 2402/57/2305 2353/97/2280
f 2393/130/2302 2390/125/2301 2405/141/1957 2403/140/1957
f 2403/140/1957 2405/141/1957 2406/105/2304 2404/106/2304
f 2390/125/2301 2381/116/2293 2378/113/2293 2405/141/1957
f 2405/141/1957 2378/113/2293 2375/63/2298 2406/105/2304
f 2375/63/2298 2372/63/2295 2366/105/2292 2406/105/2304
f 2406/105/2304 2366/105/2292 2364/106/2290 2404/106/2304
f 2404/106/2304 2364/106/2290 2407/57/2306 2402/57/2305
f 2402/57/2305 2407/57/2306 2356/99/2287 2353/97/2280
f 2364/104/2290 2359/102/2289 2356/103/2287 2407/66/2306
f 2345/87/2284 2394/131/2283 2397/134/2283 2343/86/2282
f 2391/127/2279 2394/131/2283 2345/87/2284 2408/142/2307
f 2408/142/2307 2409/143/2278 2388/128/2279 2391/127/2279
f 2412/58/2282 2409/143/2278 2408/142/2307 2411/144/2308
f 2411/144/2308 2408/142/2307 2410/146/2286 2413/145/2309
f 2408/142/2307 2345/87/2284 2422/89/2286 2410/146/2286
f 2385/120/2283 2412/58/2282 2411/144/2308 2382/118/2294
f 2382/118/2294 2411/144/2308 2413/145/2309 2379/115/2294
f 2413/145/2309 2415/145/2310 2416/61/2311 2414/61/2294
f 2379/115/2294 2413/145/2309 2414/61/2294 2376/112/2294
f 2410/146/2286 2417/146/2286 2415/145/2310 2413/145/2309
f 2415/145/2310 2417/146/2286 2418/147/2312 2416/61/2311
f 2417/146/2286 2419/89/2286 2420/148/2312 2418/147/2312
f 2422/89/2286 2419/89/2286 2417/146/2286 2410/146/2286
f 2419/89/2286 2421/90/2313 2423/60/2314 2420/148/2312
f 2346/90/2285 2421/90/2313 2419/89/2286 2422/89/2286
f 2352/56/2280 2423/56/2314 2421/91/2313 2346/91/2285
f 2352/56/2280 2355/56/2287 2424/56/2315 2423/56/2314
f 2423/60/2314 2424/60/2315 2425/148/2316 2420/148/2312
f 2358/101/2288 2425/101/2316 2424/67/2315 2355/67/2287
f 2420/148/2312 2425/148/2316 2426/147/2317 2418/147/2312
f 2425/148/2316 2427/148/2281 2428/147/2308 2426/147/2317
f 2358/101/2280 2361/101/2280 2427/101/2281 2425/101/2316
f 2426/149/2317 2428/149/2308 2429/149/2294 2430/149/2294
f 2430/149/2294 2429/149/2294 2368/109/2294 2370/109/2294
f 2431/61/2297 2432/61/2318 2426/149/2317 2430/149/2289
f 2373/111/2297 2431/61/2297 2430/149/2289 2370/109/2289
f 2414/61/2294 2431/61/2297 2373/111/2297 2376/112/2294
f 2416/61/2311 2432/61/2318 2431/61/2297 2414/61/2294
f 2418/147/2312 2426/147/2317 2432/61/2318 2416/61/2311
f 2388/123/2279 2409/150/2278 2412/58/2282 2385/120/2283
f 2387/151/2300 2384/62/2299 2381/116/2293 2390/125/2301
f 2433/53/2319 2434/53/2320 2437/53/2321 2436/53/2319
f 2435/53/2322 2433/53/2319 2436/53/2319 2438/53/2323
f 2441/53/2324 2435/53/2322 2438/53/2323 2439/53/2325
f 2442/53/2326 2441/53/2324 2439/53/2325 2440/53/2327
f 2443/53/2328 2442/53/2326 2440/53/2327 2444/53/2329
f 2434/53/2320 2443/53/2328 2444/53/2329 2437/53/2321
f 2446/53/2330 2445/53/2331 2447/53/2332 2453/53/2333 2454/53/2334 2455/53/2335
f 2445/53/2331 2446/53/2330 2449/53/2336 2448/53/2337
f 2447/53/2332 2445/53/2331 2448/53/2337 2450/53/2338
f 2448/53/2337 2449/53/2336 2456/53/2339 2452/53/2340 2451/53/2341 2450/53/2338
f 2453/53/2333 2447/53/2332 2450/53/2338 2451/53/2341
f 2454/53/2334 2453/53/2333 2451/53/2341 2452/53/2340
f 2455/53/2335 2454/53/2334 2452/53/2340 2456/53/2339
f 2446/53/2330 2455/53/2335 2456/53/2339 2449/53/2336
f 2457/144/2342 2460/144/2343 2461/145/2344 2458/145/2345
f 2457/144/2342 2458/145/2345 2464/146/2346 2459/142/2347
f 2459/142/2347 2462/142/2348 2460/144/2343 2457/144/2342
f 2460/144/2343 2462/142/2348 2463/146/2349 2461/145/2344
f 2464/146/2346 2463/146/2349 2462/142/2348 2459/142/2347
f 2458/145/2345 2461/145/2344 2463/146/2349 2464/146/2346
f 2465/144/2350 2468/144/2351 2469/145/2352 2466/145/2353
f 2465/144/2350 2466/145/2353 2472/146/2354 2467/142/2355
f 2467/142/2355 2470/142/2356 2468/144/2351 2465/144/2350
f 2468/144/2351 2470/142/2356 2471/146/2357 2469/145/2352
f 2472/146/2354 2471/146/2357 2470/142/2356 2467/142/2355
f 2466/145/2353 2469/145/2352 2471/146/2357 2472/146/2354
f 2474/53/2358 2473/53/2359 2475/53/2360 2481/53/2361 2482/53/2362 2483/53/2363
f 2473/53/2359 2474/53/2358 2477/53/2364 2476/53/2365
f 2475/53/2360 2473/53/2359 2476/53/2365 2478/53/2366
f 2476/53/2365 2477/53/2364 2484/53/2367 2480/53/2368 2479/53/2369 2478/53/2366
f 2481/53/2361 2475/53/2360 2478/53/2366 2479/53/2369
f 2482/53/2362 2481/53/2361 2479/53/2369 2480/53/2368
f 2483/53/2363 2482/53/2362 2480/53/2368 2484/53/2367
f 2474/53/2358 2483/53/2363 2484/53/2367 2477/53/2364
f 2486/53/2370 2485/53/2371 2487/53/2372 2493/53/2373 2494/53/2374 2495/53/2375
f 2485/53/2371 2486/53/2370 2489/53/2376 2488/53/2377
f 2487/53/2372 2485/53/2371 2488/53/2377 2490/53/2378
f 2493/53/2373 2487/53/2372 2490/53/2378 2491/53/2379
f 2494/53/2374 2493/53/2373 2491/53/2379 2492/53/2380
f 2495/53/2375 2494/53/2374 2492/53/2380 2496/53/2381
f 2486/53/2370 2495/53/2375 2496/53/2381 2489/53/2376
f 2498/53/2382 2497/53/2383 2499/53/2384 2505/53/2385 2506/53/2386 2507/53/2387
f 2497/53/2383 2498/53/2382 2501/53/2388 2500/53/2389
f 2499/53/2384 2497/53/2383 2500/53/2389 2502/53/2390
f 2500/53/2389 2501/53/2388 2508/53/2391 2504/53/2392 2503/53/2393 2502/53/2390
f 2505/53/2385 2499/53/2384 2502/53/2390 2503/53/2393
f 2506/53/2386 2505/53/2385 2503/53/2393 2504/53/2392
f 2507/53/2387 2506/53/2386 2504/53/2392 2508/53/2391
f 2498/53/2382 2507/53/2387 2508/53/2391 2501/53/2388
f 2509/144/2394 2512/144/2395 2513/145/2396 2510/145/2397
f 2509/144/2394 2510/145/2397 2516/146/2398 2511/142/2399
f 2511/142/2399 2514/142/2400 2512/144/2395 2509/144/2394
f 2512/144/2395 2514/142/2400 2515/146/2401 2513/145/2396
f 2516/146/2398 2515/146/2401 2514/142/2400 2511/142/2399
f 2510/145/2397 2513/145/2396 2515/146/2401 2516/146/2398
f 2517/144/2402 2520/144/2403 2521/145/2404 2518/145/2405
f 2517/144/2402 2518/145/2405 2524/146/2406 2519/142/2407
f 2519/142/2407 2522/142/2408 2520/144/2403 2517/144/2402
f 2520/144/2403 2522/142/2408 2523/146/2409 2521/145/2404
f 2524/146/2406 2523/146/2409 2522/142/2408 2519/142/2407
f 2518/145/2405 2521/145/2404 2523/146/2409 2524/146/2406
f 2526/53/2410 2525/53/2411 2527/53/2412 2533/53/2413 2534/53/2414 2535/53/2415
f 2525/53/2411 2526/53/2410 2529/53/2416 2528/53/2417
f 2527/53/2412 2525/53/2411 2528/53/2417 2530/53/2418
f 2528/53/2417 2529/53/2416 2536/53/2419 2532/53/2420 2531/53/2421 2530/53/2418
f 2533/53/2413 2527/53/2412 2530/53/2418 2531/53/2421
f 2534/53/2414 2533/53/2413 2531/53/2421 2532/53/2420
f 2535/53/2415 2534/53/2414 2532/53/2420 2536/53/2419
f 2526/53/2410 2535/53/2415 2536/53/2419 2529/53/2416
f 2538/125/2293 2537/142/2308 2540/142/2308 2541/125/2293
f 2537/142/2308 2539/87/2281 2542/87/2281 2540/142/2308
f 2539/87/2281 2544/130/2291 2543/130/2291 2542/87/2281
f 2544/130/2291 2538/125/2293 2541/125/2293 2543/130/2291
f 2546/53/2422 2545/53/2423 2547/53/2424 2553/53/2425 2554/53/2426 2555/53/2427
f 2545/53/2423 2546/53/2422 2549/53/2428 2548/53/2429
f 2547/53/2424 2545/53/2423 2548/53/2429 2550/53/2430
f 2553/53/2425 2547/53/2424 2550/53/2430 2551/53/2431
f 2554/53/2426 2553/53/2425 2551/53/2431 2552/53/2432
f 2555/53/2427 2554/53/2426 2552/53/2432 2556/53/2433
f 2546/53/2422 2555/53/2427 2556/53/2433 2549/53/2428
f 2558/53/2434 2557/53/2435 2559/53/2436 2565/53/2437 2566/53/2438 2567/53/2439
f 2557/53/2435 2558/53/2434 2561/53/2440 2560/53/2441
f 2559/53/2436 2557/53/2435 2560/53/2441 2562/53/2442
f 2560/53/2441 2561/53/2440 2568/53/2443 2564/53/2444 2563/53/2445 2562/53/2442
f 2565/53/2437 2559/53/2436 2562/53/2442 2563/53/2445
f 2566/53/2438 2565/53/2437 2563/53/2445 2564/53/2444
f 2567/53/2439 2566/53/2438 2564/53/2444 2568/53/2443
f 2558/53/2434 2567/53/2439 2568/53/2443 2561/53/2440
f 2569/144/2446 2572/144/2447 2573/145/2448 2570/145/2449
f 2569/144/2446 2570/145/2449 2576/146/2450 2571/142/2451
f 2571/142/2451 2574/142/2452 2572/144/2447 2569/144/2446
f 2572/144/2447 2574/142/2452 2575/146/2453 2573/145/2448
f 2576/146/2450 2575/146/2453 2574/142/2452 2571/142/2451
f 2570/145/2449 2573/145/2448 2575/146/2453 2576/146/2450
f 2577/144/2454 2580/144/2455 2581/145/2456 2578/145/2457
f 2577/144/2454 2578/145/2457 2584/146/2458 2579/142/2459
f 2579/142/2459 2582/142/2460 2580/144/2455 2577/144/2454
f 2580/144/2455 2582/142/2460 2583/146/2461 2581/145/2456
f 2584/146/2458 2583/146/2461 2582/142/2460 2579/142/2459
f 2578/145/2457 2581/145/2456 2583/146/2461 2584/146/2458
f 2586/53/2462 2585/53/2463 2587/53/2464 2593/53/2465 2594/53/2466 2595/53/2467
f 2585/53/2463 2586/53/2462 2589/53/2468 2588/53/2469
f 2587/53/2464 2585/53/2463 2588/53/2469 2590/53/2470
f 2588/53/2469 2589/53/2468 2596/53/2471 2592/53/2472 2591/53/2473 2590/53/2470
f 2593/53/2465 2587/53/2464 2590/53/2470 2591/53/2473
f 2594/53/2466 2593/53/2465 2591/53/2473 2592/53/2472
f 2595/53/2467 2594/53/2466 2592/53/2472 2596/53/2471
f 2586/53/2462 2595/53/2467 2596/53/2471 2589/53/2468
f 2598/125/2474 2597/142/2475 2600/142/2476 2601/125/2477
f 2597/142/2475 2599/87/2478 2602/87/2479 2600/142/2476
f 2599/87/2478 2604/130/2480 2603/130/2481 2602/87/2479
f 2604/130/2480 2598/125/2474 2601/125/2477 2603/130/2481
f 2606/53/2482 2605/53/2423 2607/53/2424 2613/53/2425 2614/53/2426 2615/53/2427
f 2605/53/2423 2606/53/2482 2609/53/2428 2608/53/2429
f 2607/53/2424 2605/53/2423 2608/53/2429 2610/53/2430
f 2613/53/2425 2607/53/2424 2610/53/2430 2611/53/2431
f 2614/53/2426 2613/53/2425 2611/53/2431 2612/53/2432
f 2615/53/2427 2614/53/2426 2612/53/2432 2616/53/2433
f 2606/53/2482 2615/53/2427 2616/53/2433 2609/53/2428
f 2618/53/2434 2617/53/2435 2619/53/2436 2625/53/2437 2626/53/2438 2627/53/2439
f 2617/53/2435 2618/53/2434 2621/53/2440 2620/53/2441
f 2619/53/2436 2617/53/2435 2620/53/2441 2622/53/2442
f 2620/53/2441 2621/53/2440 2628/53/2443 2624/53/2444 2623/53/2445 2622/53/2442
f 2625/53/2437 2619/53/2436 2622/53/2442 2623/53/2445
f 2626/53/2438 2625/53/2437 2623/53/2445 2624/53/2444
f 2627/53/2439 2626/53/2438 2624/53/2444 2628/53/2443
f 2618/53/2434 2627/53/2439 2628/53/2443 2621/53/2440
f 2629/144/2483 2632/144/2447 2633/145/2448 2630/145/2449
f 2629/144/2483 2630/145/2449 2636/146/2450 2631/142/2451
f 2631/142/2451 2634/142/2484 2632/144/2447 2629/144/2483
f 2632/144/2447 2634/142/2484 2635/146/2453 2633/145/2448
f 2636/146/2450 2635/146/2453 2634/142/2484 2631/142/2451
f 2630/145/2449 2633/145/2448 2635/146/2453 2636/146/2450
f 2637/144/2454 2640/144/2485 2641/145/2456 2638/145/2457
f 2637/144/2454 2638/145/2457 2644/146/2458 2639/142/2459
f 2639/142/2459 2642/142/2486 2640/144/2485 2637/144/2454
f 2640/144/2485 2642/142/2486 2643/146/2461 2641/145/2456
f 2644/146/2458 2643/146/2461 2642/142/2486 2639/142/2459
f 2638/145/2457 2641/145/2456 2643/146/2461 2644/146/2458
f 2646/53/2462 2645/53/2463 2647/53/2464 2653/53/2465 2654/53/2487 2655/53/2467
f 2645/53/2463 2646/53/2462 2649/53/2468 2648/53/2469
f 2647/53/2464 2645/53/2463 2648/53/2469 2650/53/2470
f 2648/53/2469 2649/53/2468 2656/53/2471 2652/53/2472 2651/53/2473 2650/53/2470
f 2653/53/2465 2647/53/2464 2650/53/2470 2651/53/2473
f 2654/53/2487 2653/53/2465 2651/53/2473 2652/53/2472
f 2655/53/2467 2654/53/2487 2652/53/2472 2656/53/2471
f 2646/53/2462 2655/53/2467 2656/53/2471 2649/53/2468
f 2658/125/2488 2657/142/2489 2660/142/2489 2661/125/2488
f 2657/142/2489 2659/87/2490 2662/87/2490 2660/142/2489
f 2659/87/2490 2664/130/2491 2663/130/2491 2662/87/2490
f 2664/130/2491 2658/125/2488 2661/125/2488 2663/130/2491
f 2666/53/2482 2665/53/2423 2667/53/2424 2673/53/2425 2674/53/2426 2675/53/2427
f 2665/53/2423 2666/53/2482 2669/53/2492 2668/53/2429
f 2667/53/2424 2665/53/2423 2668/53/2429 2670/53/2430
f 2673/53/2425 2667/53/2424 2670/53/2430 2671/53/2431
f 2674/53/2426 2673/53/2425 2671/53/2431 2672/53/2432
f 2675/53/2427 2674/53/2426 2672/53/2432 2676/53/2433
f 2666/53/2482 2675/53/2427 2676/53/2433 2669/53/2492
f 2678/53/2434 2677/53/2435 2679/53/2436 2685/53/2437 2686/53/2438 2687/53/2439
f 2677/53/2435 2678/53/2434 2681/53/2440 2680/53/2441
f 2679/53/2436 2677/53/2435 2680/53/2441 2682/53/2442
f 2680/53/2441 2681/53/2440 2688/53/2443 2684/53/2444 2683/53/2445 2682/53/2442
f 2685/53/2437 2679/53/2436 2682/53/2442 2683/53/2445
f 2686/53/2438 2685/53/2437 2683/53/2445 2684/53/2444
f 2687/53/2439 2686/53/2438 2684/53/2444 2688/53/2443
f 2678/53/2434 2687/53/2439 2688/53/2443 2681/53/2440
f 2689/144/2483 2692/144/2447 2693/145/2448 2690/145/2449
f 2689/144/2483 2690/145/2449 2696/146/2450 2691/142/2451
f 2691/142/2451 2694/142/2493 2692/144/2447 2689/144/2483
f 2692/144/2447 2694/142/2493 2695/146/2453 2693/145/2448
f 2696/146/2450 2695/146/2453 2694/142/2493 2691/142/2451
f 2690/145/2449 2693/145/2448 2695/146/2453 2696/146/2450
f 2697/144/2454 2700/144/2485 2701/145/2456 2698/145/2494
f 2697/144/2454 2698/145/2494 2704/146/2458 2699/142/2459
f 2699/142/2459 2702/142/2486 2700/144/2485 2697/144/2454
f 2700/144/2485 2702/142/2486 2703/146/2461 2701/145/2456
f 2704/146/2458 2703/146/2461 2702/142/2486 2699/142/2459
f 2698/145/2494 2701/145/2456 2703/146/2461 2704/146/2458
f 2706/53/2462 2705/53/2463 2707/53/2464 2713/53/2465 2714/53/2466 2715/53/2467
f 2705/53/2463 2706/53/2462 2709/53/2468 2708/53/2469
f 2707/53/2464 2705/53/2463 2708/53/2469 2710/53/2470
f 2708/53/2469 2709/53/2468 2716/53/2471 2712/53/2472 2711/53/2473 2710/53/2470
f 2713/53/2465 2707/53/2464 2710/53/2470 2711/53/2473
f 2714/53/2466 2713/53/2465 2711/53/2473 2712/53/2472
f 2715/53/2467 2714/53/2466 2712/53/2472 2716/53/2471
f 2706/53/2462 2715/53/2467 2716/53/2471 2709/53/2468
f 2718/125/2495 2717/142/2496 2720/142/2497 2721/125/2498
f 2717/142/2496 2719/87/2499 2722/87/2500 2720/142/2497
f 2719/87/2499 2724/130/2501 2723/130/2502 2722/87/2500
f 2724/130/2501 2718/125/2495 2721/125/2498 2723/130/2502
f 2726/53/2503 2725/53/2504 2729/53/2505 2730/53/2506
f 2725/53/2504 2726/53/2503 2755/53/2507 2728/53/2508
f 2725/53/2504 2727/53/2509 2731/53/2279 2729/53/2505
f 2727/53/2509 2725/53/2504 2728/53/2508 2738/53/2510
f 2730/53/2167 2729/53/2167 2731/53/2167 2732/53/2167 2733/53/2167 2762/53/2167 2761/53/2167 2760/53/2167
f 2727/53/2509 2734/53/2511 2732/53/2280 2731/53/2279
f 2734/53/2511 2735/53/2512 2733/53/2287 2732/53/2280
f 2735/53/2512 2734/53/2511 2736/53/2513 2737/53/2514
f 2734/53/2511 2727/53/2509 2738/53/2510 2736/53/2513
f 2737/53/2514 2736/53/2513 2739/53/2515 2740/53/2516
f 2736/53/2513 2738/53/2510 2741/53/2517 2739/53/2515
f 2742/53/2518 2743/53/2519 2740/53/2516 2739/53/2515
f 2744/53/2520 2742/53/2518 2739/53/2515 2741/53/2517
f 2743/53/2519 2742/53/2518 2745/53/2280 2746/53/2287
f 2742/53/2518 2744/53/2520 2747/53/2279 2745/53/2280
f 2749/53/1957 2771/53/1957 2770/53/1957 2769/53/1957 2746/53/1957 2745/53/1957 2747/53/1957 2748/53/1957
f 2744/53/2520 2750/53/2521 2748/53/2505 2747/53/2279
f 2750/53/2521 2751/53/2522 2749/53/2506 2748/53/2505
f 2751/53/2522 2750/53/2521 2752/53/2523 2753/53/2524
f 2750/53/2521 2744/53/2520 2741/53/2517 2752/53/2523
f 2728/53/2508 2755/53/2507 2753/53/2524 2752/53/2523
f 2738/53/2510 2728/53/2508 2752/53/2523 2741/53/2517
f 2772/53/2525 2751/53/2522 2753/53/2524 2754/53/2526
f 2755/53/2507 2756/53/2527 2754/53/2526 2753/53/2524
f 2726/53/2503 2758/53/2528 2756/53/2527 2755/53/2507
f 2758/53/2528 2759/53/2529 2757/53/2530 2756/53/2527
f 2756/53/2527 2757/53/2530 2766/53/2531 2754/53/2526
f 2758/53/2528 2726/53/2503 2730/53/2506 2760/53/2294
f 2759/53/2529 2758/53/2528 2760/53/2294 2761/53/2296
f 2763/53/2532 2759/53/2529 2761/53/2296 2762/53/2288
f 2735/53/2512 2763/53/2532 2762/53/2288 2733/53/2287
f 2759/53/2529 2763/53/2532 2764/53/2533 2757/53/2530
f 2763/53/2532 2735/53/2512 2737/53/2514 2764/53/2533
f 2757/53/2530 2764/53/2533 2765/53/2534 2766/53/2531
f 2764/53/2533 2737/53/2514 2740/53/2516 2765/53/2534
f 2767/53/2535 2768/53/2536 2766/53/2531 2765/53/2534
f 2743/53/2519 2767/53/2535 2765/53/2534 2740/53/2516
f 2768/53/2536 2767/53/2535 2769/53/2288 2770/53/2296
f 2767/53/2535 2743/53/2519 2746/53/2287 2769/53/2288
f 2772/53/2525 2768/53/2536 2770/53/2296 2771/53/2294
f 2751/53/2522 2772/53/2525 2771/53/2294 2749/53/2506
f 2768/53/2536 2772/53/2525 2754/53/2526 2766/53/2531
f 2773/53/2537 2774/53/2538 2778/53/2539 2777/53/2539
f 2774/53/2538 2773/53/2537 2776/53/2540 2804/53/2541
f 2775/53/2542 2773/53/2537 2777/53/2539 2779/53/2539
f 2773/53/2537 2775/53/2542 2790/53/2543 2776/53/2540
f 2777/53/2544 2778/53/2545 2781/53/2545 2780/53/2544
f 2779/53/2546 2777/53/2544 2780/53/2544 2782/53/2546
f 2785/53/2547 2779/53/2546 2782/53/2546 2783/53/2547
f 2786/53/2548 2785/53/2547 2783/53/2547 2784/53/2548
f 2787/53/2549 2775/53/2542 2779/53/2539 2785/53/2539
f 2788/53/2550 2787/53/2549 2785/53/2539 2786/53/2539
f 2775/53/2542 2787/53/2549 2789/53/2551 2790/53/2543
f 2787/53/2549 2788/53/2550 2791/53/2552 2789/53/2551
f 2788/53/2550 2794/53/2553 2792/53/2554 2791/53/2552
f 2794/53/2553 2795/53/2555 2793/53/2556 2792/53/2554
f 2794/53/2553 2788/53/2550 2786/53/2539 2796/53/2539
f 2795/53/2555 2794/53/2553 2796/53/2539 2797/53/2539
f 2796/53/2557 2786/53/2548 2784/53/2548 2798/53/2558
f 2797/53/2559 2796/53/2557 2798/53/2558 2799/53/2559
f 2801/53/2560 2797/53/2559 2799/53/2559 2800/53/2560
f 2778/53/2545 2801/53/2560 2800/53/2560 2781/53/2545
f 2802/53/2561 2795/53/2555 2797/53/2539 2801/53/2539
f 2774/53/2538 2802/53/2561 2801/53/2539 2778/53/2539
f 2795/53/2555 2802/53/2561 2803/53/2562 2793/53/2556
f 2802/53/2561 2774/53/2538 2804/53/2541 2803/53/2562
f 2805/54/2225 2809/54/2231 2818/55/2233 2806/55/2232
f 2805/54/2225 2806/55/2232 2823/57/2238 2807/56/2226
f 2808/58/2219 2805/59/2225 2807/60/2226 2824/61/2223
f 2808/58/2219 2811/58/2227 2810/59/2228 2805/59/2225
f 2805/54/2225 2810/54/2228 2812/54/2230 2809/54/2231
f 2811/58/2227 2813/58/2229 2812/59/2230 2810/59/2228
f 2813/58/2229 2814/58/2222 2809/65/2231 2812/65/2230
f 2814/58/2222 2813/58/2229 2811/58/2227 2808/58/2219
f 2816/62/2220 2815/62/2221 2814/58/2222 2808/58/2219
f 2814/58/2222 2815/62/2221 2818/64/2233 2809/65/2231
f 2816/62/2220 2821/62/2237 2817/62/2236 2815/62/2221
f 2819/64/2234 2818/64/2233 2815/62/2221 2817/62/2236
f 2818/55/2233 2819/55/2234 2820/55/2235 2806/55/2232
f 2820/55/2235 2819/55/2234 2817/62/2236 2821/62/2237
f 2806/55/2232 2820/55/2235 2821/62/2237 2816/62/2220
f 2806/55/2232 2816/62/2220 2822/63/2224 2823/57/2238
f 2816/62/2220 2808/58/2219 2824/61/2223 2822/63/2224
f 2822/63/2224 2824/61/2223 2807/67/2226 2823/66/2238
f 2826/58/2240 2829/58/2241 2828/59/2242 2825/59/2239
f 2826/58/2240 2825/59/2239 2827/59/2243 2832/58/2244
f 2825/59/2239 2828/59/2242 2830/59/2246 2827/59/2243
f 2829/58/2241 2831/58/2245 2830/59/2246 2828/59/2242
f 2827/59/2243 2830/59/2246 2831/58/2245 2832/58/2244
f 2832/58/2244 2831/58/2245 2829/58/2241 2826/58/2240
f 2834/58/2248 2837/58/2248 2836/59/2247 2833/59/2247
f 2833/59/2247 2836/59/2247 2838/59/2250 2835/59/2250
f 2835/59/2250 2838/59/2250 2839/58/2249 2840/58/2249
f 2840/58/2249 2839/58/2249 2837/58/2248 2834/58/2248
f 2842/53/2563 2841/53/2564 2844/53/2565 2845/53/2566
f 2841/53/2564 2843/53/2567 2846/53/2568 2844/53/2565
f 2845/53/2566 2844/53/2565 2846/53/2568 2847/53/2569 2848/53/2570 2852/53/2571
f 2843/53/2567 2849/53/2572 2847/53/2569 2846/53/2568
f 2849/53/2572 2850/53/2573 2848/53/2570 2847/53/2569
f 2850/53/2573 2851/53/2574 2852/53/2571 2848/53/2570
f 2851/53/2574 2842/53/2563 2845/53/2566 2852/53/2571
f 2854/53/2563 2853/53/2564 2856/53/2565 2857/53/2566
f 2853/53/2564 2855/53/2567 2858/53/2568 2856/53/2565
f 2857/53/2566 2856/53/2565 2858/53/2568 2859/53/2569 2860/53/2570 2864/53/2571
f 2855/53/2567 2861/53/2572 2859/53/2569 2858/53/2568
f 2861/53/2572 2862/53/2573 2860/53/2570 2859/53/2569
f 2862/53/2573 2863/53/2574 2864/53/2571 2860/53/2570
f 2863/53/2574 2854/53/2563 2857/53/2566 2864/53/2571
f 2866/53/2563 2865/53/2564 2868/53/2565 2869/53/2566
f 2865/53/2564 2867/53/2567 2870/53/2568 2868/53/2565
f 2869/53/2566 2868/53/2565 2870/53/2568 2871/53/2569 2872/53/2570 2876/53/2571
f 2867/53/2567 2873/53/2572 2871/53/2569 2870/53/2568
f 2873/53/2572 2874/53/2573 2872/53/2570 2871/53/2569
f 2874/53/2573 2875/53/2574 2876/53/2571 2872/53/2570
f 2875/53/2574 2866/53/2563 2869/53/2566 2876/53/2571
f 2878/53/2563 2877/53/2564 2880/53/2565 2881/53/2566
f 2877/53/2564 2879/53/2575 2882/53/2568 2880/53/2565
f 2881/53/2566 2880/53/2565 2882/53/2568 2883/53/2569 2884/53/2570 2888/53/2571
f 2879/53/2575 2885/53/2572 2883/53/2569 2882/53/2568
f 2885/53/2572 2886/53/2573 2884/53/2570 2883/53/2569
f 2886/53/2573 2887/53/2574 2888/53/2571 2884/53/2570
f 2887/53/2574 2878/53/2563 2881/53/2566 2888/53/2571
f 2890/53/2576 2889/53/2577 2892/53/2578 2893/53/2579
f 2889/53/2577 2891/53/2580 2894/53/2581 2892/53/2578
f 2893/53/2579 2892/53/2578 2894/53/2581 2895/53/2582 2896/53/2583 2900/53/2584
f 2891/53/2580 2897/53/2585 2895/53/2582 2894/53/2581
f 2897/53/2585 2898/53/2586 2896/53/2583 2895/53/2582
f 2898/53/2586 2899/53/2587 2900/53/2584 2896/53/2583
f 2899/53/2587 2890/53/2576 2893/53/2579 2900/53/2584
f 2902/152/2588 2912/153/2589 2901/154/2590
f 2902/152/2588 2901/154/2590 2903/153/2591
f 2903/153/2591 2901/155/2590 2904/156/2592
f 2904/156/2592 2901/157/2590 2905/158/2593
f 2905/158/2593 2901/159/2590 2906/160/2594
f 2906/160/2594 2901/161/2590 2907/162/2595
f 2907/162/2595 2901/163/2590 2911/164/2596
f 2911/164/2596 2901/163/2590 2908/165/2597
f 2908/165/2597 2901/166/2590 2909/167/2598
f 2909/167/2598 2901/168/2590 2910/169/2599
f 2918/167/2600 2910/169/2599 2901/168/2590
f 2912/153/2589 2913/156/2601 2901/155/2590
f 2913/156/2601 2914/158/2602 2901/157/2590
f 2914/158/2602 2915/160/2603 2901/159/2590
f 2915/160/2603 2916/162/2604 2901/161/2590
f 2916/162/2604 2919/164/2605 2901/163/2590
f 2919/164/2605 2917/165/2606 2901/163/2590
f 2917/165/2606 2918/167/2600 2901/166/2590
f 2920/170/2607 2922/171/2608 2917/165/2606 2919/164/2605
f 2921/172/2609 2920/170/2607 2919/164/2605 2916/162/2604
f 2924/173/2610 2923/174/2611 2920/170/2607 2921/172/2609
f 2923/174/2611 2925/175/2612 2922/171/2608 2920/170/2607
f 2928/176/2613 2926/177/2614 2923/174/2611 2924/173/2610
f 2926/177/2614 2927/1/2615 2925/175/2612 2923/174/2611
f 2927/1/2615 2926/177/2614 2929/3/2616 2931/2/2617
f 2928/176/2613 2930/178/2618 2929/3/2616 2926/177/2614
f 2930/53/2618 2934/53/2619 2932/53/2620 2929/53/2616
f 2929/3/2616 2932/3/2620 2933/2/2621 2931/2/2617
f 2932/3/2620 2936/3/2622 2937/2/2623 2933/2/2621
f 2934/53/2619 2948/53/2624 2935/53/2625 2932/53/2620
f 2935/53/2625 2940/53/2626 2936/53/2622 2932/53/2620
f 2938/3/2627 3091/2/2628 2937/2/2623 2936/3/2622
f 3108/53/2629 2938/53/2627 2936/53/2622 2939/53/2630
f 2939/53/2630 2936/53/2622 2940/53/2626 2941/53/2631
f 2941/53/2631 2940/53/2626 2942/53/2632 2944/53/2633
f 2945/53/2634 2942/53/2632 2940/53/2626 2935/53/2625
f 2946/53/2635 2943/53/2636 2942/53/2632 2945/53/2634
f 2944/53/2633 2942/53/2632 2943/53/2636 3112/53/2637
f 2947/53/2638 2949/53/2639 2946/53/2635 2945/53/2634
f 2948/53/2624 2947/53/2638 2945/53/2634 2935/53/2625
f 2952/53/2640 2950/53/2641 2947/53/2638 2948/53/2624
f 2950/53/2641 2951/53/2642 2949/53/2639 2947/53/2638
f 2953/53/2643 2954/53/2644 2951/53/2642 2950/53/2641
f 2955/53/2645 2953/53/2643 2950/53/2641 2952/53/2640
f 2956/53/2646 2958/53/2647 2954/53/2644 2953/53/2643
f 2957/53/2648 2956/53/2646 2953/53/2643 2955/53/2645
f 2957/53/2648 2960/53/2649 2959/53/2650 2956/53/2646
f 2956/53/2646 2959/53/2650 2961/53/2651 2958/53/2647
f 2960/53/2649 2964/53/2652 2962/53/2653 2959/53/2650
f 2959/53/2650 2962/53/2653 2963/53/2654 2961/53/2651
f 2962/53/2653 2965/53/2655 2966/53/2656 2963/53/2654
f 2964/53/2652 2967/53/2657 2965/53/2655 2962/53/2653
f 2965/53/2655 2944/53/2633 3112/53/2637 2966/53/2656
f 2967/53/2657 2941/53/2631 2944/53/2633 2965/53/2655
f 2970/53/2658 2968/53/2659 2967/53/2657 2964/53/2652
f 2968/53/2659 2939/53/2630 2941/53/2631 2967/53/2657
f 2971/53/2660 2969/53/2661 2968/53/2659 2970/53/2658
f 2969/53/2661 3108/53/2629 2939/53/2630 2968/53/2659
f 2973/53/2662 2971/53/2660 2970/53/2658 2972/53/2663
f 2972/53/2663 2970/53/2658 2964/53/2652 2960/53/2649
f 3101/53/2664 2973/53/2662 2972/53/2663 2974/53/2665
f 2978/53/2666 2974/53/2665 2972/53/2663 2975/53/2667
f 2975/53/2667 2972/53/2663 2960/53/2649 2957/53/2648
f 2979/53/2668 2978/53/2666 2975/53/2667 2976/53/2669
f 2976/53/2669 2975/53/2667 2977/53/2670 3055/53/2671
f 2975/53/2667 2957/53/2648 2955/53/2645 2977/53/2670
f 2981/53/2672 2980/53/2673 2978/53/2666 2979/53/2668
f 2980/53/2673 2983/53/2674 2974/53/2665 2978/53/2666
f 2981/53/2672 3045/53/2675 2982/53/2676 2980/53/2673
f 2980/53/2673 2982/53/2676 2985/53/2677 2983/53/2674
f 2984/53/2678 3101/53/2664 2974/53/2665 2983/53/2674
f 2984/53/2678 2983/53/2674 2985/53/2677 2986/53/2679
f 2986/53/2679 2985/53/2677 2987/53/2680 2988/53/2681
f 2982/53/2676 2991/53/2682 2987/53/2680 2985/53/2677
f 2988/53/2681 2987/53/2680 2989/53/2683 3100/53/2684
f 2987/53/2680 2990/53/2685 3019/53/2686 2989/53/2683
f 2991/53/2682 2994/53/2687 2990/53/2685 2987/53/2680
f 3045/53/2675 2992/53/2688 2991/53/2682 2982/53/2676
f 2992/53/2688 3038/53/2689 2993/53/2690 2991/53/2682
f 2991/53/2682 2993/53/2690 2996/53/2691 2994/53/2687
f 2994/53/2687 2995/53/2692 3020/53/2693 2990/53/2685
f 2994/53/2687 2996/53/2691 2998/53/2694 2995/53/2692
f 2993/53/2690 3035/53/2695 2997/53/2696 2996/53/2691
f 2996/53/2691 2997/53/2696 3000/53/2697 2998/53/2694
f 2998/53/2694 3000/53/2697 3001/53/2698 2999/53/2699
f 2995/53/2692 2998/53/2694 2999/53/2699 3022/53/2700
f 3000/53/2697 3002/53/2701 3004/53/2702 3001/53/2698
f 2997/53/2696 3003/53/2703 3002/53/2701 3000/53/2697
f 3003/53/2703 3007/53/2704 3005/53/2705 3002/53/2701
f 3002/53/2701 3005/53/2705 3006/53/2706 3004/53/2702
f 3006/53/2706 3005/53/2705 3008/53/2707 3009/53/2708
f 3005/53/2705 3007/53/2704 3010/53/2709 3008/53/2707
f 3011/53/2710 3013/53/2711 3009/53/2708 3008/53/2707
f 3012/53/2712 3011/53/2710 3008/53/2707 3010/53/2709
f 3016/53/2713 3014/53/2714 3011/53/2710 3012/53/2712
f 3014/53/2714 3015/53/2715 3013/53/2711 3011/53/2710
f 3017/53/2716 3018/53/2717 3015/53/2715 3014/53/2714
f 3019/53/2686 3017/53/2716 3014/53/2714 3016/53/2713
f 3020/53/2693 3021/53/2718 3018/53/2717 3017/53/2716
f 2990/53/2685 3020/53/2693 3017/53/2716 3019/53/2686
f 2995/53/2692 3022/53/2700 3021/53/2718 3020/53/2693
f 3022/53/2700 2999/53/2699 3018/53/2717 3021/53/2718
f 2989/53/2683 3019/53/2686 3016/53/2713 3023/53/2719
f 2999/53/2699 3001/53/2698 3015/53/2715 3018/53/2717
f 3023/53/2719 3016/53/2713 3012/53/2712 3025/53/2720
f 3100/53/2684 2989/53/2683 3023/53/2719 3024/53/2721
f 3024/53/2721 3023/53/2719 3025/53/2720 3026/53/2722
f 3026/53/2722 3025/53/2720 3027/53/2723 3029/53/2724
f 3025/53/2720 3012/53/2712 3010/53/2709 3027/53/2723
f 3030/3/2725 3031/2/2726 3028/2/2727 3027/3/2723
f 3029/3/2724 3027/3/2723 3028/2/2727 3104/2/2728
f 3007/53/2704 3030/53/2725 3027/53/2723 3010/53/2709
f 3032/3/2729 3078/2/2730 3031/2/2726 3030/3/2725
f 3034/53/2731 3032/53/2729 3030/53/2725 3033/53/2732
f 3033/53/2732 3030/53/2725 3007/53/2704 3003/53/2703
f 3036/53/2733 3034/53/2731 3033/53/2732 3035/53/2695
f 3035/53/2695 3033/53/2732 3003/53/2703 2997/53/2696
f 3038/53/2689 3036/53/2733 3035/53/2695 2993/53/2690
f 3077/176/2734 3034/178/2731 3036/179/2733 3037/180/2735
f 3037/180/2735 3036/179/2733 3038/9/2689 3039/181/2736
f 3041/63/2737 3039/32/2736 3038/9/2689 2992/182/2688
f 3039/181/2736 3040/183/2738 3068/184/2739 3037/180/2735
f 3041/185/2737 3042/186/2740 3040/183/2738 3039/181/2736
f 3043/187/2741 3044/188/2742 3042/186/2740 3041/185/2737
f 3043/189/2741 3041/63/2737 2992/182/2688 3045/190/2675
f 3046/191/2743 3047/192/2744 3044/188/2742 3043/187/2741
f 3046/193/2743 3043/189/2741 3045/190/2675 2981/193/2672
f 3046/193/2743 2981/193/2672 2979/190/2668 3048/189/2745
f 3046/191/2743 3048/187/2745 3049/188/2746 3047/192/2744
f 3048/187/2745 3050/185/2747 3051/186/2748 3049/188/2746
f 3048/189/2745 2979/190/2668 2976/182/2669 3050/63/2747
f 3050/185/2747 3052/181/2749 3053/183/2750 3051/186/2748
f 3050/63/2747 2976/182/2669 3055/9/2671 3052/32/2749
f 3052/181/2749 3054/180/2751 3058/184/2752 3053/183/2750
f 3054/180/2751 3052/181/2749 3055/9/2671 3056/179/2753
f 3055/53/2671 2977/53/2670 3057/53/2754 3056/53/2753
f 2928/176/2613 3054/180/2751 3056/179/2753 2930/178/2618
f 3056/53/2753 3057/53/2754 2934/53/2619 2930/53/2618
f 3057/53/2754 2952/53/2640 2948/53/2624 2934/53/2619
f 2977/53/2670 2955/53/2645 2952/53/2640 3057/53/2754
f 3054/180/2751 2928/176/2613 2924/173/2610 3058/184/2752
f 3058/184/2752 2924/173/2610 2921/172/2609 3059/194/2755
f 3053/183/2750 3058/184/2752 3059/194/2755 3060/195/2756
f 3059/194/2755 2921/172/2609 2916/162/2604 2915/160/2603
f 3060/195/2756 3059/194/2755 2915/160/2603 2914/158/2602
f 3061/196/2757 3060/195/2756 2914/158/2602 2913/156/2601
f 3051/186/2748 3053/183/2750 3060/195/2756 3061/196/2757
f 3062/197/2758 3061/196/2757 2913/156/2601 2912/153/2589
f 3049/188/2746 3051/186/2748 3061/196/2757 3062/197/2758
f 3063/198/2759 3062/197/2758 2912/153/2589 2902/152/2588
f 3047/192/2744 3049/188/2746 3062/197/2758 3063/198/2759
f 3063/198/2759 2902/152/2588 2903/153/2591 3064/197/2760
f 3047/192/2744 3063/198/2759 3064/197/2760 3044/188/2742
f 3064/197/2760 2903/153/2591 2904/156/2592 3065/196/2761
f 3044/188/2742 3064/197/2760 3065/196/2761 3042/186/2740
f 3065/196/2761 2904/156/2592 2905/158/2593 3066/195/2762
f 3042/186/2740 3065/196/2761 3066/195/2762 3040/183/2738
f 3066/195/2762 2905/158/2593 2906/160/2594 3067/194/2763
f 3040/183/2738 3066/195/2762 3067/194/2763 3068/184/2739
f 3067/194/2763 2906/160/2594 2907/162/2595 3069/172/2764
f 3068/184/2739 3067/194/2763 3069/172/2764 3070/173/2765
f 3069/172/2764 2907/162/2595 2911/164/2596 3071/170/2766
f 3070/173/2765 3069/172/2764 3071/170/2766 3073/174/2767
f 3073/174/2767 3071/170/2766 3072/171/2768 3074/175/2769
f 3071/170/2766 2911/164/2596 2908/165/2597 3072/171/2768
f 3077/176/2734 3070/173/2765 3073/174/2767 3075/177/2770
f 3075/177/2770 3073/174/2767 3074/175/2769 3076/1/2771
f 3076/1/2771 3078/2/2730 3032/3/2729 3075/177/2770
f 3077/176/2734 3075/177/2770 3032/3/2729 3034/178/2731
f 3037/180/2735 3068/184/2739 3070/173/2765 3077/176/2734
f 3076/1/2771 3074/175/2769 3080/199/2772 3079/11/2773
f 3076/1/2771 3079/11/2773 3081/12/2774 3078/2/2730
f 3079/11/2773 3080/199/2772 3083/200/2775 3082/39/2776
f 3079/11/2773 3082/39/2776 3084/40/2777 3081/12/2774
f 3085/11/2778 3082/39/2776 3083/200/2775 3086/199/2779
f 3085/11/2778 3087/12/2780 3084/40/2777 3082/39/2776
f 2927/1/2615 3085/11/2778 3086/199/2779 2925/175/2612
f 2927/1/2615 2931/2/2617 3087/12/2780 3085/11/2778
f 3087/12/2780 3088/12/2781 3090/40/2782 3084/40/2777
f 2931/2/2617 3091/2/2628 3088/12/2781 3087/12/2780
f 3089/11/2783 3107/39/2784 3090/40/2782 3088/12/2781
f 3092/1/2785 3089/11/2783 3088/12/2781 3091/2/2628
f 3092/1/2785 3091/2/2628 2938/3/2627 3093/177/2786
f 2933/2/2621 2937/2/2623 3091/2/2628 2931/2/2617
f 3094/176/2787 3093/177/2786 2938/3/2627 3108/178/2629
f 3096/1/2788 3095/177/2789 3029/3/2724 3104/2/2728
f 3097/176/2790 3026/178/2722 3029/3/2724 3095/177/2789
f 3097/176/2790 3098/180/2791 3024/179/2721 3026/178/2722
f 3098/180/2791 3099/181/2792 3100/9/2684 3024/179/2721
f 3103/180/2793 2969/179/2661 2971/9/2660 3102/181/2794
f 3094/176/2787 3108/178/2629 2969/179/2661 3103/180/2793
f 3096/1/2788 3104/2/2728 3106/12/2795 3105/11/2796
f 3105/11/2796 3106/12/2795 3090/40/2782 3107/39/2784
f 3081/12/2774 3084/40/2777 3090/40/2782 3106/12/2795
f 3078/2/2730 3081/12/2774 3106/12/2795 3104/2/2728
f 3031/2/2726 3078/2/2730 3104/2/2728 3028/2/2727
f 3086/199/2779 3083/200/2775 3110/201/2797 3109/202/2798
f 2925/175/2612 3086/199/2779 3109/202/2798 2922/171/2608
f 3109/202/2798 3110/201/2797 2910/169/2599 2918/167/2600
f 2922/171/2608 3109/202/2798 2918/167/2600 2917/165/2606
f 3111/202/2799 2909/167/2598 2910/169/2599 3110/201/2797
f 3080/199/2772 3111/202/2799 3110/201/2797 3083/200/2775
f 3072/171/2768 2908/165/2597 2909/167/2598 3111/202/2799
f 3074/175/2769 3072/171/2768 3111/202/2799 3080/199/2772
f 3001/53/2698 3004/53/2702 3013/53/2711 3015/53/2715
f 3004/53/2702 3006/53/2706 3009/53/2708 3013/53/2711
f 2951/53/2642 2966/53/2656 3112/53/2637 2949/53/2639
f 2954/53/2644 2963/53/2654 2966/53/2656 2951/53/2642
f 2949/53/2639 3112/53/2637 2943/53/2636 2946/53/2635
f 2958/53/2647 2961/53/2651 2963/53/2654 2954/53/2644
f 3114/203/2800 3113/204/2801 3117/205/2802
f 3113/204/2801 3114/206/2800 3115/207/2803
f 3113/204/2801 3115/207/2803 3116/208/2804
f 3113/204/2801 3116/208/2804 3118/209/2805
f 3117/205/2802 3113/204/2801 3118/209/2805
f 3121/210/2806 3118/209/2805 3119/211/2807
f 3118/209/2805 3120/212/2808 3119/211/2807
f 3118/209/2805 3116/208/2804 3120/212/2808
f 3121/210/2806 3117/205/2802 3118/209/2805
f 3121/210/2806 3119/211/2807 3122/213/2809
f 3121/210/2806 3122/213/2809 3123/211/2810
f 3121/210/2806 3124/209/2811 3117/205/2802
f 3121/210/2806 3123/211/2810 3124/209/2811
f 3124/209/2811 3123/211/2810 3126/212/2812
f 3117/205/2802 3124/209/2811 3125/204/2813
f 3125/204/2813 3124/209/2811 3127/208/2814
f 3124/209/2811 3126/212/2812 3127/208/2814
f 3125/204/2813 3127/208/2814 3130/207/2815
f 3127/208/2814 3128/214/2816 3129/215/2817
f 3127/208/2814 3126/212/2812 3128/214/2816
f 3127/208/2814 3129/215/2817 3130/207/2815
f 3125/204/2813 3130/207/2815 3114/206/2800
f 3130/207/2815 3131/216/2818 3132/217/2819
f 3130/207/2815 3129/215/2817 3131/216/2818
f 3130/207/2815 3132/217/2819 3114/206/2800
f 3115/207/2803 3132/217/2819 3133/216/2820
f 3132/218/2819 3134/219/2821 3133/216/2820
f 3132/218/2819 3131/216/2818 3134/219/2821
f 3115/207/2803 3114/206/2800 3132/217/2819
f 3133/216/2820 3134/219/2821 3135/220/2822
f 3135/220/2822 3134/219/2821 3136/221/2823
f 3137/220/2824 3136/221/2823 3134/219/2821
f 3131/216/2818 3137/220/2824 3134/219/2821
f 3131/216/2818 3129/215/2817 3137/220/2824
f 3137/220/2824 3138/222/2825 3136/221/2823
f 3137/220/2824 3139/223/2826 3138/222/2825
f 3129/215/2817 3139/223/2826 3137/220/2824
f 3129/215/2817 3128/214/2816 3139/223/2826
f 3128/214/2816 3140/224/2827 3139/223/2826
f 3139/223/2826 3141/225/2828 3138/222/2825
f 3140/224/2827 3141/225/2828 3139/223/2826
f 3138/222/2825 3141/226/2828 3144/227/2829
f 3141/226/2828 3142/228/2830 3143/229/2831
f 3140/224/2827 3142/230/2830 3141/225/2828
f 3141/226/2828 3143/229/2831 3144/227/2829
f 3136/221/2823 3144/227/2829 3145/222/2832
f 3145/222/2832 3144/227/2829 3146/226/2833
f 3146/226/2833 3144/227/2829 3143/229/2831
f 3136/221/2823 3138/222/2825 3144/227/2829
f 3149/223/2834 3145/222/2832 3146/225/2833
f 3146/226/2833 3143/229/2831 3147/228/2835
f 3148/224/2836 3146/225/2833 3147/230/2835
f 3148/224/2836 3149/223/2834 3146/225/2833
f 3151/215/2837 3149/223/2834 3150/214/2838
f 3150/214/2838 3149/223/2834 3148/224/2836
f 3135/220/2822 3145/222/2832 3149/223/2834
f 3151/215/2837 3135/220/2822 3149/223/2834
f 3116/208/2804 3151/215/2837 3150/214/2838
f 3115/207/2803 3133/216/2820 3151/215/2837
f 3133/216/2820 3135/220/2822 3151/215/2837
f 3116/208/2804 3115/207/2803 3151/215/2837
f 3116/208/2804 3150/214/2838 3120/212/2808
f 3120/212/2808 3150/214/2838 3148/231/2836
f 3152/232/2839 3148/231/2836 3147/233/2835
f 3152/232/2839 3120/212/2808 3148/231/2836
f 3122/213/2809 3119/211/2807 3152/234/2839
f 3119/211/2807 3120/212/2808 3152/232/2839
f 3153/235/2840 3152/234/2839 3147/236/2835
f 3153/235/2840 3122/213/2809 3152/234/2839
f 3143/237/2831 3153/238/2840 3147/239/2835
f 3143/237/2831 3142/239/2830 3153/238/2840
f 3153/235/2840 3154/234/2841 3122/213/2809
f 3153/235/2840 3142/236/2830 3154/234/2841
f 3122/213/2809 3154/234/2841 3123/211/2810
f 3123/211/2810 3154/232/2841 3126/212/2812
f 3154/232/2841 3142/233/2830 3140/231/2827
f 3154/232/2841 3140/231/2827 3126/212/2812
f 3135/220/2822 3136/221/2823 3145/222/2832
f 3126/212/2812 3140/231/2827 3128/214/2816
f 3114/203/2800 3117/205/2802 3125/204/2813
f 3155/53/2842 3158/53/2843 3159/53/2844 3156/53/2845
f 3157/53/2846 3160/53/2847 3158/53/2843 3155/53/2842
f 3158/53/2843 3161/53/2848 3162/53/2849 3159/53/2844
f 3160/53/2847 3163/53/2850 3161/53/2848 3158/53/2843
f 3161/53/2848 3164/53/2851 3165/53/2852 3162/53/2849
f 3163/53/2850 3166/53/2853 3164/53/2851 3161/53/2848
f 3164/53/2851 3167/53/2854 3168/53/2855 3165/53/2852
f 3166/53/2853 3169/53/2856 3167/53/2854 3164/53/2851
f 3172/53/2857 3170/53/2858 3169/53/2856 3166/53/2853
f 3173/53/2859 3171/53/2860 3170/53/2858 3172/53/2857
f 3175/53/2861 3173/53/2859 3172/53/2857 3174/53/2862
f 3174/53/2862 3172/53/2857 3166/53/2853 3163/53/2850
f 3177/53/2863 3175/53/2861 3174/53/2862 3176/53/2864
f 3176/53/2864 3174/53/2862 3163/53/2850 3160/53/2847
f 3179/53/2865 3177/53/2863 3176/53/2864 3178/53/2866
f 3178/53/2866 3176/53/2864 3160/53/2847 3157/53/2846
f 3180/53/2867 3181/53/2868 3177/53/2863 3179/53/2865
f 3156/53/2845 3159/53/2844 3181/53/2868 3180/53/2867
f 3159/53/2844 3162/53/2849 3182/53/2869 3181/53/2868
f 3181/53/2868 3182/53/2869 3175/53/2861 3177/53/2863
f 3162/53/2849 3165/53/2852 3183/53/2870 3182/53/2869
f 3182/53/2869 3183/53/2870 3173/53/2859 3175/53/2861
f 3165/53/2852 3168/53/2855 3184/53/2871 3183/53/2870
f 3183/53/2870 3184/53/2871 3171/53/2860 3173/53/2859
f 3185/240/2872 3186/241/2873 3187/242/2874
f 3185/243/2872 3189/203/2875 3186/244/2873
f 3185/245/2872 3187/246/2874 3188/247/2876
f 3185/248/2872 3188/249/2876 3190/218/2877
f 3189/206/2875 3185/250/2872 3190/217/2877
f 3193/207/2878 3190/217/2877 3191/216/2879
f 3190/218/2877 3192/219/2880 3191/216/2879
f 3190/218/2877 3188/249/2876 3192/219/2880
f 3193/207/2878 3189/206/2875 3190/217/2877
f 3194/204/2881 3193/207/2878 3195/208/2882
f 3194/204/2881 3189/206/2875 3193/207/2878
f 3193/207/2878 3191/216/2879 3196/215/2883
f 3195/208/2882 3193/207/2878 3196/215/2883
f 3195/208/2882 3196/215/2883 3197/214/2884
f 3196/215/2883 3198/223/2885 3197/214/2884
f 3191/216/2879 3199/220/2886 3196/215/2883
f 3196/215/2883 3199/220/2886 3198/223/2885
f 3191/216/2879 3192/219/2880 3199/220/2886
f 3199/220/2886 3201/221/1957 3200/222/2887
f 3199/220/2886 3200/222/2887 3198/223/2885
f 3199/220/2886 3192/219/2880 3201/221/1957
f 3201/221/1957 3203/227/2888 3200/222/2887
f 3192/219/2880 3202/251/2889 3201/221/1957
f 3202/251/2889 3204/252/2890 3201/221/1957
f 3201/221/1957 3204/252/2890 3203/227/2888
f 3202/251/2889 3207/253/2891 3204/252/2890
f 3204/252/2890 3206/254/2892 3205/255/2893
f 3204/252/2890 3205/255/2893 3203/227/2888
f 3204/252/2890 3207/253/2891 3206/254/2892
f 3188/247/2876 3207/253/2891 3202/251/2889
f 3187/246/2874 3208/256/2894 3207/253/2891
f 3207/253/2891 3208/256/2894 3206/254/2892
f 3188/247/2876 3187/246/2874 3207/253/2891
f 3187/242/2874 3209/257/2895 3208/256/2894
f 3208/256/2894 3209/257/2895 3210/258/2896
f 3208/256/2894 3210/258/2896 3206/254/2892
f 3210/258/2896 3213/259/2897 3211/260/2898
f 3210/258/2896 3211/260/2898 3212/261/2899
f 3206/254/2892 3210/258/2896 3212/261/2899
f 3210/258/2896 3209/257/2895 3213/259/2897
f 3213/262/2897 3215/213/2900 3211/263/2898
f 3209/257/2895 3214/264/2901 3213/259/2897
f 3214/265/2901 3216/210/2167 3213/262/2897
f 3213/262/2897 3216/210/2167 3215/213/2900
f 3214/265/2901 3219/205/2902 3216/210/2167
f 3216/210/2167 3218/209/2903 3217/211/2904
f 3216/210/2167 3217/211/2904 3215/213/2900
f 3216/210/2167 3219/205/2902 3218/209/2903
f 3186/244/2873 3219/205/2902 3214/265/2901
f 3189/203/2875 3194/204/2881 3219/205/2902
f 3219/205/2902 3194/204/2881 3218/209/2903
f 3186/244/2873 3189/203/2875 3219/205/2902
f 3218/209/2903 3220/212/2905 3217/211/2904
f 3194/204/2881 3195/208/2882 3218/209/2903
f 3218/209/2903 3195/208/2882 3220/212/2905
f 3217/211/2904 3220/212/2905 3221/232/2906
f 3195/208/2882 3197/214/2884 3220/212/2905
f 3220/212/2905 3197/214/2884 3222/231/2907
f 3221/232/2906 3220/212/2905 3222/231/2907
f 3221/232/2906 3222/231/2907 3223/233/2908
f 3222/224/2907 3224/225/2909 3223/230/2908
f 3197/214/2884 3198/223/2885 3222/224/2907
f 3222/224/2907 3198/223/2885 3224/225/2909
f 3198/223/2885 3200/222/2887 3224/225/2909
f 3200/222/2887 3203/227/2888 3224/226/2909
f 3224/226/2909 3225/229/2910 3223/228/2908
f 3224/226/2909 3203/227/2888 3225/229/2910
f 3203/227/2888 3205/255/2893 3225/229/2910
f 3205/255/2893 3212/261/2899 3225/237/2910
f 3225/237/2910 3226/238/2911 3223/239/2908
f 3225/237/2910 3212/261/2899 3226/238/2911
f 3212/261/2899 3211/260/2898 3226/238/2911
f 3211/263/2898 3215/213/2900 3226/235/2911
f 3226/235/2911 3221/234/2906 3223/236/2908
f 3226/235/2911 3215/213/2900 3221/234/2906
f 3215/213/2900 3217/211/2904 3221/234/2906
f 3186/241/2873 3214/264/2901 3209/257/2895
f 3206/254/2892 3212/261/2899 3205/255/2893
f 3187/242/2874 3186/241/2873 3209/257/2895
f 3188/249/2876 3202/251/2889 3192/219/2880
f 3227/53/2912 3228/53/2913 3231/53/2914 3230/53/2915
f 3229/53/2916 3227/53/2912 3230/53/2915 3232/53/2917
f 3230/53/2915 3231/53/2914 3234/53/2918 3233/53/2848
f 3232/53/2917 3230/53/2915 3233/53/2848 3235/53/2849
f 3233/53/2848 3234/53/2918 3237/53/2853 3236/53/2851
f 3235/53/2849 3233/53/2848 3236/53/2851 3238/53/2852
f 3236/53/2851 3237/53/2853 3240/53/2856 3239/53/2854
f 3238/53/2852 3236/53/2851 3239/53/2854 3241/53/2855
f 3244/53/2870 3238/53/2852 3241/53/2855 3242/53/2871
f 3245/53/2859 3244/53/2870 3242/53/2871 3243/53/2860
f 3247/53/2861 3246/53/2869 3244/53/2870 3245/53/2859
f 3246/53/2869 3235/53/2849 3238/53/2852 3244/53/2870
f 3249/53/2919 3248/53/2920 3246/53/2869 3247/53/2861
f 3248/53/2920 3232/53/2917 3235/53/2849 3246/53/2869
f 3251/53/2921 3250/53/2922 3248/53/2920 3249/53/2919
f 3250/53/2922 3229/53/2916 3232/53/2917 3248/53/2920
f 3252/53/2923 3251/53/2921 3249/53/2919 3253/53/2924
f 3228/53/2913 3252/53/2923 3253/53/2924 3231/53/2914
f 3231/53/2914 3253/53/2924 3254/53/2862 3234/53/2918
f 3253/53/2924 3249/53/2919 3247/53/2861 3254/53/2862
f 3234/53/2918 3254/53/2862 3255/53/2857 3237/53/2853
f 3254/53/2862 3247/53/2861 3245/53/2859 3255/53/2857
f 3237/53/2853 3255/53/2857 3256/53/2858 3240/53/2856
f 3255/53/2857 3245/53/2859 3243/53/2860 3256/53/2858
f 3257/240/2872 3259/242/2925 3258/241/2926
f 3257/243/2872 3258/244/2926 3261/203/2927
f 3257/245/2872 3260/247/2928 3259/246/2925
f 3257/248/2872 3262/218/2929 3260/249/2928
f 3261/206/2927 3262/217/2929 3257/250/2872
f 3265/207/2930 3263/216/2931 3262/217/2929
f 3262/218/2929 3263/216/2931 3264/219/2932
f 3262/218/2929 3264/219/2932 3260/249/2928
f 3265/207/2930 3262/217/2929 3261/206/2927
f 3266/204/2933 3267/208/2896 3265/207/2930
f 3266/204/2933 3265/207/2930 3261/206/2927
f 3265/207/2930 3268/215/2892 3263/216/2931
f 3267/208/2896 3268/215/2892 3265/207/2930
f 3267/208/2896 3269/214/2934 3268/215/2892
f 3268/215/2892 3269/214/2934 3270/223/2935
f 3263/216/2931 3268/215/2892 3271/220/2890
f 3268/215/2892 3270/223/2935 3271/220/2890
f 3263/216/2931 3271/220/2890 3264/219/2932
f 3271/220/2890 3272/222/2936 3273/221/1957
f 3271/220/2890 3270/223/2935 3272/222/2936
f 3271/220/2890 3273/221/1957 3264/219/2932
f 3273/221/1957 3272/222/2936 3275/227/2937
f 3264/219/2932 3273/221/1957 3274/251/2938
f 3274/251/2938 3273/221/1957 3276/252/2886
f 3273/221/1957 3275/227/2937 3276/252/2886
f 3274/251/2938 3276/252/2886 3279/253/2939
f 3276/252/2886 3277/255/2940 3278/254/2883
f 3276/252/2886 3275/227/2937 3277/255/2940
f 3276/252/2886 3278/254/2883 3279/253/2939
f 3260/247/2928 3274/251/2938 3279/253/2939
f 3259/246/2925 3279/253/2939 3280/256/2941
f 3279/253/2939 3278/254/2883 3280/256/2941
f 3260/247/2928 3279/253/2939 3259/246/2925
f 3259/242/2925 3280/256/2941 3281/257/2942
f 3280/256/2941 3282/258/2882 3281/257/2942
f 3280/256/2941 3278/254/2883 3282/258/2882
f 3282/258/2882 3283/260/2943 3285/259/2903
f 3282/258/2882 3284/261/2944 3283/260/2943
f 3278/254/2883 3284/261/2944 3282/258/2882
f 3282/258/2882 3285/259/2903 3281/257/2942
f 3285/262/2903 3283/263/2943 3287/213/2945
f 3281/257/2942 3285/259/2903 3286/264/2946
f 3286/265/2946 3285/262/2903 3288/210/2167
f 3285/262/2903 3287/213/2945 3288/210/2167
f 3286/265/2946 3288/210/2167 3291/205/2947
f 3288/210/2167 3289/211/2948 3290/209/2897
f 3288/210/2167 3287/213/2945 3289/211/2948
f 3288/210/2167 3290/209/2897 3291/205/2947
f 3258/244/2926 3286/265/2946 3291/205/2947
f 3261/203/2927 3291/205/2947 3266/204/2933
f 3291/205/2947 3290/209/2897 3266/204/2933
f 3258/244/2926 3291/205/2947 3261/203/2927
f 3290/209/2897 3289/211/2948 3292/212/2949
f 3266/204/2933 3290/209/2897 3267/208/2896
f 3290/209/2897 3292/212/2949 3267/208/2896
f 3289/211/2948 3293/232/2950 3292/212/2949
f 3267/208/2896 3292/212/2949 3269/214/2934
f 3292/212/2949 3294/231/2951 3269/214/2934
f 3293/232/2950 3294/231/2951 3292/212/2949
f 3293/232/2950 3295/233/2908 3294/231/2951
f 3294/224/2951 3295/230/2908 3296/225/2952
f 3269/214/2934 3294/224/2951 3270/223/2935
f 3294/224/2951 3296/225/2952 3270/223/2935
f 3270/223/2935 3296/225/2952 3272/222/2936
f 3272/222/2936 3296/226/2952 3275/227/2937
f 3296/226/2952 3295/228/2908 3297/229/2953
f 3296/226/2952 3297/229/2953 3275/227/2937
f 3275/227/2937 3297/229/2953 3277/255/2940
f 3277/255/2940 3297/237/2953 3284/261/2944
f 3297/237/2953 3295/239/2908 3298/238/2954
f 3297/237/2953 3298/238/2954 3284/261/2944
f 3284/261/2944 3298/238/2954 3283/260/2943
f 3283/263/2943 3298/235/2954 3287/213/2945
f 3298/235/2954 3295/236/2908 3293/234/2950
f 3298/235/2954 3293/234/2950 3287/213/2945
f 3287/213/2945 3293/234/2950 3289/211/2948
f 3258/241/2926 3281/257/2942 3286/264/2946
f 3278/254/2883 3277/255/2940 3284/261/2944
f 3259/242/2925 3281/257/2942 3258/241/2926
f 3260/249/2928 3264/219/2932 3274/251/2938
f 3300/55/2955 3299/57/2956 3302/63/2957 3303/62/2958
f 3306/54/2959 3301/56/2960 3299/57/2956 3300/55/2955
f 3302/63/2957 3299/66/2956 3301/67/2960 3304/61/2961
f 3303/62/2958 3302/63/2957 3304/61/2961 3305/58/2962
f 3305/58/2962 3304/61/2961 3301/60/2960 3306/59/2959
f 3300/64/2955 3303/62/2958 3305/58/2962 3306/65/2959
f 3307/66/2963 3308/67/2964 3311/67/2965 3310/66/2966
f 3309/63/2967 3314/61/2968 3308/67/2964 3307/66/2963
f 3309/63/2967 3307/66/2963 3310/66/2966 3312/63/2969
f 3312/63/2969 3310/66/2966 3311/67/2965 3313/61/2970
f 3314/61/2968 3309/63/2967 3312/63/2969 3313/61/2970
f 3308/67/2964 3314/61/2968 3313/61/2970 3311/67/2965
f 3316/266/2971 3326/266/2972 3318/53/2973 3315/53/2974
f 3315/53/2974 3317/267/2975 3325/268/2976 3316/266/2971
f 3315/53/2974 3319/53/2977 3320/267/2978 3317/267/2975
f 3318/53/2973 3321/53/2979 3319/53/2977 3315/53/2974
f 3323/267/2980 3322/267/2981 3321/53/2979 3318/53/2973
f 3317/267/2975 3320/267/2978 3322/267/2981 3323/267/2980
f 3317/267/2975 3323/267/2980 3324/268/2982 3325/268/2976
f 3326/266/2972 3324/268/2982 3323/267/2980 3318/53/2973
f 3325/268/2976 3324/268/2982 3327/269/2983 3330/270/2984
f 3329/271/2985 3327/269/2983 3324/268/2982 3326/266/2972
f 3335/272/2986 3328/273/2987 3327/269/2983 3329/271/2985
f 3330/270/2984 3327/269/2983 3328/273/2987 3331/273/2988
f 3333/272/2989 3332/271/2990 3330/270/2984 3331/273/2988
f 3332/271/2990 3316/266/2971 3325/268/2976 3330/270/2984
f 3332/271/2990 3329/271/2985 3326/266/2972 3316/266/2971
f 3333/272/2989 3335/272/2986 3329/271/2985 3332/271/2990
f 3334/274/2991 3336/274/2992 3335/272/2986 3333/272/2989
f 3333/272/2989 3331/273/2988 3342/275/2993 3334/274/2991
f 3328/273/2987 3335/272/2986 3336/274/2992 3337/275/2994
f 3334/274/2991 3339/274/2995 3338/274/2996 3336/274/2992
f 3336/274/2992 3338/274/2996 3340/275/2997 3337/275/2994
f 3337/275/2994 3340/275/2997 3341/275/2998 3342/275/2993
f 3342/275/2993 3341/275/2998 3339/274/2995 3334/274/2991
f 3331/273/2988 3328/273/2987 3337/275/2994 3342/275/2993
f 3344/266/2999 3354/266/3000 3346/53/3001 3343/53/3002
f 3343/53/3002 3345/267/3003 3353/268/3004 3344/266/2999
f 3343/53/3002 3347/53/3005 3348/267/3006 3345/267/3003
f 3346/53/3001 3349/53/3007 3347/53/3005 3343/53/3002
f 3351/267/3008 3350/267/3009 3349/53/3007 3346/53/3001
f 3345/267/3003 3348/267/3006 3350/267/3009 3351/267/3008
f 3345/267/3003 3351/267/3008 3352/268/3010 3353/268/3004
f 3354/266/3000 3352/268/3010 3351/267/3008 3346/53/3001
f 3353/268/3004 3352/268/3010 3355/269/3011 3358/270/3012
f 3357/271/3013 3355/269/3011 3352/268/3010 3354/266/3000
f 3363/272/3014 3356/273/3015 3355/269/3011 3357/271/3013
f 3358/270/3012 3355/269/3011 3356/273/3015 3359/273/3016
f 3361/272/3017 3360/271/3018 3358/270/3012 3359/273/3016
f 3360/271/3018 3344/266/2999 3353/268/3004 3358/270/3012
f 3360/271/3018 3357/271/3013 3354/266/3000 3344/266/2999
f 3361/272/3017 3363/272/3014 3357/271/3013 3360/271/3018
f 3362/274/3019 3364/274/3020 3363/272/3014 3361/272/3017
f 3361/272/3017 3359/273/3016 3370/275/3021 3362/274/3019
f 3356/273/3015 3363/272/3014 3364/274/3020 3365/275/3022
f 3362/274/3019 3367/274/3023 3366/274/3024 3364/274/3020
f 3364/274/3020 3366/274/3024 3368/275/3025 3365/275/3022
f 3365/275/3022 3368/275/3025 3369/275/3026 3370/275/3021
f 3370/275/3021 3369/275/3026 3367/274/3023 3362/274/3019
f 3359/273/3016 3356/273/3015 3365/275/3022 3370/275/3021
f 3372/266/3027 3382/266/3028 3374/53/3029 3371/53/3030
f 3371/53/3030 3373/267/3031 3381/268/3032 3372/266/3027
f 3371/53/3030 3375/53/3033 3376/267/3034 3373/267/3031
f 3374/53/3029 3377/53/3035 3375/53/3033 3371/53/3030
f 3379/267/3036 3378/267/3037 3377/53/3035 3374/53/3029
f 3373/267/3031 3376/267/3034 3378/267/3037 3379/267/3036
f 3373/267/3031 3379/267/3036 3380/268/3038 3381/268/3032
f 3382/266/3028 3380/268/3038 3379/267/3036 3374/53/3029
f 3381/268/3032 3380/268/3038 3383/269/3039 3386/270/3040
f 3385/271/3041 3383/269/3039 3380/268/3038 3382/266/3028
f 3391/272/3042 3384/273/3043 3383/269/3039 3385/271/3041
f 3386/270/3040 3383/269/3039 3384/273/3043 3387/273/3044
f 3389/272/3045 3388/271/3046 3386/270/3040 3387/273/3044
f 3388/271/3046 3372/266/3027 3381/268/3032 3386/270/3040
f 3388/271/3046 3385/271/3041 3382/266/3028 3372/266/3027
f 3389/272/3045 3391/272/3042 3385/271/3041 3388/271/3046
f 3390/274/3047 3392/274/3048 3391/272/3042 3389/272/3045
f 3389/272/3045 3387/273/3044 3398/275/3049 3390/274/3047
f 3384/273/3043 3391/272/3042 3392/274/3048 3393/275/3050
f 3390/274/3047 3395/274/3051 3394/274/3052 3392/274/3048
f 3392/274/3048 3394/274/3052 3396/275/3053 3393/275/3050
f 3393/275/3050 3396/275/3053 3397/275/3054 3398/275/3049
f 3398/275/3049 3397/275/3054 3395/274/3051 3390/274/3047
f 3387/273/3044 3384/273/3043 3393/275/3050 3398/275/3049
f 3400/266/3055 3410/266/3056 3402/53/3057 3399/53/3058
f 3399/53/3058 3401/267/3059 3409/268/3060 3400/266/3055
f 3399/53/3058 3403/53/3061 3404/267/3062 3401/267/3059
f 3402/53/3057 3405/53/3063 3403/53/3061 3399/53/3058
f 3407/267/3064 3406/267/3065 3405/53/3063 3402/53/3057
f 3401/267/3059 3404/267/3062 3406/267/3065 3407/267/3064
f 3401/267/3059 3407/267/3064 3408/268/3066 3409/268/3060
f 3410/266/3056 3408/268/3066 3407/267/3064 3402/53/3057
f 3409/268/3060 3408/268/3066 3411/269/3067 3414/270/3068
f 3413/271/3069 3411/269/3067 3408/268/3066 3410/266/3056
f 3419/272/3070 3412/273/3071 3411/269/3067 3413/271/3069
f 3414/270/3068 3411/269/3067 3412/273/3071 3415/273/3072
f 3417/272/3073 3416/271/3074 3414/270/3068 3415/273/3072
f 3416/271/3074 3400/266/3055 3409/268/3060 3414/270/3068
f 3416/271/3074 3413/271/3069 3410/266/3056 3400/266/3055
f 3417/272/3073 3419/272/3070 3413/271/3069 3416/271/3074
f 3418/274/3075 3420/274/3076 3419/272/3070 3417/272/3073
f 3417/272/3073 3415/273/3072 3426/275/3077 3418/274/3075
f 3412/273/3071 3419/272/3070 3420/274/3076 3421/275/3078
f 3418/274/3075 3423/274/3079 3422/274/3080 3420/274/3076
f 3420/274/3076 3422/274/3080 3424/275/3081 3421/275/3078
f 3421/275/3078 3424/275/3081 3425/275/3082 3426/275/3077
f 3426/275/3077 3425/275/3082 3423/274/3079 3418/274/3075
f 3415/273/3072 3412/273/3071 3421/275/3078 3426/275/3077
f 3427/276/3083 3430/277/3084 3456/277/3085 3428/278/3086
f 3427/276/3083 3428/278/3086 3460/278/3087 3429/276/3088
f 3429/276/3088 3433/276/3089 3431/276/3090 3427/276/3083
f 3427/276/3083 3431/276/3090 3434/279/3091 3430/277/3084
f 3431/276/3090 3432/278/3092 3435/279/3093 3434/279/3091
f 3431/276/3090 3433/276/3089 3458/278/3094 3432/278/3092
f 3434/279/3091 3436/279/3095 3437/277/3096 3430/277/3084
f 3435/279/3093 3438/279/3097 3436/279/3095 3434/279/3091
f 3436/279/3095 3439/279/3098 3440/277/3099 3437/277/3096
f 3438/279/3097 3441/279/3100 3439/279/3098 3436/279/3095
f 3439/279/3098 3442/279/3101 3443/277/3102 3440/277/3099
f 3441/279/3100 3444/279/3103 3442/279/3101 3439/279/3098
f 3442/279/3101 3445/279/3104 3447/277/3105 3443/277/3102
f 3444/279/3103 3452/279/3106 3451/279/3107 3446/279/3108 3445/279/3104 3442/279/3101
f 3448/277/3109 3447/277/3105 3445/279/3104 3446/279/3108
f 3443/277/3102 3447/277/3105 3448/277/3109 3449/277/3110 3450/277/3111 3453/277/3112
f 3446/279/3108 3451/279/3107 3449/277/3110 3448/277/3109
f 3450/277/3111 3449/277/3110 3451/279/3107 3452/279/3106
f 3453/277/3112 3450/277/3111 3452/279/3106 3444/279/3103
f 3454/277/3113 3453/277/3112 3444/279/3103 3441/279/3100
f 3440/277/3099 3443/277/3102 3453/277/3112 3454/277/3113
f 3455/277/3114 3454/277/3113 3441/279/3100 3438/279/3097
f 3437/277/3096 3440/277/3099 3454/277/3113 3455/277/3114
f 3456/277/3085 3455/277/3114 3438/279/3097 3435/279/3093
f 3430/277/3084 3437/277/3096 3455/277/3114 3456/277/3085
f 3456/277/3085 3435/279/3093 3432/278/3092 3428/278/3086
f 3462/276/3115 3457/276/3116 3433/276/3089 3429/276/3088
f 3433/276/3089 3457/276/3116 3459/278/3117 3458/278/3094
f 3460/278/3087 3458/278/3094 3459/278/3117 3461/278/3118
f 3428/278/3086 3432/278/3092 3458/278/3094 3460/278/3087
f 3429/276/3088 3460/278/3087 3461/278/3118 3462/276/3115
f 3461/278/3118 3463/276/3119 3464/280/3120 3462/276/3115
f 3461/278/3118 3459/278/3117 3466/276/3121 3463/276/3119
f 3463/276/3119 3465/276/3122 3472/281/3123 3464/280/3120
f 3463/276/3119 3466/276/3121 3468/276/3124 3465/276/3122
f 3459/278/3117 3457/276/3116 3467/280/3125 3466/276/3121
f 3466/276/3121 3467/280/3125 3470/281/3126 3468/276/3124
f 3465/276/3122 3468/276/3124 3469/276/3127 3474/276/3128
f 3468/276/3124 3470/281/3126 3471/281/3129 3469/276/3127
f 3473/281/3130 3471/281/3129 3470/281/3126 3472/281/3123
f 3472/281/3123 3470/281/3126 3467/280/3125 3464/280/3120
f 3465/276/3122 3474/276/3128 3473/281/3130 3472/281/3123
f 3474/276/3128 3477/276/3131 3475/281/3132 3473/281/3130
f 3475/281/3132 3478/281/3133 3471/281/3129 3473/281/3130
f 3476/280/3134 3479/280/3135 3478/281/3133 3475/281/3132
f 3477/276/3131 3483/282/3136 3476/280/3134 3475/281/3132
f 3480/276/3137 3478/281/3133 3479/280/3135 3481/282/3138
f 3469/276/3127 3471/281/3129 3478/281/3133 3480/276/3137
f 3477/276/3131 3480/276/3137 3481/282/3138 3483/282/3136
f 3474/276/3128 3469/276/3127 3480/276/3137 3477/276/3131
f 3483/282/3136 3481/282/3138 3482/276/3139 3484/276/3140
f 3481/282/3138 3479/280/3135 3534/278/3141 3482/276/3139
f 3483/282/3136 3484/276/3140 3485/278/3142 3476/280/3134
f 3484/276/3140 3486/283/3143 3487/283/3144 3485/278/3142
f 3484/276/3140 3482/276/3139 3489/283/3145 3486/283/3143
f 3488/276/3146 3499/278/3147 3487/283/3144 3486/283/3143
f 3486/283/3143 3489/283/3145 3491/276/3148 3488/276/3146
f 3491/276/3148 3489/283/3145 3490/283/3149 3492/278/3150
f 3482/276/3139 3534/278/3141 3490/283/3149 3489/283/3145
f 3493/282/3151 3491/276/3148 3492/278/3150 3495/280/3152
f 3488/276/3146 3491/276/3148 3493/282/3151 3496/282/3153
f 3496/282/3153 3493/282/3151 3494/276/3154 3497/276/3155
f 3494/276/3154 3493/282/3151 3495/280/3152 3502/281/3156
f 3496/282/3153 3498/280/3157 3499/278/3147 3488/276/3146
f 3497/276/3155 3500/281/3158 3498/280/3157 3496/282/3153
f 3498/280/3157 3495/280/3152 3492/278/3150 3499/278/3147
f 3500/281/3158 3502/281/3156 3495/280/3152 3498/280/3157
f 3501/281/3159 3503/281/3160 3502/281/3156 3500/281/3158
f 3507/276/3161 3501/281/3159 3500/281/3158 3497/276/3155
f 3505/276/3162 3494/276/3154 3502/281/3156 3503/281/3160
f 3509/281/3163 3504/281/3164 3503/281/3160 3501/281/3159
f 3506/276/3165 3505/276/3162 3503/281/3160 3504/281/3164
f 3507/276/3161 3505/276/3162 3506/276/3165 3508/276/3166
f 3497/276/3155 3494/276/3154 3505/276/3162 3507/276/3161
f 3508/276/3166 3509/281/3163 3501/281/3159 3507/276/3161
f 3510/276/3167 3512/280/3168 3509/281/3163 3508/276/3166
f 3508/276/3166 3506/276/3165 3513/276/3169 3510/276/3167
f 3510/276/3167 3513/276/3169 3514/278/3170 3511/278/3171
f 3511/278/3171 3518/276/3172 3512/280/3168 3510/276/3167
f 3514/278/3170 3513/276/3169 3515/280/3173 3516/276/3174
f 3513/276/3169 3506/276/3165 3504/281/3164 3515/280/3173
f 3518/276/3172 3516/276/3174 3515/280/3173 3512/280/3168
f 3512/280/3168 3515/280/3173 3504/281/3164 3509/281/3163
f 3517/276/3175 3523/278/3176 3514/278/3170 3516/276/3174
f 3519/276/3177 3517/276/3175 3516/276/3174 3518/276/3172
f 3519/276/3177 3518/276/3172 3511/278/3171 3521/278/3178
f 3520/276/3179 3525/276/3180 3517/276/3175 3519/276/3177
f 3520/276/3179 3519/276/3177 3521/278/3178 3522/278/3181
f 3511/278/3171 3514/278/3170 3523/278/3176 3521/278/3178
f 3521/278/3178 3523/278/3176 3524/278/3182 3522/278/3181
f 3525/276/3180 3524/278/3182 3523/278/3176 3517/276/3175
f 3525/276/3180 3528/284/3183 3526/285/3184 3524/278/3182
f 3522/278/3181 3524/278/3182 3526/285/3184 3529/285/3185
f 3528/284/3183 3533/277/3186 3527/286/3187 3526/285/3184
f 3529/285/3185 3526/285/3184 3527/286/3187 3530/279/3188
f 3520/276/3179 3522/278/3181 3529/285/3185 3531/284/3189
f 3531/284/3189 3529/285/3185 3530/279/3188 3532/277/3190
f 3531/284/3189 3528/284/3183 3525/276/3180 3520/276/3179
f 3532/277/3190 3533/277/3186 3528/284/3183 3531/284/3189
f 3527/286/3187 3533/277/3186 3532/277/3190 3530/279/3188
f 3499/278/3147 3492/278/3150 3490/283/3149 3487/283/3144
f 3487/283/3144 3490/283/3149 3534/278/3141 3485/278/3142
f 3485/278/3142 3534/278/3141 3479/280/3135 3476/280/3134
f 3464/280/3120 3467/280/3125 3457/276/3116 3462/276/3115
f 3535/275/3191 3539/275/3192 3540/274/3193 3536/274/3194
f 3557/287/3195 3538/288/3196 3535/275/3191 3536/274/3194
f 3537/270/3197 3541/270/3198 3539/275/3192 3535/275/3191
f 3538/288/3196 3546/289/3199 3537/270/3197 3535/275/3191
f 3543/287/3200 3540/274/3193 3539/275/3192 3542/288/3201
f 3542/288/3201 3539/275/3192 3541/270/3198 3544/289/3202
f 3557/287/3195 3543/287/3200 3542/288/3201 3538/288/3196
f 3538/288/3196 3542/288/3201 3544/289/3202 3546/289/3199
f 3546/289/3199 3544/289/3202 3545/290/3203 3547/290/3204
f 3544/289/3202 3541/270/3198 3551/267/3205 3545/290/3203
f 3546/289/3199 3547/290/3204 3549/267/3206 3537/270/3197
f 3547/290/3204 3545/290/3203 3554/291/3207 3548/291/3208
f 3547/290/3204 3548/291/3208 3550/53/3209 3549/267/3206
f 3549/267/3206 3551/267/3205 3541/270/3198 3537/270/3197
f 3550/53/3209 3552/53/3210 3551/267/3205 3549/267/3206
f 3545/290/3203 3551/267/3205 3552/53/3210 3554/291/3207
f 3558/271/3211 3553/271/3212 3552/53/3210 3550/53/3209
f 3554/291/3207 3552/53/3210 3553/271/3212 3555/292/3213
f 3548/291/3208 3554/291/3207 3555/292/3213 3556/292/3214
f 3556/292/3214 3555/292/3213 3543/287/3200 3557/287/3195
f 3555/292/3213 3553/271/3212 3540/274/3193 3543/287/3200
f 3556/292/3214 3557/287/3195 3536/274/3194 3558/271/3211
f 3548/291/3208 3556/292/3214 3558/271/3211 3550/53/3209
f 3536/274/3194 3540/274/3193 3553/271/3212 3558/271/3211
f 3559/54/3215 3562/293/3216 3565/294/3217 3560/55/3218
f 3561/58/3219 3564/295/3220 3562/296/3216 3559/59/3215
f 3562/293/3216 3563/297/3221 3566/298/3222 3565/294/3217
f 3564/295/3220 3571/299/3223 3563/300/3221 3562/296/3216
f 3560/55/3218 3565/294/3217 3567/301/3224 3568/62/3225
f 3565/294/3217 3566/298/3222 3569/302/3226 3567/301/3224
f 3568/62/3225 3567/301/3224 3564/295/3220 3561/58/3219
f 3567/301/3224 3569/302/3226 3571/299/3223 3564/295/3220
f 3569/302/3226 3570/63/3227 3572/61/3228 3571/299/3223
f 3566/298/3222 3574/57/3229 3570/63/3227 3569/302/3226
f 3571/299/3223 3572/61/3228 3573/60/3230 3563/300/3221
f 3570/63/3227 3574/66/3229 3573/67/3230 3572/61/3228
f 3563/297/3221 3573/56/3230 3574/57/3229 3566/298/3222
f 3579/53/3231 3581/53/3232 3576/53/3233 3575/53/3234
f 3575/53/3234 3576/53/3233 3816/53/3235 3577/53/3236
f 3577/53/3236 3809/53/3237 3578/53/3238 3575/53/3234
f 3578/53/3238 3580/53/3239 3579/53/3231 3575/53/3234
f 3579/53/3231 3580/53/3239 3583/53/3240 3582/53/3241
f 3581/53/3232 3579/53/3231 3582/53/3241 3585/53/3242
f 3813/53/3243 3584/53/3244 3582/53/3241 3583/53/3240
f 3582/53/3241 3584/53/3244 3586/53/3245 3585/53/3242
f 3589/53/3246 3587/53/3247 3585/53/3242 3586/53/3245
f 3590/53/3248 3581/53/3232 3585/53/3242 3587/53/3247
f 3591/53/3249 3590/53/3248 3587/53/3247 3588/53/3250
f 3589/53/3246 3601/53/3251 3588/53/3250 3587/53/3247
f 3592/53/3252 3590/53/3248 3591/53/3249 3594/53/3253
f 3592/53/3252 3576/53/3233 3581/53/3232 3590/53/3248
f 3576/53/3233 3592/53/3252 3593/53/3254 3816/53/3235
f 3593/53/3254 3592/53/3252 3594/53/3253 3596/53/3255
f 3596/53/3255 3594/53/3253 3595/53/3256 3597/53/3257
f 3594/53/3253 3591/53/3249 3649/53/3258 3595/53/3256
f 3593/53/3254 3596/53/3255 3598/53/3259 3599/53/3260
f 3596/53/3255 3597/53/3257 3600/53/3261 3598/53/3259
f 3599/53/3260 3598/53/3259 3601/53/3251 3589/53/3246
f 3598/53/3259 3600/53/3261 3602/53/3262 3601/53/3251
f 3601/53/3251 3602/53/3262 3604/53/3263 3588/53/3250
f 3604/53/3263 3602/53/3262 3603/53/3264 3606/53/3265
f 3602/53/3262 3600/53/3261 3644/53/3266 3603/53/3264
f 3588/53/3250 3604/53/3263 3605/53/3267 3654/53/3268
f 3605/53/3267 3604/53/3263 3606/53/3265 3607/53/3269
f 3606/53/3265 3603/53/3264 3610/53/3270 3608/53/3271
f 3607/53/3269 3606/53/3265 3608/53/3271 3609/53/3272
f 3608/53/3271 3611/53/3273 3612/53/3274 3609/53/3272
f 3610/53/3270 3613/53/3275 3611/53/3273 3608/53/3271
f 3611/53/3273 3614/53/3276 3615/53/3277 3612/53/3274
f 3613/53/3275 3616/53/3278 3614/53/3276 3611/53/3273
f 3614/53/3276 3617/53/3279 3618/53/3280 3615/53/3277
f 3616/53/3278 3619/53/3281 3617/53/3279 3614/53/3276
f 3617/53/3279 3620/53/3282 3621/53/3283 3618/53/3280
f 3619/53/3281 3622/53/3284 3620/53/3282 3617/53/3279
f 3620/53/3282 3623/53/3285 3624/53/3286 3621/53/3283
f 3622/53/3284 3625/53/3287 3623/53/3285 3620/53/3282
f 3626/53/3288 3627/53/3289 3624/53/3286 3623/53/3285
f 3628/53/3290 3626/53/3288 3623/53/3285 3625/53/3287
f 3629/53/3291 3630/53/3292 3627/53/3289 3626/53/3288
f 3631/53/3293 3629/53/3291 3626/53/3288 3628/53/3290
f 3634/53/3294 3633/53/3295 3632/53/3296 3846/53/3297
f 3635/53/3298 3633/53/3295 3634/53/3294 3637/53/3299
f 3638/53/3300 3640/53/3301 3636/53/3302 3635/53/3298
f 3639/53/3303 3638/53/3300 3635/53/3298 3637/53/3299
f 3638/53/3300 3639/53/3303 3642/53/3304 3641/53/3305
f 3640/53/3301 3638/53/3300 3641/53/3305 3643/53/3306
f 3642/53/3304 3799/53/3307 3613/53/3275 3641/53/3305
f 3641/53/3305 3613/53/3275 3610/53/3270 3643/53/3306
f 3645/53/3308 3640/53/3301 3643/53/3306 3644/53/3266
f 3603/53/3264 3644/53/3266 3643/53/3306 3610/53/3270
f 3597/53/3257 3645/53/3308 3644/53/3266 3600/53/3261
f 3646/53/3309 3636/53/3302 3640/53/3301 3645/53/3308
f 3595/53/3256 3646/53/3309 3645/53/3308 3597/53/3257
f 3649/53/3258 3647/53/3310 3646/53/3309 3595/53/3256
f 3650/53/3311 3648/53/3312 3647/53/3310 3649/53/3258
f 3591/53/3249 3652/53/3313 3650/53/3311 3649/53/3258
f 3652/53/3313 3653/53/3314 3651/53/3315 3650/53/3311
f 3651/53/3315 3731/53/3316 3648/53/3312 3650/53/3311
f 3653/53/3314 3652/53/3313 3654/53/3268 3655/53/3317
f 3652/53/3313 3591/53/3249 3588/53/3250 3654/53/3268
f 3654/53/3268 3605/53/3267 3656/53/3318 3655/53/3317
f 3657/53/3319 3655/53/3317 3656/53/3318 3658/53/3320
f 3660/53/3321 3653/53/3314 3655/53/3317 3657/53/3319
f 3659/53/3322 3657/53/3319 3658/53/3320 3678/53/3323
f 3662/53/3324 3660/53/3321 3657/53/3319 3659/53/3322
f 3662/53/3324 3664/53/3325 3661/53/3326 3660/53/3321
f 3660/53/3321 3661/53/3326 3651/53/3315 3653/53/3314
f 3663/53/3327 3662/53/3324 3659/53/3322 3759/53/3328
f 3666/53/3329 3665/53/3330 3662/53/3324 3663/53/3327
f 3665/53/3330 3667/53/3331 3664/53/3325 3662/53/3324
f 3669/53/3332 3668/53/3333 3665/53/3330 3666/53/3329
f 3668/53/3333 3670/53/3334 3667/53/3331 3665/53/3330
f 3668/53/3333 3669/53/3332 3672/53/3335 3671/53/3336
f 3670/53/3334 3668/53/3333 3671/53/3336 3673/53/3337
f 3672/53/3335 3675/53/3338 3674/53/3339 3671/53/3336
f 3671/53/3336 3674/53/3339 3676/53/3340 3673/53/3337
f 3675/53/3338 3759/53/3328 3659/53/3322 3674/53/3339
f 3674/53/3339 3659/53/3322 3678/53/3323 3676/53/3340
f 3678/53/3323 3679/53/3341 3677/53/3342 3676/53/3340
f 3676/53/3340 3677/53/3342 3717/53/3343 3673/53/3337
f 3658/53/3320 3680/53/3344 3679/53/3341 3678/53/3323
f 3679/53/3341 3681/53/3345 3683/53/3346 3677/53/3342
f 3680/53/3344 3682/53/3347 3681/53/3345 3679/53/3341
f 3681/53/3345 3682/53/3347 3685/53/3348 3684/53/3349
f 3683/53/3346 3681/53/3345 3684/53/3349 3686/53/3350
f 3684/53/3349 3685/53/3348 3688/53/3351 3687/53/3352
f 3686/53/3350 3684/53/3349 3687/53/3352 3689/53/3353
f 3688/53/3351 3691/53/3354 3690/53/3355 3687/53/3352
f 3687/53/3352 3690/53/3355 3692/53/3356 3689/53/3353
f 3691/53/3354 3694/53/3357 3693/53/3358 3690/53/3355
f 3690/53/3355 3693/53/3358 3695/53/3359 3692/53/3356
f 3694/53/3357 3697/53/3360 3696/53/3361 3693/53/3358
f 3693/53/3358 3696/53/3361 3698/53/3362 3695/53/3359
f 3700/53/3363 3699/53/3364 3696/53/3361 3697/53/3360
f 3699/53/3364 3701/53/3365 3698/53/3362 3696/53/3361
f 3703/53/3366 3702/53/3367 3699/53/3364 3700/53/3363
f 3702/53/3367 3704/53/3368 3701/53/3365 3699/53/3364
f 3706/53/3369 3707/53/3370 3795/53/3371 3705/53/3372
f 3708/53/3373 3710/53/3374 3707/53/3370 3706/53/3369
f 3711/53/3375 3708/53/3373 3709/53/3376 3713/53/3377
f 3712/53/3378 3710/53/3374 3708/53/3373 3711/53/3375
f 3712/53/3378 3711/53/3375 3714/53/3379 3715/53/3380
f 3711/53/3375 3713/53/3377 3716/53/3381 3714/53/3379
f 3715/53/3380 3714/53/3379 3686/53/3350 3732/53/3382
f 3714/53/3379 3716/53/3381 3683/53/3346 3686/53/3350
f 3713/53/3377 3718/53/3383 3717/53/3343 3716/53/3381
f 3677/53/3342 3683/53/3346 3716/53/3381 3717/53/3343
f 3718/53/3383 3670/53/3334 3673/53/3337 3717/53/3343
f 3719/53/3384 3718/53/3383 3713/53/3377 3709/53/3376
f 3667/53/3331 3670/53/3334 3718/53/3383 3719/53/3384
f 3664/53/3325 3667/53/3331 3719/53/3384 3720/53/3385
f 3661/53/3326 3664/53/3325 3720/53/3385 3721/53/3386
f 3630/53/3292 3722/53/3387 3723/53/3388 3627/53/3289
f 3722/53/3387 3703/53/3366 3700/53/3363 3723/53/3388
f 3627/53/3289 3723/53/3388 3724/53/3389 3624/53/3286
f 3723/53/3388 3700/53/3363 3697/53/3360 3724/53/3389
f 3621/53/3283 3624/53/3286 3724/53/3389 3725/53/3390
f 3725/53/3390 3724/53/3389 3697/53/3360 3694/53/3357
f 3618/53/3280 3621/53/3283 3725/53/3390 3726/53/3391
f 3726/53/3391 3725/53/3390 3694/53/3357 3691/53/3354
f 3615/53/3277 3618/53/3280 3726/53/3391 3727/53/3392
f 3727/53/3392 3726/53/3391 3691/53/3354 3688/53/3351
f 3685/53/3348 3728/53/3393 3727/53/3392 3688/53/3351
f 3612/53/3274 3615/53/3277 3727/53/3392 3728/53/3393
f 3609/53/3272 3612/53/3274 3728/53/3393 3729/53/3394
f 3682/53/3347 3729/53/3394 3728/53/3393 3685/53/3348
f 3730/53/3395 3607/53/3269 3609/53/3272 3729/53/3394
f 3730/53/3395 3729/53/3394 3682/53/3347 3680/53/3344
f 3656/53/3318 3605/53/3267 3607/53/3269 3730/53/3395
f 3656/53/3318 3730/53/3395 3680/53/3344 3658/53/3320
f 3651/53/3315 3661/53/3326 3721/53/3386 3731/53/3316
f 3733/53/3396 3715/53/3380 3732/53/3382 3734/53/3397
f 3736/53/3398 3712/53/3378 3715/53/3380 3733/53/3396
f 3734/53/3397 3768/53/3399 3735/53/3400 3733/53/3396
f 3738/53/3401 3736/53/3398 3733/53/3396 3735/53/3400
f 3736/53/3398 3737/53/3402 3710/53/3374 3712/53/3378
f 3737/53/3402 3736/53/3398 3738/53/3401 3739/53/3403
f 3740/53/3404 3741/53/3405 3739/53/3403 3738/53/3401
f 3740/53/3404 3738/53/3401 3735/53/3400 3743/53/3406
f 3742/53/3407 3764/53/3408 3741/53/3405 3740/53/3404
f 3742/53/3407 3740/53/3404 3743/53/3406 3745/53/3409
f 3743/53/3406 3735/53/3400 3768/53/3399 3744/53/3410
f 3745/53/3409 3743/53/3406 3744/53/3410 3746/53/3411
f 3747/53/3412 3745/53/3409 3746/53/3411 3748/53/3413
f 3750/53/3414 3742/53/3407 3745/53/3409 3747/53/3412
f 3748/53/3413 3757/53/3415 3749/53/3416 3747/53/3412
f 3752/53/3417 3750/53/3414 3747/53/3412 3749/53/3416
f 3750/53/3414 3751/53/3418 3764/53/3408 3742/53/3407
f 3751/53/3418 3750/53/3414 3752/53/3417 3753/53/3419
f 3669/53/3332 3752/53/3417 3749/53/3416 3672/53/3335
f 3753/53/3419 3752/53/3417 3669/53/3332 3666/53/3329
f 3755/53/3420 3751/53/3418 3753/53/3419 3754/53/3421
f 3666/53/3329 3663/53/3327 3754/53/3421 3753/53/3419
f 3755/53/3420 3754/53/3421 3756/53/3422 3758/53/3423
f 3754/53/3421 3663/53/3327 3759/53/3328 3756/53/3422
f 3675/53/3338 3757/53/3415 3756/53/3422 3759/53/3328
f 3758/53/3423 3756/53/3422 3757/53/3415 3748/53/3413
f 3762/53/3424 3755/53/3420 3758/53/3423 3760/53/3425
f 3746/53/3411 3760/53/3425 3758/53/3423 3748/53/3413
f 3763/53/3426 3762/53/3424 3760/53/3425 3761/53/3427
f 3761/53/3427 3760/53/3425 3746/53/3411 3744/53/3410
f 3763/53/3426 3741/53/3405 3764/53/3408 3762/53/3424
f 3764/53/3408 3751/53/3418 3755/53/3420 3762/53/3424
f 3741/53/3405 3763/53/3426 3765/53/3428 3739/53/3403
f 3765/53/3428 3763/53/3426 3761/53/3427 3767/53/3429
f 3765/53/3428 3766/53/3430 3798/53/3431 3739/53/3403
f 3766/53/3430 3765/53/3428 3767/53/3429 3769/53/3432
f 3744/53/3410 3768/53/3399 3767/53/3429 3761/53/3427
f 3767/53/3429 3768/53/3399 3770/53/3433 3769/53/3432
f 3770/53/3433 3772/53/3434 3771/53/3435 3769/53/3432
f 3774/53/3436 3766/53/3430 3769/53/3432 3771/53/3435
f 3772/53/3434 3783/53/3437 3773/53/3438 3771/53/3435
f 3776/53/3439 3774/53/3436 3771/53/3435 3773/53/3438
f 3775/53/3440 3774/53/3436 3776/53/3439 3777/53/3441
f 3798/53/3431 3766/53/3430 3774/53/3436 3775/53/3440
f 3777/53/3441 3776/53/3439 3778/53/3442 3779/53/3443
f 3778/53/3442 3776/53/3439 3773/53/3438 3780/53/3444
f 3779/53/3443 3778/53/3442 3780/53/3444 3781/53/3445
f 3783/53/3437 3781/53/3445 3780/53/3444 3773/53/3438
f 3792/53/3446 3779/53/3443 3781/53/3445 3782/53/3447
f 3784/53/3448 3782/53/3447 3781/53/3445 3783/53/3437
f 3786/53/3449 3784/53/3448 3783/53/3437 3772/53/3434
f 3785/53/3450 3790/53/3451 3782/53/3447 3784/53/3448
f 3787/53/3452 3785/53/3450 3784/53/3448 3786/53/3449
f 3788/53/3453 3786/53/3449 3772/53/3434 3770/53/3433
f 3789/53/3454 3787/53/3452 3786/53/3449 3788/53/3453
f 3768/53/3399 3734/53/3397 3788/53/3453 3770/53/3433
f 3734/53/3397 3732/53/3382 3789/53/3454 3788/53/3453
f 3689/53/3353 3692/53/3356 3787/53/3452 3789/53/3454
f 3686/53/3350 3689/53/3353 3789/53/3454 3732/53/3382
f 3692/53/3356 3695/53/3359 3785/53/3450 3787/53/3452
f 3695/53/3359 3698/53/3362 3790/53/3451 3785/53/3450
f 3701/53/3365 3791/53/3455 3790/53/3451 3698/53/3362
f 3791/53/3455 3792/53/3446 3782/53/3447 3790/53/3451
f 3704/53/3368 3793/53/3456 3791/53/3455 3701/53/3365
f 3793/53/3456 3794/53/3457 3792/53/3446 3791/53/3455
f 3705/53/3372 3795/53/3371 3793/53/3456 3704/53/3368
f 3795/53/3371 3796/53/3458 3794/53/3457 3793/53/3456
f 3707/53/3370 3797/53/3459 3796/53/3458 3795/53/3371
f 3796/53/3458 3775/53/3440 3777/53/3441 3794/53/3457
f 3797/53/3459 3798/53/3431 3775/53/3440 3796/53/3458
f 3739/53/3403 3798/53/3431 3797/53/3459 3737/53/3402
f 3737/53/3402 3797/53/3459 3707/53/3370 3710/53/3374
f 3794/53/3457 3777/53/3441 3779/53/3443 3792/53/3446
f 3757/53/3415 3675/53/3338 3672/53/3335 3749/53/3416
f 3800/53/3460 3801/53/3461 3799/53/3307 3642/53/3304
f 3639/53/3303 3803/53/3462 3800/53/3460 3642/53/3304
f 3801/53/3461 3800/53/3460 3802/53/3463 3818/53/3464
f 3803/53/3462 3805/53/3465 3802/53/3463 3800/53/3460
f 3803/53/3462 3639/53/3303 3637/53/3299 3804/53/3466
f 3804/53/3466 3806/53/3467 3805/53/3465 3803/53/3462
f 3807/53/3468 3805/53/3465 3806/53/3467 3808/53/3469
f 3805/53/3465 3807/53/3468 3810/53/3470 3802/53/3463
f 3809/53/3237 3807/53/3468 3808/53/3469 3578/53/3238
f 3807/53/3468 3809/53/3237 3812/53/3471 3810/53/3470
f 3810/53/3470 3811/53/3472 3818/53/3464 3802/53/3463
f 3812/53/3471 3813/53/3243 3811/53/3472 3810/53/3470
f 3814/53/3473 3584/53/3244 3813/53/3243 3812/53/3471
f 3809/53/3237 3577/53/3236 3814/53/3473 3812/53/3471
f 3584/53/3244 3814/53/3473 3815/53/3474 3586/53/3245
f 3577/53/3236 3816/53/3235 3815/53/3474 3814/53/3473
f 3816/53/3235 3593/53/3254 3599/53/3260 3815/53/3474
f 3586/53/3245 3815/53/3474 3599/53/3260 3589/53/3246
f 3817/53/3475 3811/53/3472 3813/53/3243 3583/53/3240
f 3811/53/3472 3817/53/3475 3819/53/3476 3818/53/3464
f 3819/53/3476 3821/53/3477 3820/53/3478 3818/53/3464
f 3818/53/3464 3820/53/3478 3822/53/3479 3801/53/3461
f 3821/53/3477 3824/53/3480 3823/53/3481 3820/53/3478
f 3820/53/3478 3823/53/3481 3825/53/3482 3822/53/3479
f 3824/53/3480 3827/53/3483 3826/53/3484 3823/53/3481
f 3823/53/3481 3826/53/3484 3828/53/3485 3825/53/3482
f 3827/53/3483 3830/53/3486 3829/53/3487 3826/53/3484
f 3826/53/3484 3829/53/3487 3831/53/3488 3828/53/3485
f 3833/53/3489 3832/53/3490 3829/53/3487 3830/53/3486
f 3832/53/3490 3834/53/3491 3831/53/3488 3829/53/3487
f 3836/53/3492 3835/53/3493 3832/53/3490 3833/53/3489
f 3835/53/3493 3837/53/3494 3834/53/3491 3832/53/3490
f 3839/53/3495 3838/53/3496 3835/53/3493 3836/53/3492
f 3838/53/3496 3840/53/3497 3837/53/3494 3835/53/3493
f 3842/53/3498 3841/53/3499 3838/53/3496 3839/53/3495
f 3841/53/3499 3843/53/3500 3840/53/3497 3838/53/3496
f 3844/53/3501 3806/53/3467 3841/53/3499 3842/53/3498
f 3806/53/3467 3804/53/3466 3843/53/3500 3841/53/3499
f 3804/53/3466 3637/53/3299 3634/53/3294 3843/53/3500
f 3843/53/3500 3634/53/3294 3846/53/3297 3840/53/3497
f 3844/53/3501 3842/53/3498 3821/53/3477 3819/53/3476
f 3842/53/3498 3839/53/3495 3824/53/3480 3821/53/3477
f 3808/53/3469 3806/53/3467 3844/53/3501 3845/53/3502
f 3845/53/3502 3844/53/3501 3819/53/3476 3817/53/3475
f 3580/53/3239 3845/53/3502 3817/53/3475 3583/53/3240
f 3845/53/3502 3580/53/3239 3578/53/3238 3808/53/3469
f 3840/53/3497 3846/53/3297 3847/53/3503 3837/53/3494
f 3846/53/3297 3632/53/3296 3631/53/3293 3847/53/3503
f 3847/53/3503 3631/53/3293 3628/53/3290 3848/53/3504
f 3837/53/3494 3847/53/3503 3848/53/3504 3834/53/3491
f 3848/53/3504 3628/53/3290 3625/53/3287 3849/53/3505
f 3834/53/3491 3848/53/3504 3849/53/3505 3831/53/3488
f 3850/53/3506 3849/53/3505 3625/53/3287 3622/53/3284
f 3828/53/3485 3831/53/3488 3849/53/3505 3850/53/3506
f 3851/53/3507 3850/53/3506 3622/53/3284 3619/53/3281
f 3825/53/3482 3828/53/3485 3850/53/3506 3851/53/3507
f 3852/53/3508 3851/53/3507 3619/53/3281 3616/53/3278
f 3822/53/3479 3825/53/3482 3851/53/3507 3852/53/3508
f 3613/53/3275 3799/53/3307 3852/53/3508 3616/53/3278
f 3801/53/3461 3822/53/3479 3852/53/3508 3799/53/3307
f 3839/53/3495 3836/53/3492 3827/53/3483 3824/53/3480
f 3836/53/3492 3833/53/3489 3830/53/3486 3827/53/3483
f 3853/53/3509 3856/53/2908 3857/53/3510 3854/53/3511
f 3854/53/3511 3863/53/3512 3862/53/3513 3861/53/3514 3855/53/3515 3853/53/3509
f 3855/53/3515 3858/53/3516 3856/53/2908 3853/53/3509
f 3861/53/3514 3859/53/3517 3858/53/3516 3855/53/3515
f 3862/53/3513 3860/53/2872 3859/53/3517 3861/53/3514
f 3863/53/3512 3864/53/3518 3860/53/2872 3862/53/3513
f 3854/53/3511 3857/53/3510 3864/53/3518 3863/53/3512
f 3865/53/3519 3868/53/3520 3869/53/3521 3866/53/3522
f 3866/53/3522 3875/53/3523 3874/53/3524 3873/53/3525 3867/53/3526 3865/53/3519
f 3867/53/3526 3870/53/3527 3868/53/3520 3865/53/3519
f 3873/53/3525 3871/53/3528 3870/53/3527 3867/53/3526
f 3874/53/3524 3872/53/3529 3871/53/3528 3873/53/3525
f 3875/53/3523 3876/53/3530 3872/53/3529 3874/53/3524
f 3866/53/3522 3869/53/3521 3876/53/3530 3875/53/3523
f 3877/53/3531 3880/53/3532 3881/53/3533 3878/53/3534
f 3878/53/3534 3887/53/3535 3886/53/3536 3885/53/3537 3879/53/3538 3877/53/3531
f 3879/53/3538 3882/53/3539 3880/53/3532 3877/53/3531
f 3885/53/3537 3883/53/3540 3882/53/3539 3879/53/3538
f 3886/53/3536 3884/53/3541 3883/53/3540 3885/53/3537
f 3887/53/3535 3888/53/3542 3884/53/3541 3886/53/3536
f 3878/53/3534 3881/53/3533 3888/53/3542 3887/53/3535
f 3889/53/3543 3892/53/3544 3893/53/3545 3890/53/3546
f 3890/53/3546 3899/53/3547 3898/53/3548 3897/53/3549 3891/53/3550 3889/53/3543
f 3891/53/3550 3894/53/3551 3892/53/3544 3889/53/3543
f 3897/53/3549 3895/53/3552 3894/53/3551 3891/53/3550
f 3898/53/3548 3896/53/3553 3895/53/3552 3897/53/3549
f 3899/53/3547 3900/53/3554 3896/53/3553 3898/53/3548
f 3890/53/3546 3893/53/3545 3900/53/3554 3899/53/3547
f 3902/53/3555 3905/53/3556 3904/53/3557 3901/53/3558
f 3901/53/3558 3904/53/3557 3906/53/3559 3903/53/3560
f 3905/53/3556 3908/53/3561 3907/53/3562 3904/53/3557
f 3904/53/3557 3907/53/3562 3909/53/3563 3906/53/3559
f 3908/53/3561 3911/53/3564 3910/53/3565 3907/53/3562
f 3907/53/3562 3910/53/3565 3912/53/3566 3909/53/3563
f 3911/53/3564 3914/53/3567 3913/53/3568 3910/53/3565
f 3910/53/3565 3913/53/3568 3915/53/3569 3912/53/3566
f 3914/53/3567 3917/53/3570 3916/53/3571 3913/53/3568
f 3913/53/3568 3916/53/3571 3918/53/3572 3915/53/3569
f 3917/53/3570 3920/53/3573 3919/53/3574 3916/53/3571
f 3916/53/3571 3919/53/3574 3921/53/3575 3918/53/3572
f 3918/53/3572 3921/53/3575 3922/53/3576 3923/53/3577
f 3923/53/3577 3922/53/3576 3920/53/3573 3917/53/3570
f 3924/53/3578 3923/53/3577 3917/53/3570 3914/53/3567
f 3915/53/3569 3918/53/3572 3923/53/3577 3924/53/3578
f 3925/53/3579 3924/53/3578 3914/53/3567 3911/53/3564
f 3912/53/3566 3915/53/3569 3924/53/3578 3925/53/3579
f 3926/53/3580 3925/53/3579 3911/53/3564 3908/53/3561
f 3909/53/3563 3912/53/3566 3925/53/3579 3926/53/3580
f 3927/53/3581 3926/53/3580 3908/53/3561 3905/53/3556
f 3906/53/3559 3909/53/3563 3926/53/3580 3927/53/3581
f 3928/53/3582 3927/53/3581 3905/53/3556 3902/53/3555
f 3903/53/3560 3906/53/3559 3927/53/3581 3928/53/3582
f 3930/53/3583 3929/53/3584 3932/53/3585 3933/53/3586
f 3929/53/3584 3931/53/3587 3934/53/3588 3932/53/3585
f 3933/53/3586 3932/53/3585 3935/53/3589 3936/53/3590
f 3932/53/3585 3934/53/3588 3937/53/3591 3935/53/3589
f 3936/53/3590 3935/53/3589 3938/53/3592 3939/53/3593
f 3935/53/3589 3937/53/3591 3940/53/3594 3938/53/3592
f 3939/53/3593 3938/53/3592 3941/53/3595 3942/53/3596
f 3938/53/3592 3940/53/3594 3943/53/3597 3941/53/3595
f 3942/53/3596 3941/53/3595 3944/53/3598 3945/53/3599
f 3941/53/3595 3943/53/3597 3946/53/3600 3944/53/3598
f 3945/53/3599 3944/53/3598 3947/53/3601 3948/53/3602
f 3944/53/3598 3946/53/3600 3949/53/3603 3947/53/3601
f 3946/53/3600 3951/53/3604 3950/53/3605 3949/53/3603
f 3951/53/3604 3945/53/3599 3948/53/3602 3950/53/3605
f 3952/53/3606 3942/53/3596 3945/53/3599 3951/53/3604
f 3943/53/3597 3952/53/3606 3951/53/3604 3946/53/3600
f 3953/53/3607 3939/53/3593 3942/53/3596 3952/53/3606
f 3940/53/3594 3953/53/3607 3952/53/3606 3943/53/3597
f 3954/53/3608 3936/53/3590 3939/53/3593 3953/53/3607
f 3937/53/3591 3954/53/3608 3953/53/3607 3940/53/3594
f 3955/53/3609 3933/53/3586 3936/53/3590 3954/53/3608
f 3934/53/3588 3955/53/3609 3954/53/3608 3937/53/3591
f 3956/53/3610 3930/53/3583 3933/53/3586 3955/53/3609
f 3931/53/3587 3956/53/3610 3955/53/3609 3934/53/3588
